Date,Open,High,Low,Close,Volume
2000-05-26,32.37242601020485,32.5057373046875,32.216896166641746,32.5057373046875,74800
2000-05-30,32.97233129915,33.705543518066406,32.97233129915,33.705543518066406,57600
2000-05-31,33.81664188178302,34.261012997180956,33.81664188178302,33.82775115966797,36000
2000-06-01,34.5220623463488,34.59427261352539,34.5220623463488,34.59427261352539,7000
2000-06-02,36.1606833873651,36.393978118896484,36.1606833873651,36.393978118896484,29400
2000-06-05,36.30510298411051,36.66059970855713,36.216228802998856,36.26066589355469,48400
2000-06-06,36.832807504436346,37.26051466441849,36.50508383639808,36.61617660522461,151800
2000-06-07,36.39398379239169,36.660606384277344,36.06070555253462,36.660606384277344,131000
2000-06-08,37.060528047174614,37.060528047174614,36.571720123291016,36.571720123291016,91400
2000-06-09,36.927230926058186,37.21607208251953,36.905012375561164,37.21607208251953,41600
2000-06-12,37.327180095790546,37.327180095790546,36.0829407592642,36.110713958740234,85200
2000-06-13,36.02181120892197,36.571720123291016,35.682978443502655,36.571720123291016,168200
2000-06-14,36.87167685488932,36.87167685488932,36.393978118896484,36.393978118896484,43200
2000-06-15,36.17180054827434,36.43842315673828,35.821858374665425,36.43842315673828,26800
2000-06-16,36.59396124675477,36.616179802460145,36.23846435546875,36.23846435546875,30200
2000-06-19,36.43842797530325,37.14942169189453,36.271788822977165,37.14942169189453,59200
2000-06-20,37.20497541716604,37.449379555469314,37.06055478998684,37.39383316040039,47000
2000-06-21,37.08169918409964,37.659711281693525,37.08169918409964,37.593017578125,66800
2000-06-22,37.70417383705697,37.70417383705697,36.459224700927734,36.459224700927734,139600
2000-06-23,36.81493078410955,36.81493078410955,35.92568124826149,36.21468734741211,235800
2000-06-26,36.35918012425855,36.6593017578125,36.192445883395244,36.6593017578125,93600
2000-06-27,36.714881339928134,37.03723421878309,36.08129119873047,36.08129119873047,112800
2000-06-28,36.23689802793356,37.12614705929389,36.23689802793356,36.992759704589844,170600
2000-06-29,36.8149150806469,36.8816087673872,36.30359681563791,36.41475296020508,212200
2000-06-30,36.43699331362862,36.7649040222168,36.13687164814113,36.7649040222168,1171800
2000-07-03,36.68152940507865,37.28177261352539,36.6370669451937,37.28177261352539,15800
2000-07-05,37.07057933324209,37.08169494923407,36.731553045486805,36.85938262939453,138800
2000-07-06,36.87049149628368,37.292884826660156,36.52590746360813,37.292884826660156,154600
2000-07-07,37.29846643836578,37.6708397435916,37.29846643836578,37.526336669921875,71800
2000-07-10,37.504068860732644,37.90423082842274,37.504068860732644,37.770843505859375,44800
2000-07-11,37.70416342488583,37.91536009501343,37.59300728271341,37.72639465332031,253200
2000-07-12,37.9264846308117,38.48226547241211,37.88202216348367,38.48226547241211,45200
2000-07-13,38.515613027584166,38.60453796386719,38.415572474265765,38.60453796386719,102600
2000-07-14,38.80462797052978,38.80462797052978,38.32665632838347,38.63789367675781,54800
2000-07-17,38.671230202421135,38.83796445164112,38.57118965288915,38.771270751953125,46600
2000-07-18,38.515621333305866,38.515621333305866,38.10434341430664,38.10434341430664,235400
2000-07-19,37.98205448046433,37.98205448046433,37.4373893737793,37.4373893737793,35400
2000-07-20,37.79308550825743,38.05986022949219,37.79308550825743,38.05986022949219,150400
2000-07-21,37.837578328450526,37.837578328450526,37.01502227783203,37.01502227783203,150600
2000-07-24,37.215079520726995,37.215079520726995,36.39808180723433,36.47589111328125,37000
2000-07-25,36.76489213087263,36.76489213087263,36.32582539189471,36.54813766479492,36800
2000-07-26,36.28136805337352,36.481449127197266,35.90343713615088,36.481449127197266,15800
2000-07-27,36.40919083700443,36.40919083700443,35.48103713989258,35.48103713989258,275000
2000-07-28,35.686675640393275,35.686675640393275,34.76963756522354,34.85856246948242,171600
2000-07-31,35.03641489133313,35.7478141784668,34.63625279232044,35.7478141784668,166400
2000-08-01,35.481061249495674,35.61444869780205,35.3143269391127,35.514408111572266,263400
2000-08-02,35.303198194503786,35.770054090023045,35.21427326202393,35.56997299194336,388600
2000-08-03,34.88079647185879,35.614426990387365,34.88079647185879,35.547733306884766,1084200
2000-08-04,35.97011409966042,35.98122970970358,35.51437408789093,35.72557067871094,570400
2000-08-07,35.85896370023812,36.38695526123047,35.85896370023812,36.38695526123047,88200
2000-08-08,36.281381062600715,36.392537254581725,36.21468734741211,36.21468734741211,49600
2000-08-09,36.481464076399675,36.481464076399675,35.95347213745117,35.95347213745117,23000
2000-08-10,35.959010841834605,35.992357683418994,35.636658039852165,35.7478141784668,43000
2000-08-11,35.392133381664024,36.37030792236328,35.392133381664024,36.37030792236328,176000
2000-08-14,36.25915035794738,36.74823760986328,36.23691911922393,36.74823760986328,56800
2000-08-15,36.67042773453424,36.72600583052474,36.21468734741211,36.21468734741211,189200
2000-08-16,36.370297300866554,36.65930333076342,36.236909902452624,36.39252853393555,219400
2000-08-17,36.52591682230878,36.88161656007929,36.43699188786615,36.72599792480469,358800
2000-08-18,36.859383260744856,36.948308190203825,36.59260847236793,36.67041778564453,52200
2000-08-21,36.90383537843198,36.937182217629356,36.5703669864582,36.803794860839844,129200
2000-08-22,36.82604694539536,37.05947495199159,36.74823760986328,36.74823760986328,195600
2000-08-23,36.703773089446145,36.81492927687632,36.54815442704388,36.692657470703125,153000
2000-08-24,36.89272445337096,37.43738956280608,36.89272445337096,37.237308502197266,276200
2000-08-25,37.25956830400065,37.48188076404839,37.148412073976786,37.3929557800293,208600
2000-08-28,37.570781402135104,37.79309371812407,37.392931549343935,37.459625244140625,156000
2000-08-29,37.54855947477687,37.81533432006836,37.43740328923875,37.81533432006836,140200
2000-08-30,37.78197767758328,37.99317437539854,37.64859028948943,37.85978698730469,619000
2000-08-31,37.99317692823188,38.526726516457494,37.99317692823188,38.23772048950195,151200
2000-09-01,38.41558563338019,38.615666808554046,38.232177889470826,38.548973083496094,186800
2000-09-05,38.49893913036439,38.61565310780595,38.28218460083008,38.28218460083008,110400
2000-09-06,38.460028251498876,38.460028251498876,38.059866107841664,38.11544418334961,217800
2000-09-07,38.28217281473094,38.70456612685631,38.28217281473094,38.682334899902344,213800
2000-09-08,38.48781352851823,38.57118063363416,38.01539993286133,38.01539993286133,128600
2000-09-11,38.20992101018674,38.3544239841889,37.92647286887481,38.05986022949219,314600
2000-09-12,38.282183294243175,38.282183294243175,37.88202109952984,37.937599182128906,93000
2000-09-13,37.77085296586373,38.19324625977274,37.77085296586373,38.12655258178711,81200
2000-09-14,38.29330267975296,38.49338379680247,38.12101060673811,38.348880767822266,114000
2000-09-15,38.14880397231074,38.19326644780294,37.57079179091209,37.63748550415039,67000
2000-09-18,37.80422144922717,37.80422144922717,36.64263922592689,36.74823760986328,201400
2000-09-19,36.981657239368985,37.50409123102824,36.731555860383175,37.348472595214844,54800
2000-09-20,37.341701353694354,37.341701353694354,36.8509502008979,37.05171203613281,40400
2000-09-21,37.11862478431748,37.11862478431748,36.360191345214844,36.360191345214844,207400
2000-09-22,35.690989687831234,36.82863998413086,35.690989687831234,36.82863998413086,127600
2000-09-25,37.24688905495553,37.24688905495553,36.850942188223705,36.87324905395508,113800
2000-09-26,36.8509377745552,36.8509377745552,36.1594250197058,36.34903335571289,65200
2000-09-27,36.51632742640711,36.69478229470965,36.04788339711294,36.181724548339844,43600
2000-09-28,36.27094899849588,37.23014383670949,36.24864214179324,37.16322326660156,121000
2000-09-29,37.12978545834273,37.25804996202881,36.98479080200195,36.98479080200195,130400
2000-10-02,37.26362483915122,37.26362483915122,36.382503509521484,36.382503509521484,169600
2000-10-03,36.8230711580491,36.8230711580491,35.85272216796875,35.85272216796875,151000
2000-10-04,36.01444454034022,36.10367202758789,35.55715366819592,36.10367202758789,99800
2000-10-05,36.13711539279209,36.27095656091354,35.71328502707416,35.735591888427734,408800
2000-10-06,35.80252729771004,35.80252729771004,34.82102499172921,34.865638732910156,185600
2000-10-09,34.88794806340674,34.88794806340674,34.486424364467275,34.787567138671875,361800
2000-10-10,34.832171005269075,35.01620264842852,33.9510498046875,33.9510498046875,420400
2000-10-11,34.062588185641665,34.12950879111444,33.549530210350405,33.83951950073242,168200
2000-10-12,34.15179239269181,34.15179239269181,32.81338119506836,32.81338119506836,161400
2000-10-13,32.90262097463558,34.36372041452618,32.88031411295786,34.08488464355469,378800
2000-10-16,34.26335354099026,34.642570344503824,34.06259170383602,34.35258102416992,1098000
2000-10-17,34.35255745944135,34.44736159528721,33.24279139865745,33.48816680908203,265800
2000-10-18,32.70742011278407,33.415662628440266,32.56800229474152,33.214900970458984,343600
2000-10-19,33.75029198463266,34.33027056467261,33.75029198463266,34.24104309082031,150600
2000-10-20,34.5087276813339,34.99947881836644,34.49199752893506,34.676029205322266,264800
2000-10-23,34.865626253747635,35.06638801720492,34.737361793761046,35.02177429199219,143200
2000-10-24,35.13329708738025,35.356365640316,34.508705139160156,34.508705139160156,73800
2000-10-25,34.441805934433106,34.62026088746126,33.739139556884766,33.739139556884766,33000
2000-10-26,34.05699014787873,34.263328552246094,33.437974934776626,34.263328552246094,105800
2000-10-27,33.99565912766665,34.44179638655991,33.99565912766665,34.285648345947266,138800
2000-10-30,34.218738096365655,34.6425686203754,33.928748790464255,34.44180679321289,73600
2000-10-31,34.57563874697444,35.46233657935653,34.57563874697444,35.33407211303711,285000
2000-11-01,35.22252787400495,35.49021016310442,35.177914159155044,35.35636901855469,528200
2000-11-02,35.61291237958625,36.2709649415642,35.60175894633239,36.204044342041016,211800
2000-11-03,36.2598238350211,36.27097727206664,35.958681034791766,36.15944290161133,224200
2000-11-06,36.47172039104316,36.47172039104316,35.847128237557406,35.88058853149414,68200
2000-11-07,35.90288881661713,36.181724548339844,35.7355873775835,36.181724548339844,79400
2000-11-08,36.204037876452425,36.22634473897643,35.53483200073242,35.53483200073242,192600
2000-11-09,35.24482891644318,35.46789745388902,34.642543865339405,35.155601501464844,249000
2000-11-10,35.24483015139898,35.24483015139898,34.263328552246094,34.263328552246094,189000
2000-11-13,33.90642622120088,34.18526196315155,33.05876556567085,33.917579650878906,160800
2000-11-14,34.57562159328179,34.84330382497171,34.53100788800013,34.73176956176758,129600
2000-11-15,34.77638269544177,35.28944029774784,34.66484843407088,35.17790603637695,542200
2000-11-16,34.72063511688855,35.15004226497728,34.157386779785156,34.157386779785156,165400
2000-11-17,34.62023806958753,34.90465046352261,34.28563525319332,34.37486267089844,215400
2000-11-20,34.040276615719726,34.15181094276992,33.46029811505871,33.48260498046875,79800
2000-11-21,33.594133900805204,33.594133900805204,33.147996664406726,33.28741455078125,84400
2000-11-22,33.036461628438026,33.19260965774192,32.456483233880704,32.59032440185547,123400
2000-11-24,32.98627493067207,33.61644383467307,32.90262419120291,33.50490951538086,82200
2000-11-27,34.19642483913057,34.30238245034119,33.59413947014393,33.59971618652344,235600
2000-11-28,33.46029199369145,33.70566746831185,32.47879009520983,32.59032440185547,171000
2000-11-29,32.83570927794698,32.83570927794698,32.16650324646708,32.50110626220703,526800
2000-11-30,32.12188742103951,32.32264921742101,31.385760834307355,31.80959129333496,214600
2000-12-01,32.25572840372721,33.014161851671005,32.211114671495224,32.52341079711914,309200
2000-12-04,32.64609770040737,32.64609770040737,32.12188636049649,32.166500091552734,528200
2000-12-05,32.657248300219344,33.72797775268555,32.657248300219344,33.72797775268555,392400
2000-12-06,33.616452642607385,33.92874881845111,32.94724655151367,32.94724655151367,310800
2000-12-07,32.63493312983309,33.125684003965915,32.63493312983309,32.858001708984375,236200
2000-12-08,33.52720675816571,34.1741056244244,33.30413818359375,33.30413818359375,359600
2000-12-11,34.24104344760814,34.821022033691406,34.107202235435075,34.821022033691406,250800
2000-12-12,34.82102905603195,34.82102905603195,34.06259536743164,34.06259536743164,323200
2000-12-13,34.341429340713525,34.341429340713525,33.4114656750433,33.42827224731445,525400
2000-12-14,33.3442322941502,33.59072863503438,32.89605712890625,32.89605712890625,593800
2000-12-15,32.51511799015411,32.77281878745719,32.268621575342465,32.716796875,389000
2000-12-18,32.873646477456035,33.32182161688966,32.851237720484356,33.20977783203125,239600
2000-12-19,33.164969433794965,33.523509643890044,32.627159118652344,32.627159118652344,453800
2000-12-20,32.07815351892025,32.268628059549535,31.484321127546597,31.596364974975586,261400
2000-12-21,31.596357142900096,32.235006914937436,31.372269503588747,31.842853546142578,404600
2000-12-22,32.35826234559755,33.23220433415593,32.31344480772276,33.16497802734375,885600
2000-12-26,33.16497894994436,33.42267979989325,32.996913178238565,33.35545349121094,514000
2000-12-27,33.344242355586346,34.24059295654297,33.12015470534719,34.24059295654297,741200
2000-12-28,34.21817369527581,35.405837877233644,34.21817369527581,35.3386116027832,1201000
2000-12-29,35.47306599380453,35.573905410716804,34.285401750171154,34.33021926879883,1803800
2001-01-02,34.3302359350396,34.3302359350396,32.873665872521606,33.13136672973633,826000
2001-01-03,32.8064381654705,34.957680012386604,32.784029396231794,34.503902435302734,1409800
2001-01-04,34.37504780417994,34.621544235631035,33.92687247426886,34.06132507324219,506600
2001-01-05,34.01650444698917,34.01650444698917,32.851248695181894,33.00811004638672,263200
2001-01-08,32.89605631331468,33.164961405794095,32.51510743230218,33.12014389038086,423400
2001-01-09,33.120137101731906,33.38904213909373,32.87364081748356,33.06971740722656,327600
2001-01-10,32.76163869395666,34.12857437133789,32.76163869395666,34.12857437133789,1021800
2001-01-11,33.88206544945597,34.733598840381454,33.88206544945597,34.593544006347656,431200
2001-01-12,34.46467505068126,34.940861230672795,34.28540495939033,34.68876266479492,1014200
2001-01-16,34.59913883607851,35.383445739746094,34.44227745534499,35.383445739746094,445200
2001-01-17,35.92124969424404,35.988475988119724,35.11453416773575,35.36103057861328,1089600
2001-01-18,35.45066205901329,35.495479583740234,34.96887366819863,35.495479583740234,916200
2001-01-19,35.78680145342123,35.78680145342123,34.69997623708377,34.8680419921875,590800
2001-01-22,34.7784010175694,35.20416752487212,34.610335291002535,35.114532470703125,237600
2001-01-23,35.136953921573394,35.988487243652344,35.04731883503877,35.988487243652344,3197400
2001-01-24,36.03330842971802,36.145352299213414,35.71958559513092,35.85403823852539,938800
2001-01-25,35.87082548751736,35.96606272526338,35.573909393367984,35.719566345214844,772000
2001-01-26,35.517887488811496,35.85401891615041,35.26018672785167,35.719566345214844,435200
2001-01-29,35.63530100939566,36.44560241699219,35.63530100939566,36.44560241699219,596800
2001-01-30,36.57107775584386,36.68222427368164,36.15875623405703,36.68222427368164,1381400
2001-01-31,36.73245553301695,36.947581918311634,36.176719665527344,36.176719665527344,922400
2001-02-01,36.194638205250776,36.44203186035156,36.03329618219511,36.44203186035156,702800
2001-02-02,36.499407894757965,36.499407894757965,35.62815475463867,35.62815475463867,856000
2001-02-05,35.49547657434132,35.8504305741603,35.46320927228704,35.69984436035156,541600
2001-02-06,35.764385330654484,36.38824451936996,35.764385330654484,36.26634216308594,424800
2001-02-07,35.871962447082105,36.427698338018565,35.871962447082105,36.35599136352539,406600
2001-02-08,36.44561086276696,36.49939243835909,35.76438395463734,35.81099319458008,2393800
2001-02-09,35.76440328732509,35.83611026991324,35.22659271157584,35.352081298828125,985000
2001-02-12,35.37001429135229,36.176730266259455,35.31981884952711,36.14087677001953,443200
2001-02-13,36.445609154253304,36.750367754395995,35.800235748291016,35.800235748291016,913000
2001-02-14,35.99744950141219,36.176719665527344,35.60305568744797,36.176719665527344,336000
2001-02-15,36.57111502245066,36.62489662104341,36.2233304517227,36.35599136352539,1262000
2001-02-16,35.531326815306954,35.997430084773356,35.45961988251712,35.57076644897461,675400
2001-02-20,35.74645678854451,35.85401994255002,34.96483904437914,35.158451080322266,631000
2001-02-21,34.85010005963862,35.190714829466074,34.43778109236751,34.54534149169922,399600
2001-02-22,34.54535388245713,34.59554930057156,33.792419875295536,34.06132507324219,526600
2001-02-23,33.98961223065796,34.24058927778322,33.14704056792746,34.133026123046875,380800
2001-02-26,34.47364165238352,34.95408421956866,34.31588308503571,34.885963439941406,903200
2001-02-27,34.88595193388998,34.88595193388998,34.150943653469795,34.258506774902344,448400
2001-02-28,34.348149290646454,34.348149290646454,33.64899431970222,33.75655746459961,316200
2001-03-01,33.720707425190895,33.9896125793457,33.23667595935649,33.9896125793457,541600
2001-03-02,33.45180492619676,34.52742562819093,33.43387682031889,34.07925033569336,1030800
2001-03-05,34.419869360914525,34.437797470384844,33.91791238564543,33.953765869140625,522200
2001-03-06,34.419876946835345,34.5632936478697,34.287216019675505,34.45573043823242,522000
2001-03-07,34.70670038980175,34.85011431423737,34.50950214053487,34.63499069213867,394600
2001-03-08,34.63140420299057,34.706700068701494,34.34815979003906,34.34815979003906,830400
2001-03-09,33.986742625804176,34.32804877373511,33.73884963989258,33.73884963989258,246600
2001-03-12,33.5017156940617,33.5017156940617,32.57121359260676,32.783180236816406,1006400
2001-03-13,32.980791505008064,33.12449645996094,32.337701689907554,33.12449645996094,672200
2001-03-14,32.24429328706529,33.160427507497495,32.2263287960778,32.334110260009766,655800
2001-03-15,32.711353603354986,32.83709685941069,32.15448708811164,32.208377838134766,561600
2001-03-16,32.28020529004772,32.45983915670463,31.48981737315543,31.61556053161621,301400
2001-03-19,31.974830096008702,32.47780549965062,31.439521910194696,32.44187927246094,784600
2001-03-20,32.370035127006496,32.750860940004095,31.687425613403324,31.68742561340332,625200
2001-03-21,31.705381366295015,31.831124540228505,30.95091958169845,31.20240592956543,494800
2001-03-22,30.98683152087899,31.16646532679713,29.873102472385398,30.897014617919922,1193000
2001-03-23,31.52574560797586,31.795196425138048,31.256294790813673,31.705379486083984,297200
2001-03-26,31.97483570573821,32.316139035412334,31.831128030771666,32.136505126953125,1011600
2001-03-27,32.190389612800864,32.54965736013345,31.651487991801982,32.395172119140625,633200
2001-03-28,31.938909653896776,31.974835887593763,31.45389864649763,31.5257511138916,1233200
2001-03-29,31.525750621960558,32.1185430621966,31.43593366862164,31.579641342163086,591800
2001-03-30,31.77722929241749,32.28020465739824,31.57963368756467,32.19038772583008,231400
2001-04-02,32.17243223784292,32.33410164969308,31.38204144180852,31.435932159423828,340200
2001-04-03,31.364083279681527,31.364083279681527,30.26831527997252,30.36890983581543,507400
2001-04-04,30.412026856608907,30.843147219986967,30.32220988582211,30.465917587280273,356400
2001-04-05,30.8970249309557,31.938901901245117,30.8970249309557,31.938901901245117,950000
2001-04-06,31.435927303880632,31.536521832693797,30.98684262811091,31.040733337402344,405000
2001-04-09,31.47185193785161,31.831119660295112,31.29221807662986,31.72334098815918,569800
2001-04-10,31.88501373839566,32.603549259260916,31.867049253975832,32.477806091308594,769000
2001-04-11,32.980792380129955,32.980792380129955,32.01795435501733,32.26225662231445,526800
2001-04-12,32.06464782874905,32.693366413626485,31.992795372589832,32.657440185546875,492000
2001-04-16,32.51372850792518,32.62150991981913,32.0682373046875,32.0682373046875,262400
2001-04-17,31.88503413670496,32.72931336564643,31.88503413670496,32.58560562133789,295400
2001-04-18,33.10653829784746,34.48971919659491,33.052647563403454,33.53765869140625,688600
2001-04-19,33.519696149359824,33.94722308626485,33.30413321667216,33.91129684448242,251200
2001-04-20,33.771197085438835,33.771197085438835,33.052660977238006,33.516117095947266,504000
2001-04-23,33.052624082817246,33.214293430302725,32.87299025628019,32.90891647338867,305200
2001-04-24,33.12449430141535,33.422687271403944,32.87300790563952,33.160423278808594,319200
2001-04-25,33.23228764919996,33.914897349112685,33.020320859872875,33.878971099853516,390200
2001-04-26,33.95080558109544,34.453781026792285,33.89691486530727,34.36396408081055,323600
2001-04-27,34.57952470526248,34.81304931640625,34.45378152726067,34.81304931640625,1658400
2001-04-30,35.08250843085824,35.24417787769776,34.67294327393486,34.84898376464844,1112800
2001-05-01,34.72324200766678,35.28010559082031,34.50049492980748,35.28010559082031,563400
2001-05-02,35.35197223461584,35.42382473920556,34.84899647949582,35.19029998779297,590200
2001-05-03,34.902855262015834,34.938781481407,34.59747828569865,34.75555419921875,385600
2001-05-04,34.54360001882339,35.387878812859974,34.299297801643,35.244171142578125,754000
2001-05-07,35.42379654277152,35.5675041785607,34.99267637639915,35.028602600097656,269000
2001-05-08,35.244159099684225,35.38786672086132,34.8669296777136,35.20823287963867,437800
2001-05-09,34.88488296214975,35.35193193252739,34.88488296214975,34.9926643371582,237000
2001-05-10,35.51361347251536,35.51361347251536,35.028602600097656,35.028602600097656,562600
2001-05-11,35.0824952319468,35.333981552636466,34.723227493249944,34.820228576660156,1009600
2001-05-14,34.82023346615105,34.96394113000843,34.59748919111804,34.81304931640625,249400
2001-05-15,34.84895810226508,35.280078137029385,34.79506741267095,35.154335021972656,435000
2001-05-16,34.88490446610985,35.8369647289117,34.88490446610985,35.82978057861328,633200
2001-05-17,35.83695270207086,36.23214661975936,35.74713577800552,36.19981384277344,173600
2001-05-18,36.016589982390165,36.41178393773854,36.016589982390165,36.33993148803711,309000
2001-05-21,36.23214338058625,36.96864318847656,36.1782526827659,36.96864318847656,376000
2001-05-22,37.07644494869379,37.29200787431127,36.753106042260505,37.14830017089844,896200
2001-05-23,36.87883357111927,36.98661224709566,36.286041259765625,36.286041259765625,659000
2001-05-24,36.50161212857209,36.77106300955219,36.04174973025876,36.66328430175781,540200
2001-05-25,36.681241941968864,36.7171681738776,36.393829345703125,36.393829345703125,339600
2001-05-29,36.465682411193846,36.465682411193846,35.926780700683594,35.926780700683594,753600
2001-05-30,35.89086279812405,35.89086279812405,35.31603472169992,35.459739685058594,849400
2001-05-31,35.62141145115085,35.99864108691707,35.49566823922878,35.60344696044922,972000
2001-06-01,35.83695518440088,36.10640597526104,35.387870532967284,36.023773193359375,538200
2001-06-04,36.196229987861166,36.494422912597656,36.0345605781102,36.494422912597656,417800
2001-06-05,36.50161729824336,37.166262350594444,36.44772656621565,37.00459289550781,1191600
2001-06-06,37.004581736608245,37.09439868257089,36.6992046685344,36.77105712890625,1081200
2001-06-07,36.64532764530961,37.058486299313905,36.64532764530961,36.92555618286133,262800
2001-06-08,36.926999629461505,36.96302542084508,36.40461878292044,36.71084213256836,545400
2001-06-11,36.71083463106859,36.71083463106859,36.206465408986375,36.22447967529297,513400
2001-06-12,36.02634426824345,36.5667394322671,35.8318016793639,36.31455612182617,690200
2001-06-13,36.47665311374179,36.746850544213956,36.17042990892475,36.26409912109375,759400
2001-06-14,35.936253319835956,36.044333376624856,35.359832763671875,35.359832763671875,865200
2001-06-15,35.30579895792128,35.720102250512944,35.25175892000228,35.57599639892578,817800
2001-06-18,35.48592919719462,35.66606081748495,35.125665956613965,35.3057975769043,685600
2001-06-19,35.66606291369163,35.70208869014897,35.010383887242135,35.19771957397461,763600
2001-06-20,34.94554341086965,35.70209586283004,34.94554341086965,35.612030029296875,861400
2001-06-21,35.53997593626892,35.88222497993669,35.503950155134035,35.6624641418457,776800
2001-06-22,35.7561342845692,35.7561342845692,34.945541819679725,35.01759338378906,673400
2001-06-25,35.19772048045554,35.2229387994842,34.675339836894416,34.77260971069336,1857600
2001-06-26,34.58527109574298,35.34182335124428,34.5312310599378,35.3057975769043,1007600
2001-06-27,35.37786988537735,35.7381333373612,35.2697924989374,35.648067474365234,989000
2001-06-28,35.84617889529714,36.29650777589133,35.84617889529714,36.09836196899414,922600
2001-06-29,36.350578721549226,36.890973838077926,36.188458537435594,36.71084213256836,2283200
2001-07-02,36.602755546118296,36.602755546118296,35.77775215074143,35.88222885131836,2142000
2001-07-03,35.75612338865646,35.86060004879167,35.52195175377343,35.66605758666992,1084800
2001-07-05,35.30579965193717,35.66245951146873,35.143682283583885,35.19771957397461,849600
2001-07-06,34.981574148536765,35.10766578362165,34.423167550706125,34.549259185791016,588600
2001-07-09,34.675332081602996,34.92751521548774,34.31506889114478,34.873477935791016,895400
2001-07-10,34.981573916384704,34.981573916384704,34.07371140120698,34.22502136230469,775600
2001-07-11,34.15296978518906,34.31148380456174,33.681022884729806,34.22502136230469,1103400
2001-07-12,34.51322778690592,35.12567434267512,34.495213521139924,35.064430236816406,1254200
2001-07-13,34.9815748102089,35.359852471210125,34.837468903704064,35.233760833740234,241200
2001-07-16,35.197715267689894,35.3021919306473,34.63930892944336,34.63930892944336,547200
2001-07-17,34.62131058950862,35.32382583618164,34.549259012276686,35.32382583618164,558400
2001-07-18,34.83745738103257,35.2661715552223,34.63931423014292,34.657325744628906,877800
2001-07-19,35.01758912248002,35.367044937925904,34.76540593019466,34.94553756713867,431000
2001-07-20,34.76540593019466,35.16169498175336,34.76540593019466,34.94553756713867,629600
2001-07-23,35.1796949742548,35.1796949742548,34.585260263753625,34.69334030151367,1452000
2001-07-24,34.58526755006518,34.71135912162344,33.792689601478905,34.11692428588867,588200
2001-07-25,34.188987132236406,34.33309299947835,33.832327240970464,34.31507873535156,603600
2001-07-26,34.228618754341795,34.98156777275203,34.030472829185946,34.81945037841797,622800
2001-07-27,34.819459067474824,34.97437244345714,34.646531421586225,34.765419006347656,592200
2001-07-30,34.909506803168995,34.94553257569393,34.477189287099044,34.711360931396484,378000
2001-07-31,34.79782119066422,35.18690610657169,34.62849979537291,34.668128967285156,652200
2001-08-01,34.96355065270666,35.233748099022506,34.747390496781534,35.19771957397461,439000
2001-08-02,35.46790862783042,35.48592288609181,34.909502353396114,35.08963394165039,553000
2001-08-03,35.125660504121164,35.23013715750268,34.62129149588246,34.999568939208984,303000
2001-08-06,34.94554428242202,34.94554428242202,34.44117505233893,34.51322937011719,236800
2001-08-07,34.51323339699412,34.621310763384805,34.33310170441814,34.549259185791016,427400
2001-08-08,34.224986979166665,34.70053405672312,33.774658203125,33.774658203125,1126400
2001-08-09,33.936792684065416,34.11692428588867,33.66659528133053,34.11692428588867,535200
2001-08-10,33.99085150768988,34.29707485038064,33.68823156863313,34.08091735839844,425400
2001-08-13,34.279029087891416,34.44835315785946,34.084486714859345,34.36909484863281,1614800
2001-08-14,34.42315082770365,34.7293740065992,34.376314851288576,34.47718811035156,4667800
2001-08-15,34.495207871462824,34.668135449284485,34.23221447674439,34.433963775634766,931600
2001-08-16,34.3150767348982,34.76540582590736,34.044879280292704,34.657325744628906,1579400
2001-08-17,34.369110177595296,34.58526755006518,34.08089851524204,34.11692428588867,2412000
2001-08-20,34.080897884594776,34.495201110839844,34.06288637389981,34.495201110839844,2469600
2001-08-21,34.47719275894163,34.58527283599031,33.86474631857384,33.90077209472656,910400
2001-08-22,34.18898355581162,34.35110092163086,33.785487719461024,34.35110092163086,1277800
2001-08-23,34.29706112958751,34.58166943379788,33.90077209472656,33.90077209472656,842200
2001-08-24,34.22501446687243,34.62130355834961,34.17097442062761,34.62130355834961,2401000
2001-08-27,34.62129268006485,34.74738424928986,34.351095282329815,34.495201110839844,249400
2001-08-28,34.45917597850693,34.47718748953518,34.044872744595416,34.11692428588867,985000
2001-08-29,34.24302536746344,34.24302536746344,33.79269627398596,33.97282791137695,653000
2001-08-30,33.79269953702881,33.936802661983755,33.36398531909234,33.54411697387695,959400
2001-08-31,33.64861355032389,33.915207787360885,33.598176877062635,33.82514190673828,995600
2001-09-04,33.75667697522584,34.041285369933895,33.504493713378906,33.504493713378906,697400
2001-09-05,33.576544199960004,33.630584253915494,32.92807179826808,33.270320892333984,569200
2001-09-06,32.96410158293871,33.072181703958776,32.495758056640625,32.495758056640625,305400
2001-09-07,32.17151400804804,32.459723000851966,31.764414717183577,31.89410972595215,4950200
2001-09-10,31.649139404296875,31.919336956550847,31.378941852042903,31.649139404296875,4777800
2001-09-17,29.54159052500468,30.61877701966466,29.54159052500468,30.081985473632812,1338800
2001-09-18,30.168424642268686,30.20805379450957,29.397461996363937,29.59560775756836,4303400
2001-09-19,29.725320214081467,29.793768359516463,27.95642641539344,28.87870216369629,1636000
2001-09-20,28.496816829727987,28.56887111448104,27.596158884739175,27.77989387512207,732000
2001-09-21,26.839625226431465,27.398034635948306,26.479361800573326,27.257532119750977,1011200
2001-09-24,27.560143287365253,28.309491633794657,27.560143287365253,28.10053825378418,1702800
2001-09-25,28.186981648674525,28.640913883604522,28.010453515097502,28.442768096923828,924600
2001-09-26,28.532859364447845,28.676965270044356,27.866372643229457,28.021286010742188,990600
2001-09-27,28.021279975473814,28.478815921053545,27.606976616838992,28.471609115600586,1879400
2001-09-28,28.676966136082076,29.102077058704694,28.56168195784162,28.893123626708984,2264800
2001-10-01,28.999424182385596,29.031968612868358,28.222010374827377,28.746313095092773,906000
2001-10-02,28.565512593816536,29.060890197753906,28.565512593816536,29.060890197753906,1107200
2001-10-03,28.565512276735785,29.92147013797324,28.565512276735785,29.72259521484375,1441200
2001-10-04,29.83107712728196,30.351765901743345,29.66836326461464,30.019102096557617,2346200
2001-10-05,29.97571675885652,29.97571675885652,29.29231404069339,29.867238998413086,503800
2001-10-08,29.469492802782337,29.93594277450891,29.469492802782337,29.59604835510254,348000
2001-10-09,29.523739775937656,29.63221481106694,29.288706395100192,29.350175857543945,1017200
2001-10-10,29.324847119223186,30.373455047607425,29.324847119223186,30.373455047607422,638600
2001-10-11,30.735049157526216,31.241274048332098,30.735049157526216,30.861604690551758,1523400
2001-10-12,30.778446659165844,31.017093886993745,30.30114944480581,30.76398277282715,573800
2001-10-15,30.644641709479274,30.941144327175678,30.48192790122864,30.879674911499023,590600
2001-10-16,31.060489335870223,31.38591992143787,30.999019880458714,31.295522689819336,966400
2001-10-17,31.566708185074862,31.620944306430523,30.409622192382816,30.409622192382812,797400
2001-10-18,30.57233804206003,30.57233804206003,30.120351984422854,30.21436309814453,969400
2001-10-19,30.174591990960167,30.716975329985484,30.174591990960167,30.59041976928711,519200
2001-10-22,30.64466109748875,31.006250018993043,30.619349983331634,30.865230560302734,369600
2001-10-23,31.100255219708135,31.201499648042724,30.66273307800293,30.66273307800293,851600
2001-10-24,30.735049157526216,30.8724519135677,30.59041308033829,30.861604690551758,527600
2001-10-25,30.518087244747385,31.548614501953125,30.373451211049428,31.548614501953125,1195000
2001-10-26,31.241264654534277,31.69325053565108,31.241264654534277,31.548614501953125,951600
2001-10-29,31.46184385167496,31.46545775359114,30.879685633534997,30.915843963623047,516400
2001-10-30,30.662747579877482,30.662747579877482,30.138441887027394,30.264997482299805,887200
2001-10-31,30.60850343141156,31.013481266847478,30.52172286077595,30.771217346191406,1531200
2001-11-01,30.85799771950449,31.313600540161133,30.554264344869782,31.313600540161133,786000
2001-11-02,31.2593477525353,31.349744944137434,31.04239504443086,31.096633911132812,369600
2001-11-05,31.5305339632273,31.566695040678955,31.320814611003296,31.548614501953125,305600
2001-11-06,31.36782992088189,32.0006103515625,31.277432716498943,32.0006103515625,1671200
2001-11-07,31.711347171515587,32.05485830064078,31.678805492903,31.783666610717773,584200
2001-11-08,31.946382854142684,32.14525787809131,31.440157777577323,31.711349487304688,483200
2001-11-09,31.479927378647623,31.635410709216515,31.39676348014813,31.602869033813477,421400
2001-11-12,31.349763526436288,31.7402802877217,30.75675781872362,31.729433059692383,230200
2001-11-13,32.00061056504227,32.307960510253906,31.91021336005628,32.307960510253906,442200
2001-11-14,32.54299925675965,32.62977981567383,31.97168816327419,32.62977981567383,285600
2001-11-15,32.47067760672045,32.68763035010155,32.32604152489844,32.5068359375,363400
2001-11-16,32.420060699334094,32.59723848025209,32.28265515769199,32.53938293457031,423200
2001-11-19,32.59722924963277,33.0419819066269,32.54660704084812,32.904579162597656,316200
2001-11-20,32.90458151533025,33.13961479218049,32.57915103651482,32.716556549072266,457000
2001-11-21,32.651466159635255,32.70570226671938,32.31157184215712,32.60445785522461,384800
2001-11-23,32.561071987959906,33.103455178706355,32.561071987959906,33.07814407348633,224600
2001-11-26,33.078167190297535,33.3204311893826,32.86844488122143,33.248111724853516,549200
2001-11-27,33.229996004904436,33.38909312789209,32.944340653098465,33.13959884643555,420800
2001-11-28,32.97689436254883,33.172152627273675,32.56106948852539,32.56106948852539,641400
2001-11-29,32.66957984347949,33.51931381225586,32.61534091808816,33.51931381225586,507000
2001-11-30,33.41080842217765,33.47227786114906,33.04921959241102,33.12153625488281,740200
2001-12-03,32.868420836137695,33.052831887398014,32.75994309805433,32.904579162597656,210800
2001-12-04,32.904585323552304,33.75431856862851,32.89012143851945,33.66392135620117,680400
2001-12-05,34.02551246389377,34.705301312029725,33.917037457004795,34.405181884765625,600400
2001-12-06,34.567899051435724,34.89332962036133,34.47750182443997,34.89332962036133,738000
2001-12-07,34.76676188679317,34.88608684675582,34.553423071220244,34.629356384277344,526800
2001-12-10,34.62210739059792,34.777590594188375,33.98932735996036,34.02910232543945,674600
2001-12-11,34.29670097248567,34.49557593825848,34.01104545742287,34.22438430786133,429000
2001-12-12,34.31478000430114,34.39794388908021,33.89172174163246,34.278621673583984,249400
2001-12-13,33.97126714671679,34.1846059763211,33.66391721402252,33.66753387451172,796400
2001-12-14,33.83435339751191,34.051937103271484,33.627648462031274,34.051937103271484,1147400
2001-12-17,33.96490496247492,34.704689025878906,33.96490496247492,34.704689025878906,798800
2001-12-18,34.99479869698954,35.049195310485636,34.679300552093515,35.01293182373047,1727800
2001-12-19,34.72281841133712,34.95128086804807,34.49798036659458,34.74095153808594,1551600
2001-12-20,34.740951569025505,34.7518303383938,34.07006461289551,34.196990966796875,5581600
2001-12-21,34.41456701496991,34.98753938614294,34.236874032369805,34.8859977722168,1577800
2001-12-24,34.97667221132366,35.121728952613175,34.88963927324084,35.04920196533203,319000
2001-12-26,35.03106779663955,35.44447769868629,35.03106779663955,35.357444763183594,963000
2001-12-27,35.357438102349064,35.59315490971005,35.34293215471014,35.50249481201172,1705200
2001-12-28,35.64755054516718,35.73095628339797,35.448097229003906,35.53875732421875,2017600
2001-12-31,35.62939697811041,35.68379355737618,34.94038009643555,34.94038009643555,2346600
2002-01-02,35.21239125796964,35.28129383687699,34.55238567248433,35.263160705566406,1807400
2002-01-03,35.17611539755655,35.75271224975586,35.17611539755655,35.75271224975586,1013400
2002-01-04,35.81073567848679,36.20601234427636,35.64754862259184,36.06458282470703,1304400
2002-01-07,36.02833966346645,36.191529578133974,35.484378814697266,35.484378814697266,1661800
2002-01-08,35.62940984783751,35.98842297391108,35.28490266592284,35.901390075683594,743600
2002-01-09,36.173377990722656,36.311180339427665,35.53875732421875,35.53875732421875,868800
2002-01-10,35.5931643584604,35.756351470947266,35.52426178056591,35.756351470947266,365200
2002-01-11,35.810719258024946,35.88324619033849,35.21236238290026,35.3211555480957,802800
2002-01-14,35.27040997900169,35.27040997900169,34.70468901106826,34.79534912109375,781000
2002-01-15,34.88239714434325,35.03107833862305,34.617668312167865,35.03107833862305,1170000
2002-01-16,34.63216829747932,34.75909192114029,34.16073453333573,34.32029724121094,4382800
2002-01-17,34.63214773396148,34.81346787916547,34.276759032002296,34.487091064453125,813400
2002-01-18,34.48710451479063,34.69018503799624,34.01567361343271,34.051937103271484,991000
2002-01-22,34.360185809686435,34.48348224604036,33.765455638118176,33.83435821533203,1331400
2002-01-23,33.96128258722596,34.39645007039786,33.65303872275191,34.305789947509766,1752600
2002-01-24,34.48710630578844,34.7337019229161,34.48710630578844,34.57776641845703,956600
2002-01-25,34.5777681449972,34.65754949080554,34.327548102912274,34.55238342285156,770400
2002-01-28,34.66841702353839,34.8134737173727,34.45083336615007,34.7772102355957,617600
2002-01-29,34.75907470102394,34.824350070386636,33.96126709034754,34.164344787597656,1519000
2002-01-30,34.23327175204916,34.66481216650517,33.7255743800787,34.59228515625,1250600
2002-01-31,34.66841413297008,34.8859977722168,34.454457671616524,34.8859977722168,2674000
2002-02-01,34.63215353436382,34.94765163588159,34.5342418569142,34.68655014038086,768400
2002-02-04,34.5414972686523,34.599521059284584,33.76544705266848,33.87061309814453,2787200
2002-02-05,33.779953378447615,33.97940393584379,33.504345903312434,33.74006271362305,1805200
2002-02-06,33.74368854565546,33.88874248461798,33.1997279743664,33.3629150390625,1273600
2002-02-07,33.326653522952626,33.3991804967181,32.90961650698434,32.92774963378906,1973000
2002-02-08,33.076438102378695,33.798091888427734,32.967647617581015,33.798091888427734,1737800
2002-02-11,33.65302807975014,34.08819542529738,33.63489495421629,33.9467658996582,1031600
2002-02-12,33.834338746566594,34.17521872351554,33.71103961443344,34.019283294677734,394600
2002-02-13,34.17883877388939,34.374664813460335,34.09180590076624,34.34202575683594,359200
2002-02-14,34.429090264484906,34.51612321058267,33.90688705444336,33.90688705444336,1958000
2002-02-15,33.9939081516264,34.04830476149983,33.65302807875751,33.85610580444336,847800
2002-02-19,33.544244903306286,33.65303815562957,33.09094429650485,33.199737548828125,981400
2002-02-20,33.145341644240744,33.7618293762207,32.95676703833877,33.7618293762207,1388200
2002-02-21,33.68930322283805,33.7618302166196,33.04017639160156,33.04017639160156,665600
2002-02-22,33.07279787673691,33.634891510009766,32.920489598064364,33.634891510009766,1361800
2002-02-25,33.63490937386321,33.84524154663086,33.489852607584574,33.84524154663086,740600
2002-02-26,33.83072540602911,34.095451365548726,33.62039329659787,34.004791259765625,994200
2002-02-27,34.178846316452066,34.30214268335838,33.95400834731461,34.16071319580078,1247600
2002-02-28,34.19699863286785,34.26227403043739,33.711058947244126,33.798091888427734,1466200
2002-03-01,33.96127596162583,34.63216018676758,33.83435236768985,34.63216018676758,1445200
2002-03-04,34.63215637207031,35.35018554353155,34.54149627685547,35.176116943359375,1448800
2002-03-05,35.16887221765655,35.47711604820732,35.06733056714588,35.25590515136719,1330800
2002-03-06,35.255910537551486,35.770859393540206,34.958545432444026,35.6838264465332,846600
2002-03-07,35.93766886568664,36.010198617385946,35.593161536978094,35.72008514404297,1150200
2002-03-08,36.19750215761643,36.21928789470929,35.830809284402456,36.081321716308594,1206800
2002-03-11,36.08131443628885,36.29915514350315,35.776341878124285,36.08857727050781,1110600
2002-03-12,35.77998982226147,36.12489981806769,35.63476354035745,36.03050231933594,818000
2002-03-13,35.761838412682785,35.961524912819286,35.598460563451944,35.72553253173828,1581200
2002-03-14,35.85260250730388,36.02687460409691,35.402403514699984,35.88890838623047,1402200
2002-03-15,35.80178433725134,36.1612173541222,35.616620698879515,36.03414535522461,1414800
2002-03-18,36.12125015964472,36.4371169555401,35.97965536802667,36.237430572509766,1362400
2002-03-19,36.415330198831754,36.542402079354325,36.27010400539485,36.46978759765625,621200
2002-03-20,36.288271231221145,36.32457987274148,35.88890110414144,35.89616394042969,1805600
2002-03-21,36.14305788645079,36.531536638062775,35.943371381900185,36.49885940551758,960200
2002-03-22,36.50611627774292,36.7094313982681,36.219295149881596,36.23381805419922,1018600
2002-03-25,36.324578488728314,36.357252940899144,35.74367348606149,35.79450225830078,1873600
2002-03-26,35.870757890378634,36.25560520428803,35.870757890378634,36.197513580322266,843600
2002-03-27,36.197502590903866,36.535152435302734,36.11399936925569,36.535152435302734,976400
2002-03-28,36.633191679016946,36.825615331920936,36.34273910522461,36.34273910522461,1783000
2002-04-01,36.342749133941034,36.60778738841045,35.96516179180085,36.37905502319336,1304000
2002-04-02,36.084962469774034,36.45165820781691,36.05228801062177,36.14668273925781,5878800
2002-04-03,36.21566683649177,36.27375845874311,35.769096492807826,35.88890838623047,6075400
2002-04-04,35.725529620302346,36.23382022198594,35.70737529632899,36.03050231933594,2093200
2002-04-05,36.161215129610284,36.27013556194315,35.834456602573354,35.97968292236328,815400
2002-04-08,35.58392916382644,36.429866790771484,35.580297745610395,36.429866790771484,1162200
2002-04-09,36.42987187914808,36.55694660481437,36.28101695102486,36.29553985595703,954600
2002-04-10,36.4879596139242,36.99625015258789,36.429868000380644,36.99625015258789,2098000
2002-04-11,36.90547214334165,37.01438972855525,36.31367579417157,36.404441833496094,1505600
2002-04-12,36.66950705923686,37.21410369873047,36.39720873949005,37.21410369873047,2963400
2002-04-15,37.395621897254586,37.48638796982074,36.88007126986941,36.94179153442383,2844000
2002-04-16,37.35932031266049,37.867610931396484,37.30486010887431,37.867610931396484,1361400
2002-04-17,38.03098716783325,38.03098716783325,37.48639069287621,37.54811096191406,6833400
2002-04-18,37.595301753385804,37.660653424939134,37.08701128241102,37.38835525512695,2359200
2002-04-19,37.61346168669647,37.62798459138547,37.359317779541016,37.359317779541016,760800
2002-04-22,37.323028256952846,37.35570272934972,36.85467476286315,36.86556625366211,1507000
2002-04-23,36.88732976217403,37.06160183284409,36.81471801520519,36.99625015258789,1798200
2002-04-24,37.03257012960683,37.26856255207215,36.58599968279021,36.68402862548828,1095400
2002-04-25,36.524275711579044,36.86555711178017,36.38268082638099,36.78205108642578,1388200
2002-04-26,36.89460407021126,36.9926302360938,36.07770919799805,36.07770919799805,2200800
2002-04-29,36.306430691002554,36.37178237704479,35.97967226079136,36.18661880493164,3547600
2002-04-30,36.23379290791355,36.909092255240424,36.16844126881873,36.77838897705078,1444200
2002-05-01,36.851011107949645,37.03254318237305,36.29189198633043,37.03254318237305,1435200
2002-05-02,36.996244402117064,37.25038824696605,36.90184692976166,37.15962219238281,932200
2002-05-03,37.214088163455024,37.214088163455024,36.778412141720764,36.99625015258789,1494800
2002-05-06,37.02892041196172,37.14873227384888,36.28826904296875,36.28826904296875,2717000
2002-05-07,36.48069336468895,36.50247633109584,36.01596884498096,36.02686309814453,1302400
2002-05-08,36.63318522176238,36.89459193810567,36.48069889388231,36.8873291015625,2224000
2002-05-09,36.887332310640126,36.887332310640126,36.19750958693536,36.21566390991211,1718000
2002-05-10,36.302798443745,36.32095276666047,35.54399538920368,35.627498626708984,1788600
2002-05-13,35.63474708041078,36.1067288161359,35.5802869036072,36.08857727050781,2245000
2002-05-14,36.56058426326252,37.17779541015625,36.386314901052735,37.17779541015625,9461400
2002-05-15,36.94180060492222,37.33027938009199,36.72759395065205,37.14148712158203,1803200
2002-05-16,37.15963315128388,37.15963315128388,36.57873078462691,36.702171325683594,1452200
2002-05-17,36.74209040396876,36.94903685603414,36.49520667431536,36.81470489501953,1620400
2002-05-20,36.76026784874017,36.76026784874017,36.3100688007991,36.350006103515625,1856200
2002-05-21,36.43350015853607,36.53878913275131,35.678325786898895,35.79813766479492,2511000
2002-05-22,35.68922742198421,36.00872305914527,35.344314620655496,35.58030700683594,2344600
2002-05-23,35.834438750935824,36.302791944709035,35.398762778568326,36.28826904296875,2384600
2002-05-24,36.12490329469309,36.17936350189341,35.71464157104492,35.71464157104492,1608400
2002-05-28,35.8707393249745,35.8707393249745,35.21722274340174,35.62385559082031,2984200
2002-05-29,35.54398435481966,35.54398435481966,35.1010456048129,35.17002868652344,1952000
2002-05-30,35.170028157971,35.453217775533204,34.86868422340204,35.29710006713867,3009400
2002-05-31,35.416931908506506,35.66744445089234,35.03571319580078,35.03571319580078,6645800
2002-06-03,35.19907963497067,35.19907963497067,34.218807220458984,34.218807220458984,2000800
2002-06-04,34.1643691768227,34.418515990889055,33.768630198151826,34.22608947753906,5450800
2002-06-05,34.32772704996644,34.43664466649458,34.02638304798031,34.34587860107422,1600400
2002-06-06,34.32773042593899,34.34588197883188,33.60160183116469,33.6778450012207,1848400
2002-06-07,33.12961431657538,34.12804104940368,33.115091413520794,33.98281478881836,2509000
2002-06-10,34.05543453429569,34.29142412778431,33.83759372498165,33.94651412963867,2447000
2002-06-11,34.12804122593092,34.19702432330688,33.401912689208984,33.401912689208984,2877200
2002-06-12,33.40554857064451,33.65243241691342,33.02069851119066,33.51083755493164,4146000
2002-06-13,33.4745326270183,33.61612750473432,32.955350485405816,33.038856506347656,1413200
2002-06-14,32.61694680621702,33.345003666968815,32.22015715021922,33.30860137939453,3394200
2002-06-17,33.39959690427306,34.1458560386735,33.39959690427306,34.08396911621094,1479000
2002-06-18,34.04758416520077,34.41889477964253,33.90925433907917,34.17863464355469,1905600
2002-06-19,33.74543848068836,34.35336814396262,33.49061965942383,33.49061965942383,2348000
2002-06-20,33.577986807548236,33.91289512579373,33.24308126661968,33.417816162109375,1983200
2002-06-21,33.41781239085339,33.7235949518061,33.199393101811026,33.34500503540039,1713200
2002-06-24,33.217603909248055,33.632596218093276,32.71160446640489,33.239444732666016,2586600
2002-06-25,33.454203829085436,33.618015465418445,32.562332760950895,32.76982879638672,1502800
2002-06-26,32.03449636160056,32.875401002351445,31.998094080289224,32.75163269042969,6941400
2002-06-27,33.235791933055715,33.38140106201172,32.57326039796791,33.38140106201172,4792200
2002-06-28,33.29403045210704,33.72722504995159,32.999168395996094,32.999168395996094,3006800
2002-07-01,33.09016127019969,33.355900279499345,32.252895366711776,32.32570266723633,1844600
2002-07-02,32.23835854424396,32.25292001547724,31.306446603847505,31.353769302368164,1720600
2002-07-03,31.23363853824445,31.306443108966672,30.578386292479074,30.978816986083984,2908600
2002-07-05,31.36104962760499,32.00537872314453,31.233640233268527,32.00537872314453,1063400
2002-07-08,31.943508907030285,32.12188213923254,31.3246614123511,31.34286117553711,1810000
2002-07-09,31.379261122945916,31.623162371719946,31.05163763702169,31.222728729248047,1619000
2002-07-10,31.266396200945074,31.266396200945074,30.341763816034234,30.36360740661621,2447800
2002-07-11,30.214366875043037,30.301732941370258,29.522712138102715,30.12700080871582,3428800
2002-07-12,30.214350341969816,30.643903867562734,29.8139197483225,29.8685245513916,3394800
2002-07-15,29.813915540767063,29.813915540767063,28.703628218544534,29.682865142822266,3691200
2002-07-16,29.468093172048096,30.032338213037562,29.282440717307633,29.486295700073242,2598200
2002-07-17,30.210709834890725,30.214350895779578,29.165950322362086,29.759315490722656,2669000
2002-07-18,29.595510542704904,29.8139270310186,28.72184181213379,28.72184181213379,1829400
2002-07-19,28.412410971728562,28.638106748554026,27.902770777506653,28.121187210083008,2860400
2002-07-22,27.884577738339626,28.317772467415466,27.1565208638278,27.560592651367188,3325800
2002-07-23,27.72075909060241,27.72075909060241,26.119033813476562,26.119033813476562,3187000
2002-07-24,25.6276037048774,27.666162490844727,25.29997754096985,27.666162490844727,6626600
2002-07-25,26.938094648809567,28.10298411729132,26.719678220633682,27.447734832763672,6251400
2002-07-26,27.647961548116506,27.884580612182617,27.174726197301137,27.884580612182617,2480400
2002-07-29,28.50342623899585,29.23148307496186,28.21220239368288,28.95846176147461,2366800
2002-07-30,29.01306386370825,29.27880583141736,28.219481799733487,29.045827865600586,3403200
2002-07-31,29.04582147099298,29.085864810425377,28.5216197746531,28.59442710876465,1834800
2002-08-01,28.50340330332185,28.667214848674313,28.030165629814885,28.175777435302734,2009800
2002-08-02,28.12118860382998,28.157590881510945,27.251161113870857,27.29120445251465,2652400
2002-08-05,27.291211059726194,27.407700042896757,26.563154220581055,26.563154220581055,1793400
2002-08-06,27.047323318736485,27.72077560424805,26.938113639002708,27.720775604248047,1486400
2002-08-07,27.939183838958698,28.15760035585204,27.232967749597425,27.826335906982422,3205600
2002-08-08,27.82634199429358,28.32142102212458,27.55695887978854,28.27409553527832,2317200
2002-08-09,27.884568164812727,28.46337462553432,27.826325079052825,28.03382110595703,4054000
2002-08-12,27.848164777238473,28.30684121004133,27.742596237615526,28.102983474731445,1342000
2002-08-13,28.066596665911106,28.32869762908066,27.26573508050817,27.30213737487793,2094800
2002-08-14,27.50234761012172,28.361454883770968,26.99270727836628,28.277727127075195,6681200
2002-08-15,28.503424190864703,28.57622875830332,28.172157021191694,28.306848526000977,3498400
2002-08-16,28.266795212596403,28.878362806290223,28.132103755285268,28.74003028869629,2472000
2002-08-19,28.90750015153278,29.224203121210774,28.783729036023978,29.140478134155273,3215600
2002-08-20,29.053116167624513,29.08223911665791,28.776456483759087,28.994873046875,2326600
2002-08-21,29.08222896645373,29.595510349083412,28.892935418437958,29.588228225708008,2511600
2002-08-22,29.559103787648286,29.941334703297706,29.358889842040256,29.777523040771484,1878800
2002-08-23,29.559115603481338,29.741129868964148,28.994873046875,28.994873046875,3484600
2002-08-26,29.122274361122862,29.61371218550351,28.84925303898734,29.522705078125,2294200
2002-08-27,29.75932317011065,29.77388464010794,28.87473400331929,28.95846176147461,2726800
2002-08-28,28.64904109194937,28.776453285480294,28.2740921910982,28.394222259521484,2720800
2002-08-29,27.97557831560976,28.83832651029636,27.97557831560976,28.605348587036133,2405600
2002-08-30,28.52162139216817,28.82376559690568,28.30320493207835,28.41241455078125,1380800
2002-09-03,27.902779490659675,28.139398523720853,27.36037791196853,27.575153350830078,3562400
2002-09-04,27.556947297400324,28.321409118427425,27.46594020226054,28.157594680786133,1916400
2002-09-05,27.75716109989293,28.07022569645076,27.593349456787113,27.59334945678711,1483200
2002-09-06,27.95739046668442,28.539835522799283,27.95739046668442,28.503433227539062,2753400
2002-09-09,28.430617148427093,28.70363844519941,27.935538308094664,28.41605567932129,1222400
2002-09-10,28.630829387162514,28.718195410780556,28.244957459660853,28.59442710876465,1767800
2002-09-11,29.122280578914147,29.122280578914147,28.4852306912504,28.503433227539062,1719400
2002-09-12,28.394212153050805,28.517980462657558,28.019263385656718,28.030183792114258,1948400
2002-09-13,27.9045406756591,28.38666089084788,27.849753717587102,28.37935447692871,2655200
2002-09-16,28.342824881548044,28.397611828243264,27.98488869808835,28.05063247680664,1133000
2002-09-17,28.269792113193038,28.401279738705018,27.553916589061885,27.66714096069336,2629600
2002-09-18,27.26537426130384,27.64887751084451,27.101013337288165,27.594093322753906,2323200
2002-09-19,26.845339602384765,27.23614919669775,26.51662060095778,26.586017608642578,1405200
2002-09-20,26.936632639061894,27.002376396288188,26.58965340105471,26.6992244720459,1485600
2002-09-23,26.516628809495316,26.62254956422086,25.85919338970517,26.04181480407715,2234800
2002-09-24,25.819009637094823,26.246342965091543,25.749612626254347,25.840923309326172,2243400
2002-09-25,26.023544838233292,26.626195907592773,25.928580947001993,26.626195907592773,2974800
2002-09-26,26.808808722152246,27.075434272843594,26.593314128481403,26.97681999206543,4840000
2002-09-27,26.75403463782032,27.042576779225488,26.312091191844726,26.315744400024414,2526000
2002-09-30,26.04181269802563,26.509323035156378,25.742313714139907,26.13312339782715,3999800
2002-10-01,26.480094175760385,26.97317123413086,25.913966909784346,26.97317123413086,3433400
2002-10-02,26.71751091576756,26.929352404887506,26.22443370160182,26.315744400024414,2099000
2002-10-03,26.275556514940092,26.54218208268649,25.899357040137776,26.030841827392578,2119800
2002-10-04,26.206166770245144,26.206166770245144,25.146962259845868,25.311323165893555,4060200
2002-10-07,25.183489792258513,25.420898168131416,24.507791173682865,24.631975173950195,2920000
2002-10-08,25.022769317257843,25.022769317257843,24.27036772618965,24.8182315826416,5766800
2002-10-09,24.526044616836117,24.65022578084477,23.73346873149538,23.77729606628418,4646000
2002-10-10,23.76633971981785,24.50047824496391,23.594675224161676,24.47125816345215,5369400
2002-10-11,24.752498678398155,25.380716622196047,24.752498678398155,25.092174530029297,6104000
2002-10-14,24.87303737233348,25.28576357366806,24.87303737233348,25.260196685791016,3476800
2002-10-15,25.84456850053257,26.315731813429444,25.72403776748406,26.279205322265625,5130200
2002-10-16,25.93223425644836,26.05276502810987,25.464724000213227,25.62177848815918,2821800
2002-10-17,26.249987497292523,26.439912429217983,26.06005977878708,26.388778686523438,5284000
2002-10-18,26.176935150679462,26.560440975935496,26.136758243782936,26.44356346130371,2756200
2002-10-21,26.22442761246137,26.889169231165955,26.20251115505347,26.790552139282227,3263600
2002-10-22,26.55314158780647,26.74672254796039,26.333996538224863,26.447223663330078,3712400
2002-10-23,26.297474624691027,26.93299614787847,26.151376986126607,26.867252349853516,3649800
2002-10-24,26.991437101121814,27.079094572171666,26.57871105120809,26.60793113708496,5630200
2002-10-25,26.534878811390048,27.188663482666016,26.534878811390048,27.188663482666016,4374800
2002-10-28,27.539296718704296,27.539296718704296,26.790548162018514,26.881858825683594,2487600
2002-10-29,26.863602601329877,26.947606864664376,26.363219082365077,26.80516242980957,4680000
2002-10-30,27.027949747177303,27.294578045102597,26.823414802958194,27.265357971191406,3422800
2002-10-31,27.411457737325303,27.52833525569904,27.148482624339426,27.210573196411133,5474000
2002-11-01,27.12656517014915,27.922794105414848,27.009687656100045,27.849746704101562,4799800
2002-11-04,28.266125669963692,28.59849778620836,28.050633865296934,28.090810775756836,4515800
2002-11-05,28.141949334326267,28.214996754982057,27.878974161436666,28.138296127319336,2669800
2002-11-06,28.379363330012296,28.671558673161112,28.141957748607858,28.616771697998047,3383400
2002-11-07,28.434158067764713,28.434158067764713,27.868033267409835,27.937427520751953,3318400
2002-11-08,27.99586643270678,28.12004767045903,27.517396380012904,27.557573318481445,2176200
2002-11-11,27.557561743928236,27.557561743928236,26.87455964999721,26.889169692993164,2235800
2002-11-12,29.08791934020716,29.13905307934555,27.04621462103622,27.320146560668945,2507000
2002-11-13,27.290928847837503,27.75843895276816,27.04621696269099,27.466243743896484,2486400
2002-11-14,27.685390754941242,28.160204472602796,27.65251747125439,28.06159019470215,2136600
2002-11-15,27.88627163672098,28.306301179277852,27.88627163672098,28.05063247680664,1922800
2002-11-18,28.397625882758803,28.397625882758803,27.784017906561985,27.83515167236328,2844200
2002-11-19,27.76940462716178,28.014116590224003,27.594089675282937,27.736534118652344,2249400
2002-11-20,27.64888378985347,28.470680236816406,27.58313996263316,28.470680236816406,2492400
2002-11-21,28.496240863699708,29.058715087070304,28.4012797459246,29.02584457397461,3331200
2002-11-22,28.78111576902896,29.27053947762417,28.733632451289647,29.226709365844727,3888400
2002-11-25,29.21942062067561,29.54448645215414,29.07332296025601,29.420305252075195,2283800
2002-11-26,29.420309973398783,29.511620677491788,28.92722994203132,29.091590881347656,2437000
2002-11-27,29.36551697137767,29.931641548705144,29.27785949366792,29.8841609954834,2574600
2002-11-29,29.895099902675938,30.033893844605895,29.511596926083612,29.515247344970703,958000
2002-12-02,30.1325260046361,30.227489897135808,29.55544180752546,29.741716384887695,3044000
2002-12-03,29.548136577022888,29.654057300111162,29.193850693109198,29.219417572021484,2852800
2002-12-04,28.978362060494895,29.274210619756722,28.726346426448416,28.93088150024414,2430000
2002-12-05,29.248633505214904,29.248633505214904,28.65328617330956,28.795730590820312,2432800
2002-12-06,28.488939450598803,29.066023764659732,28.434152471262117,28.912622451782227,1557000
2002-12-09,28.682508481756756,28.79573282585331,28.08716389022307,28.145601272583008,2156400
2002-12-10,28.29899865603023,28.821295699925113,28.295345449686916,28.693458557128906,2678800
2002-12-11,28.561972761506738,28.908954934507662,28.525449055554045,28.726333618164062,3124400
2002-12-12,28.854172777331435,28.985660369876104,28.182127559063673,28.843215942382812,1891200
2002-12-13,28.608334160267443,29.324002983296698,28.244996240915437,28.27802848815918,2011200
2002-12-16,28.36976990938749,28.821188983154517,28.36976990938749,28.784488677978516,2859800
2002-12-17,28.791845908254803,28.824878163933736,28.435849641851156,28.479888916015625,2077200
2002-12-18,28.4431834542653,28.4431834542653,27.90000917046929,28.02479362487793,2486200
2002-12-19,27.984422336277515,28.36978271470074,27.789908110998102,27.955060958862305,6629200
2002-12-20,28.164233314595457,28.35140844562994,28.028441952909095,28.270666122436523,2046200
2002-12-23,28.22298577767861,28.52026209916805,28.153253188665225,28.4615421295166,1882400
2002-12-24,28.380776946626884,28.51656834250944,28.28902479262904,28.40646743774414,673400
2002-12-26,28.443167739332576,28.80650548514906,28.278014982157863,28.40646743774414,1086200
2002-12-27,28.351437568225165,28.351437568225165,27.94405746459961,27.94405746459961,2351200
2002-12-30,28.0027706379276,28.127552277336292,27.635761863118876,27.855966567993164,3471000
2002-12-31,27.94403526591538,28.314714745029104,27.745850281044287,27.822921752929688,5448200
2003-01-02,28.07616266975525,28.645027216418903,27.918348832942705,28.589975357055664,4014200
2003-01-03,28.626687735058592,28.663388056759196,28.380792499604,28.542274475097656,3222200
2003-01-06,28.542264342272873,29.074428618200002,28.542264342272873,28.876243591308594,2917800
2003-01-07,28.883592481404246,28.95699592408384,28.494564035395026,28.725778579711914,2988600
2003-01-08,28.58997762358291,28.63768774545129,28.333069859538888,28.439502716064453,3288400
2003-01-09,28.61933957584067,29.015706842661295,28.61933957584067,28.857892990112305,3828600
2003-01-10,28.56428541388285,29.08543705246293,28.520243365531627,28.920284271240234,2698000
2003-01-13,29.111130723028168,29.224902526946003,28.692741018238575,28.98634910583496,1759000
2003-01-14,28.956987675572574,29.15884078531898,28.817522574236044,29.004697799682617,1566400
2003-01-15,29.056081372329917,29.14049461484017,28.681733688284293,28.93863868713379,2381600
2003-01-16,28.993681235283695,29.177185546899416,28.766134880860914,28.898258209228516,2323000
2003-01-17,28.58262314615359,28.982663897610557,28.22295635682457,28.355079650878906,2416600
2003-01-21,28.406489463320234,28.457870485394118,27.92203782658386,27.94405746459961,2134600
2003-01-22,27.80824469793002,28.021110390919226,27.69447291032199,27.701814651489258,3258600
2003-01-23,27.874307632446286,28.090844205840458,27.734845344535,27.87430763244629,2213000
2003-01-24,27.892666169870452,27.892666169870452,27.298110961914062,27.298110961914062,3565000
2003-01-27,27.15864120327165,27.382516712870498,26.839342656781348,26.883384704589844,3477400
2003-01-28,27.085248882160826,27.32380234733911,26.67786891539257,27.10359764099121,2633200
2003-01-29,26.989821584048673,27.45225335490823,26.60079323716526,27.309120178222656,3905200
2003-01-30,27.404545090545906,27.45592609604143,26.780631280926062,26.865041732788086,3346000
2003-01-31,26.736592571992198,27.246734619140625,26.663191926380755,27.246734619140625,5831000
2003-02-03,27.30543734337489,27.334798700100926,26.883376940610656,27.011829376220703,2648800
2003-02-04,26.809976348848657,27.158633359797797,26.589768973456472,27.011829376220703,4280400
2003-02-05,27.129281885029922,27.158643252450965,26.67786276116138,26.809986114501953,3436600
2003-02-06,26.72924871591096,26.872381908590924,26.523721905865532,26.66318702697754,6960800
2003-02-07,26.80630591508138,26.865025829435076,26.160370056871926,26.175050735473633,7994200
2003-02-10,26.204423343251356,26.46867007142718,26.017248110784422,26.44664764404297,2130400
2003-02-11,26.527390138766695,26.58978094987141,26.072300104746475,26.373247146606445,3132400
2003-02-12,26.28515593372762,26.380576150036134,25.936496097043545,26.0025577545166,7394600
2003-02-13,25.998904972714485,26.01725653480091,25.668599255600764,25.932846069335938,3505600
2003-02-14,25.96954144419226,26.274156596364737,25.8777892513567,26.167726516723633,2653800
2003-02-18,26.369573593284308,26.699881971499234,26.369573593284308,26.692543029785156,1881000
2003-02-19,26.626479428064965,26.626479428064965,26.178728414435216,26.369571685791016,4073800
2003-02-20,26.395273714863283,26.413625275921802,26.204430360108105,26.314531326293945,2898200
2003-02-21,26.314529648476018,26.721909637515736,26.11267648997795,26.542076110839844,2668800
2003-02-24,26.494359091006068,26.494359091006068,26.13101846001985,26.134689331054688,2446600
2003-02-25,26.020919107359724,26.442979700226044,25.819063189015814,26.373247146606445,2659400
2003-02-26,26.347559893301078,26.38793108194262,26.061293501155355,26.241127014160156,1955600
2003-02-27,26.376915513802594,26.534729362238412,26.167720672857822,26.384254455566406,2940800
2003-02-28,26.457655610552045,26.622811204158676,26.303512629895835,26.42829704284668,1443000
2003-03-03,26.608136782640052,26.699888978442257,26.15304667547645,26.34756088256836,2962200
2003-03-04,26.296183885714267,26.296183885714267,25.984226932440627,26.00624656677246,1724800
2003-03-05,25.97321156081563,26.156715960934605,25.903481792807774,26.05762481689453,1838200
2003-03-06,25.874114634851882,26.00623799741717,25.745662143484044,25.84475326538086,1848200
2003-03-07,25.657152322140885,26.05810145578727,25.572546857431938,25.914642333984375,2813200
2003-03-10,25.745430591242478,25.80060781643132,25.39965873915755,25.469547271728516,2208200
2003-03-11,25.50266479485922,25.675552192352374,25.28931427001953,25.28931427001953,2102800
2003-03-12,25.33712014790037,25.410690708524342,25.09802354355477,25.344478607177734,4736200
2003-03-13,25.6755503748088,26.058106232116796,25.469555521145463,26.0286808013916,3975600
2003-03-14,26.153734393542305,26.212590840386333,25.877851113428083,26.0617733001709,3235600
2003-03-17,25.951439560545438,26.734947605834275,25.81533603822362,26.665056228637695,2270200
2003-03-18,26.815855733898946,27.01449203491211,26.56940067403127,27.01449203491211,3548000
2003-03-19,27.01817268359064,27.021851913748677,26.70550547448544,26.948284149169922,3538600
2003-03-20,26.88943098362285,27.21681234700127,26.506872386841522,27.12485122680664,4423200
2003-03-21,27.341890590314115,27.588345805970523,27.139574931831003,27.503740310668945,7680000
2003-03-24,27.110133491356734,27.19841817558686,26.78275217168667,26.915176391601562,5340800
2003-03-25,26.896788167428117,27.31245140065166,26.852645821516113,27.202096939086914,2976600
2003-03-26,27.194742430348033,27.25727531820161,26.867361068725586,26.867361068725586,2660600
2003-03-27,26.742301450628254,27.124860173591642,26.705517551703842,27.0476131439209,1205600
2003-03-28,26.922542501872936,27.18003255463416,26.922542501872936,27.03657341003418,2776000
2003-03-31,26.72389979197821,26.96667566907288,26.466406993715484,26.484800338745117,1859000
2003-04-01,26.742293097815036,26.98139257578965,26.565729315553984,26.944608688354492,2088800
2003-04-02,27.39338465690718,27.661909612387063,27.268316047963374,27.481666564941406,2797000
2003-04-03,27.73547359701557,27.73547359701557,27.441196898467425,27.496374130249023,3017200
2003-04-04,27.61775512557592,27.702357756478825,27.341871856542557,27.41543960571289,1385600
2003-04-07,28.011363263133237,28.118038520240315,27.433847427368164,27.433847427368164,3368400
2003-04-08,27.47797377146594,27.588328206865352,27.352908030681157,27.455904006958008,2013600
2003-04-09,27.489021744158215,27.80904467496757,27.15428188959795,27.305099487304688,4016000
2003-04-10,27.34924575214914,27.426492782234394,27.209465812913674,27.312461853027344,1569000
2003-04-11,27.503737641638462,27.584663897178427,27.135893066588736,27.16164207458496,1954200
2003-04-14,27.227862716361976,27.680312919848838,27.227862716361976,27.654563903808594,1661200
2003-04-15,27.643522711681282,27.95251083374023,27.45960040861811,27.952510833740234,1252600
2003-04-16,28.000326292404935,28.195283441898145,27.610409186987507,27.661907196044922,2042800
2003-04-17,27.724442454935783,28.158499100358107,27.680300102264866,28.084928512573242,3477400
2003-04-21,28.13275733191887,28.276216506958008,28.022402825074142,28.276216506958008,1799600
2003-04-22,28.02975393695548,28.747052502258835,28.02975393695548,28.666126251220703,1848600
2003-04-23,28.673477641552953,29.000859021914323,28.673477641552953,28.967754364013672,2297600
2003-04-24,28.805907370910703,28.94936652865769,28.70659057186715,28.820621490478516,2505200
2003-04-25,28.783839235028015,28.783839235028015,28.408638987177643,28.41599464416504,1117000
2003-04-28,28.618304740052295,29.030288805781947,28.526343610176077,28.919937133789062,1924800
2003-04-29,29.008202514123077,29.2620159861068,28.967739415504532,29.114877700805664,3249800
2003-04-30,29.00454016310462,29.39077803597011,28.91257903208245,29.20685577392578,2213600
2003-05-01,29.243636515165946,29.37238152344343,28.87211280005318,29.170068740844727,2613600
2003-05-02,29.243646030734915,29.92415798714494,29.243646030734915,29.9057674407959,3410400
2003-05-05,29.99034543663782,30.10437627198602,29.891028710113467,30.04184341430664,3975800
2003-05-06,30.11174283473533,30.372912022191148,30.08599383897011,30.32876968383789,3022400
2003-05-07,30.192678990514768,30.306709894092588,30.060254738294272,30.14485740661621,3449000
2003-05-08,29.935190835122366,30.074973571288442,29.821159913665976,29.89472770690918,4200400
2003-05-09,30.06025525080908,30.339817877644435,29.975649774613675,30.325103759765625,2168600
2003-05-12,30.29566676393296,30.69661583607868,30.273596996711788,30.656152725219727,2536600
2003-05-13,30.6672042564074,30.89158967919607,30.439139601944564,30.83641242980957,3012400
2003-05-14,30.932041221848287,30.932041221848287,30.681909667634592,30.818010330200195,3340200
2003-05-15,30.90996767595788,31.04607112833213,30.7885783378752,30.939395904541016,1187200
2003-05-16,30.93940528695347,31.16746991798814,30.549490962491117,30.556846618652344,3475200
2003-05-19,30.38394534805273,30.60097499246299,29.990351972138104,30.027135848999023,4013600
2003-05-20,30.06761133572814,30.203714823226658,29.74390915706675,30.019792556762695,4261000
2003-05-21,29.931521953246165,30.200046992045294,29.857951335030418,30.133834838867188,2802600
2003-05-22,30.14485218699,30.497985336053105,30.108068302504822,30.439128875732422,3453000
2003-05-23,30.44649214525271,30.7701971451197,30.306712226675447,30.67823600769043,1370600
2003-05-27,30.630404129485893,31.410235323208354,30.630404129485893,31.399200439453125,2582600
2003-05-28,31.487495470434382,31.76337890529175,31.487495470434382,31.612564086914062,2116200
2003-05-29,31.77074271754979,31.991448941308455,31.318292573377413,31.814882278442383,4168000
2003-05-30,32.05763798572438,32.42548236236738,31.95464200929311,32.38134002685547,6961800
2003-06-02,32.64620418213949,32.90369424748246,32.42181877958437,32.55056381225586,6354800
2003-06-03,32.524815602601905,32.653560638427734,32.370321559610915,32.653560638427734,2407400
2003-06-04,32.646209406522495,33.19797632606935,32.62413962779876,33.09865951538086,2709200
2003-06-05,32.977259193764894,33.63937759399414,32.86690472384465,33.63937759399414,2841000
2003-06-06,33.98883620851755,34.23897060908775,33.25314712524414,33.25314712524414,4320000
2003-06-09,33.17957448462319,33.25314507226712,32.6204520506841,32.63516616821289,3422400
2003-06-10,32.730815095910074,33.175906743538214,32.72345663200419,33.12440872192383,2932800
2003-06-11,33.106012071900956,33.49225000197904,32.841163526296725,33.43707275390625,3112200
2003-06-12,33.65040567201341,33.69822443188702,33.40027137723233,33.624656677246094,2266400
2003-06-13,33.6578146158779,33.67255291277745,33.00197586458295,33.027767181396484,2896400
2003-06-16,33.23410484657357,33.61729221504988,33.105148234837145,33.58413314819336,3104400
2003-06-17,33.760991052000286,33.78678237734614,33.396227218953506,33.65414047241211,3670200
2003-06-18,33.52150505757458,33.72415040437747,33.37043955608077,33.63203811645508,2160400
2003-06-19,33.71310646758952,33.83837786363211,33.03516119502907,33.1751708984375,3822600
2003-06-20,33.27095389797632,33.307798244708444,32.88408122968034,32.891448974609375,2780400
2003-06-23,32.92092762916099,33.04988425628611,32.19876770621667,32.30561828613281,3962800
2003-06-24,32.20981876591693,32.508264440259474,32.04770307786289,32.29456329345703,3491000
2003-06-25,32.30192796828834,32.806704185474636,32.30192796828834,32.51194381713867,4250200
2003-06-26,32.62617947483982,33.13832366449141,32.57091152976743,33.06831741333008,6290800
2003-06-27,33.160404383573926,33.48832371315032,32.8545910907197,32.8582763671875,6459200
2003-06-30,33.04619439470695,33.27463099420122,32.46035897536256,32.75511932373047,8802400
2003-07-01,32.72196143294185,33.049880884625246,32.33140631319384,32.97987747192383,5613600
2003-07-02,33.112526711185936,33.80521011352539,33.112526711185936,33.80521011352539,4177000
2003-07-03,33.536239502245856,33.76836425962678,33.4588655201335,33.51413345336914,1816000
2003-07-07,33.84205347872044,34.26208528003899,33.84205347872044,34.21050262451172,3659800
2003-07-08,34.192084638595894,34.914244685837296,34.15155500437444,34.81844711303711,3650400
2003-07-09,34.825809467277814,35.15004649084473,34.53841960442074,35.07635498046875,7547600
2003-07-10,34.89212797860967,34.89581325663142,34.32471884917418,34.39103698730469,3662000
2003-07-11,34.53105338606007,34.892131964218336,34.48683847787906,34.86634063720703,2477400
2003-07-14,35.175838347729346,35.481651795557895,34.85528659760311,35.15373229980469,5055000
2003-07-15,35.48164699046025,35.48164699046025,34.814752254261904,35.05792999267578,3240400
2003-07-16,35.24584560757882,35.275319401989016,34.6710630454009,34.86634063720703,3465200
2003-07-17,34.54948270614951,34.59001234591769,33.742580812229576,33.76100158691406,6777000
2003-07-18,33.97100589446014,34.19207760328768,33.72783095021082,33.98942947387695,4134000
2003-07-21,33.937845562409734,34.02627255602549,33.462545903779464,33.69466781616211,4103600
2003-07-22,33.79416290392539,34.15524156529517,33.57309393416203,34.08892059326172,3774600
2003-07-23,34.099957004567095,34.32102584838867,33.779405353847956,34.32102584838867,4282600
2003-07-24,34.50895344290821,34.79634336932106,34.14418671072791,34.254722595214844,3961800
2003-07-25,34.247355756819324,34.58264591474824,34.00418071999753,34.505271911621094,2761000
2003-07-28,34.50157563455409,34.965822316380326,34.479469586719794,34.928977966308594,3708800
2003-07-29,34.98425112733957,35.09478701400615,34.48684525942867,34.94740676879883,4928000
2003-07-30,34.98422540078176,34.98422540078176,34.575246856330494,34.81473922729492,2509400
2003-07-31,35.002661585345955,35.275313109550204,34.80738402837359,34.88475799560547,5324600
2003-08-01,34.91055514491314,34.984243846659034,34.28419274694171,34.39472579956055,4639000
2003-08-04,34.31735575698756,34.449997684184524,33.775735022773965,34.04838943481445,7828000
2003-08-05,34.05942837819227,34.13680233522582,33.45885467529297,33.45885467529297,6021600
2003-08-06,33.51781617440459,33.69835545222467,33.21568801495227,33.30780029296875,4478600
2003-08-07,33.34832392434632,33.41832733154297,33.024086964956275,33.41832733154297,5006600
2003-08-08,33.47729602603574,33.51045510620946,33.21201214046817,33.34465408325195,4139800
2003-08-11,33.322542617978065,33.80521011352539,33.322542617978065,33.80521011352539,4535400
2003-08-12,33.78310158390598,34.37261962890625,33.71678062815322,34.37261962890625,5286600
2003-08-13,34.37628722557537,34.486820220947266,34.19206275557988,34.486820220947266,7627000
2003-08-14,34.424203744474134,34.737384955648935,34.2768235242025,34.71159362792969,2902600
2003-08-15,34.65264519056765,34.88108187444484,34.648959911814906,34.72264862060547,1488000
2003-08-18,34.877416442817655,35.48535561490146,34.75214220342988,35.41166687011719,3762000
2003-08-19,35.573768522569004,36.074859619140625,35.407964709281046,36.074859619140625,5247200
2003-08-20,35.74325719251714,36.10065336141898,35.64745961472884,36.05643844604492,4613200
2003-08-21,36.255379695003285,36.402759847182516,36.14484387810821,36.35117721557617,4575200
2003-08-22,36.76754070061733,36.76754070061733,35.699037612568816,35.71009063720703,7130400
2003-08-25,35.64376759086053,35.77272422249386,35.34163942058653,35.67692947387695,4681600
2003-08-26,35.48901351827264,35.8316712581704,35.04319049084322,35.81324768066406,5046000
2003-08-27,35.809573458339656,36.18170507246185,35.735881942391764,36.16328430175781,2388200
2003-08-28,36.21855024760087,36.472778233293525,35.846415842864516,36.402774810791016,4292200
2003-08-29,36.43594462384471,36.78965555211527,36.354885342378516,36.55384826660156,3550000
2003-09-02,36.75280459173795,37.39759063720703,36.51331206978347,37.39759063720703,6342600
2003-09-03,37.500743281094586,37.7107591239151,37.390210254424545,37.55601119995117,5528200
2003-09-04,37.637065719326,37.784445880779266,37.41967934869782,37.71075439453125,4888200
2003-09-05,37.50812630980741,37.942896439132866,37.30547814362197,37.47127914428711,6292200
2003-09-08,37.63705780612279,38.09761895692938,37.570736887964955,37.99076843261719,4607400
2003-09-09,37.96867037983515,38.038673777967304,37.6223274220764,37.71075439453125,4377400
2003-09-10,37.5486418388229,37.5486418388229,36.92964735858217,36.96649169921875,7439600
2003-09-11,36.98492396966314,37.416011603451565,36.91492054398917,37.287052154541016,5449200
2003-09-12,37.193619271163996,37.596173068520876,36.85754493607562,37.45214080810547,5092000
2003-09-15,37.52969016480353,37.780823800657295,37.31918129487039,37.359806060791016,6256800
2003-09-16,37.466901708771424,38.00240866413684,37.45582274032284,37.91746520996094,4066000
2003-09-17,37.880546899052796,38.076282920066056,37.73651462632066,37.90639877319336,3757800
2003-09-18,37.94701830149858,38.31263841882127,37.67003276645114,38.30155944824219,2872400
2003-09-19,38.371735909843835,38.371735909843835,38.07258957006877,38.26094055175781,2665200
2003-09-22,37.743903902884966,38.00242549093629,37.574019736953495,37.73651885986328,4317400
2003-09-23,37.780816146319474,38.24984359741211,37.780816146319474,38.24984359741211,4706000
2003-09-24,38.334795455548985,38.3532594655072,37.30440902709961,37.30440902709961,5422200
2003-09-25,37.42258959113054,37.55923397256769,36.296180725097656,36.296180725097656,7514800
2003-09-26,36.347898569158424,36.41806916046723,35.63143102228191,35.67574691772461,10653600
2003-09-29,35.915787863187646,36.31464767456055,35.36551077124164,36.31464767456055,13239800
2003-09-30,36.14845122092382,36.30356523338628,35.50953961565026,35.841922760009766,14310400
2003-10-01,35.9601226870071,36.90926001600542,35.93427080713725,36.80954360961914,10303000
2003-10-02,36.82062686318488,37.20840792394108,36.75045907689441,37.16408920288086,7705200
2003-10-03,37.5444705706758,37.92855473276862,37.48537896565056,37.751285552978516,8542200
2003-10-06,37.7438916905303,38.113205710271856,37.59247440761029,38.07627487182617,2976200
2003-10-07,37.90638705687071,38.3754173939913,37.74388800241733,38.29047393798828,8096800
2003-10-08,38.356964640928425,38.48253008897269,37.8325392679616,37.9913444519043,5080400
2003-10-09,38.41604580971289,38.84814538476752,38.00241588165042,38.390193939208984,10419000
2003-10-10,38.35325731360834,38.46774656655167,37.86206903047397,38.34217834472656,9808000
2003-10-13,38.45297497919536,39.03279785078477,38.37172544777074,38.94416046142578,5230400
2003-10-14,38.90723145416678,39.23961463578662,38.733653413896285,39.19898986816406,7334800
2003-10-15,39.39103501497962,39.44273875274797,38.69302891982207,38.707801818847656,8170200
2003-10-16,38.70779847579592,39.12143115986119,38.685640537992434,39.054954528808594,4426400
2003-10-17,39.03651049294477,39.1140689558223,38.294190966717316,38.297882080078125,8651800
2003-10-20,38.38651025310774,38.61179209006808,38.22770506996591,38.48991775512695,5974200
2003-10-21,38.40128522551197,38.833382089798135,38.40128522551197,38.66349792480469,8582600
2003-10-22,38.28677263791759,38.368022149501435,37.77712045294831,37.817745208740234,7309400
2003-10-23,37.540756837972395,37.854673075558516,37.2526924595371,37.48535919189453,9793400
2003-10-24,37.245324949769554,37.607253993231296,37.03481603379327,37.39305114746094,8896400
2003-10-27,37.522324612647985,38.07998988009249,37.503860592025596,37.93965148925781,7502400
2003-10-28,38.15383382506756,38.851837158203125,38.061505312032246,38.851837158203125,6610600
2003-10-29,38.69302873028532,39.239614720984974,38.622860982310485,39.110355377197266,9492400
2003-10-30,39.516605643481974,39.60893416134058,39.01064435126544,39.221153259277344,8193200
2003-10-31,39.247001796664,39.35410320639645,38.430818106264084,38.96263122558594,4893400
2003-11-03,39.217458129499526,39.70125861186833,39.217458129499526,39.62370300292969,5433600
2003-11-04,39.590462641273035,39.88222106126494,39.48705516434272,39.679100036621094,5421000
2003-11-05,39.645852671216154,39.87482833862305,39.16943732916042,39.87482833862305,8291000
2003-11-06,39.90070188765832,40.18876647949219,39.53508166091868,40.18876647949219,6670600
2003-11-07,40.35124003818009,40.39924983384559,39.88220977783203,39.88220977783203,5796400
2003-11-10,39.98562173387036,40.077950225081295,39.228529796525834,39.23960876464844,4527000
2003-11-11,39.261767224330974,39.32824385159479,38.77796682558106,38.970008850097656,6615600
2003-11-12,39.02910404822529,39.87113952636719,39.02910404822529,39.87113952636719,8923600
2003-11-13,39.72710354042462,40.07056564436774,39.6089231830271,39.97823715209961,7083000
2003-11-14,39.97086319110911,40.23307584371042,39.147291572047564,39.221153259277344,6241800
2003-11-17,38.93677393741826,39.590458457588774,38.36803005676059,38.74473190307617,9251200
2003-11-18,38.98109888154009,39.217459646776426,38.2978656388349,38.32002639770508,11541800
2003-11-19,38.44558303931989,38.888761486133845,38.249847089474876,38.72256851196289,7253200
2003-11-20,38.40865393420786,39.051259470705794,38.32740440775508,38.460357666015625,6618600
2003-11-21,38.72257174163198,38.888764729664324,38.51945073533757,38.88507080078125,7275200
2003-11-24,39.165765156749174,39.845301812904964,39.073436622968664,39.77513122558594,7887600
2003-11-25,39.80835231916487,40.19613028884598,39.70494486058324,40.015167236328125,7972400
2003-11-26,40.29216427663834,40.4361965378233,39.71972916152041,40.2293815612793,5508000
2003-11-28,40.13335275957264,40.425111165365124,40.12227379010393,40.421417236328125,1156400
2003-12-01,40.57651870434699,40.942138671875,40.53220002254546,40.942138671875,5149400
2003-12-02,40.9384680642143,41.14897699181361,40.75381101131514,40.87937927246094,4948800
2003-12-03,41.02340901814571,41.12681651056858,40.12597568370031,40.144439697265625,4838000
2003-12-04,40.18505926098131,40.25892375859304,39.55722652831525,40.23676300048828,7712800
2003-12-05,40.0003946448869,40.070565199877734,39.57199191068875,39.738182067871094,6813800
2003-12-08,39.66432400199234,40.08903566379111,39.498131012083846,40.03363800048828,6081800
2003-12-09,40.199823452820596,40.236754284805635,39.29500538979875,39.3577880859375,7100600
2003-12-10,39.516592470125005,39.516592470125005,38.73733981376073,39.00324630737305,9320400
2003-12-11,39.073437902314026,40.11120975433992,39.01804021670324,40.092742919921875,8991000
2003-12-12,40.15759547966745,40.37995147705078,39.85370829018126,40.37995147705078,8462600
2003-12-15,40.39845758554198,41.098880103504996,39.41267606994474,39.434913635253906,7393200
2003-12-16,39.60575918258914,39.802599056370454,39.08951779656653,39.78403091430664,8354600
2003-12-17,39.81375809158226,39.85461198911155,39.37922427262633,39.77661895751953,6907800
2003-12-18,39.802600398730895,40.48225732562186,39.7097511846813,40.389408111572266,9705200
2003-12-19,40.407993107065494,40.45627369504996,39.98831270049495,40.25943374633789,7819200
2003-12-22,40.20370142220934,40.70880126953125,40.13313512730137,40.70880126953125,4387400
2003-12-23,40.6642458473337,41.035642747879166,40.571396622197334,40.9316520690918,5986400
2003-12-24,40.89078087512433,40.987344821781996,40.80536121093401,40.88335418701172,1266600
2003-12-26,40.98364485561523,41.13220417328636,40.927934757296896,41.02821350097656,1510000
2003-12-29,41.210201224971236,41.689303583910586,41.19163307939699,41.652164459228516,4843200
2003-12-30,41.59644547846426,41.87499310443612,41.52587917315417,41.75986099243164,5729000
2003-12-31,41.83786345698846,41.96413704924648,41.10621107380635,41.150779724121094,12725800
2004-01-02,41.28819375274879,41.83043290064312,41.28448182379762,41.59273910522461,11182200
2004-01-05,41.8749999831655,42.17211863308915,41.71158444235415,42.07926940917969,8686000
2004-01-06,42.10527880757086,42.387538486739075,41.96786089783307,42.0235710144043,6196800
2004-01-07,42.08670367793068,42.543523188569004,41.953000544745514,42.469242095947266,5919600
2004-01-08,42.814629859367024,42.98176014762651,42.4915164024251,42.7923469543457,6201200
2004-01-09,42.584375277179475,43.08576058861733,42.38382058589757,42.4506721496582,9598000
2004-01-12,42.666071831078035,43.267735786550986,42.52494203914238,43.245452880859375,5907000
2004-01-13,43.19716821573041,43.20088297774858,42.49522837155543,43.0634651184082,8131000
2004-01-14,43.223168664334864,43.371727985756806,42.99661633671141,43.28630828857422,6592000
2004-01-15,43.360607899521554,43.49059630724572,42.814653753545315,43.39774703979492,6338000
2004-01-16,43.71342698080772,43.869415878626626,43.49801886831038,43.6391487121582,6732200
2004-01-20,43.861966466431056,44.24450476026417,43.56856262127433,44.16279983520508,7429800
2004-01-21,44.140532687816176,44.33366071374008,43.63914730674342,44.1033935546875,8255600
2004-01-22,44.38565484370764,44.46736263445968,43.69857098239097,43.854557037353516,7189000
2004-01-23,43.89540327856504,44.12938232020928,43.594569843841136,44.09224319458008,8255400
2004-01-26,44.08481665164027,44.58991672826125,43.79141555584767,44.530494689941406,4996200
2004-01-27,44.50079083384086,44.530503275496315,43.93255384646868,43.97340774536133,6646800
2004-01-28,44.266795843012304,44.32250310920383,43.037470220940776,43.28630828857422,12830000
2004-01-29,43.34201172295945,43.44971715062993,42.39866620742672,42.87776565551758,17243600
2004-01-30,42.93719025629144,43.22316458537632,42.617788737112775,42.933475494384766,8807200
2004-02-02,43.022617059921465,43.36058961098975,42.57694189754742,43.04490280151367,10310800
2004-02-03,42.933470371556055,43.01517812255467,42.75148672930727,42.80348205566406,4679200
2004-02-04,42.63266039049892,42.6400870834687,41.7078826881512,41.74502182006836,11437000
2004-02-05,42.01986232719878,42.2909834224986,41.815592814744484,42.13499450683594,9354400
2004-02-06,42.13497940776065,43.31602172578189,42.13497940776065,43.200889587402344,11458200
2004-02-09,43.37544274801403,43.564855953665344,43.152605182647804,43.28630828857422,8756000
2004-02-10,43.304881495593364,43.84340874451578,43.21574702573278,43.80626678466797,4896000
2004-02-11,43.828541366120376,44.170225774852334,43.63912818655969,44.07366180419922,8204200
2004-02-12,44.09597028504623,44.23338537164455,43.754282866545076,43.77285385131836,5121000
2004-02-13,43.910267551863186,44.099677977383855,43.230610377369004,43.32345962524414,7421800
2004-02-17,43.609428345563124,44.084815979003906,43.587145435724906,44.084815979003906,6605200
2004-02-18,44.121958987662396,44.14795666093549,43.63171512484543,43.76170349121094,5221200
2004-02-19,44.121974264235355,44.17396962878417,42.98921203613281,42.98921203613281,9321400
2004-02-20,43.13403982384099,43.267742947184516,42.547231986225924,42.9149169921875,10968000
2004-02-23,43.04862410486307,43.06719225322199,42.183268485678454,42.2686882019043,12405200
2004-02-24,42.15353344872625,42.706913843342456,41.81927578859373,42.26495361328125,14168400
2004-02-25,42.39124244564428,42.88148624615849,42.22040020962774,42.85920333862305,10497800
2004-02-26,42.77749052550541,43.26401950625469,42.636360738522114,43.11917495727539,8306000
2004-02-27,43.2194478892807,43.49056597436383,43.063459075272725,43.34200668334961,9046400
2004-03-01,43.4534322492407,44.04395189150626,43.37915401128773,44.02909851074219,11023800
2004-03-02,43.97338122594175,44.15907962399596,42.498935492026156,43.67997741699219,14451000
2004-03-03,43.598264341763475,43.94366343328566,43.29371911950441,43.72454071044922,8672000
2004-03-04,43.732000017406435,44.30766654383066,43.590870166934344,44.2779541015625,4835200
2004-03-05,43.95853830338948,44.727329790409605,43.899113437951435,44.37821578979492,9174400
2004-03-08,44.49706269158956,44.690190670749,43.72455927555242,43.75055694580078,7698400
2004-03-09,43.78769018295724,43.93624949306082,43.22316537127027,43.379154205322266,11062800
2004-03-10,43.47944228733123,43.735707098191796,42.420961510893605,42.469242095947266,17781600
2004-03-11,42.309528070032094,43.08203419074161,41.99755607909157,42.04212188720703,21167800
2004-03-12,42.33924934633316,43.43115720989042,42.2723977866555,43.17489242553711,13307200
2004-03-15,43.015197197285275,43.037480108881425,41.90100628093335,42.060707092285156,21093200
2004-03-16,42.350387556216575,42.53608600403549,41.60387900259517,42.07926940917969,34601400
2004-03-17,42.28353700333382,42.94833780229831,42.26496885823212,42.85920333862305,18236800
2004-03-18,42.68836903374043,42.79607449606165,42.09784637253568,42.5992317199707,17928600
2004-03-19,42.61778918190745,42.75520703855721,42.07926487467787,42.227821350097656,14281000
2004-03-22,41.830433402816666,42.02356138487118,41.262196577774695,41.41447067260742,18560600
2004-03-23,41.715298217849806,42.023558313984786,41.325330353242094,41.48503112792969,15122600
2004-03-24,41.60386011179647,41.73013647241322,41.121046066815644,41.42930603027344,13165400
2004-03-25,41.72643790204743,42.432092523855395,41.596449563867,42.383811950683594,19901400
2004-03-26,42.290436040342186,42.785298198595704,42.26438782485884,42.491355895996094,11659800
2004-03-29,42.789016988660464,43.347134601556036,42.75925003467678,43.30620574951172,15613000
2004-03-30,43.20202078199112,43.711769182801525,43.16109193323168,43.65967559814453,9919000
2004-03-31,43.66339292048733,43.83082987783594,43.27643110367614,43.756412506103516,13493800
2004-04-01,43.74897126490693,44.25499802707705,43.678275472936384,44.236392974853516,9806600
2004-04-02,44.857771730455205,44.99916334156051,44.50429838015785,44.798240661621094,12827200
2004-04-05,44.824281493227886,44.98427530518163,44.5749896677075,44.928462982177734,7325800
2004-04-06,44.66800597108874,44.82799977126283,44.28104415581344,44.38150405883789,10185200
2004-04-07,44.37035562672289,44.8317321147047,44.03548445047266,44.71638870239258,10875800
2004-04-08,45.0549661079147,45.07729273928702,44.25499992517549,44.31825256347656,9078200
2004-04-12,44.418710276064125,44.761024499124524,44.32197195357951,44.43359375,7693000
2004-04-13,44.70521141676648,44.70521141676648,43.23550032648064,43.39921569824219,16763600
2004-04-14,43.135035771520926,43.65966467817799,42.84481516289378,43.265262603759766,15333200
2004-04-15,43.25411773568452,43.5145715026857,42.56577320398155,42.9304084777832,13475000
2004-04-16,43.12388313479034,43.473634868067506,42.62529664881469,43.25783157348633,13355800
2004-04-19,43.17224914457888,43.62246359333475,42.85226154649909,43.577816009521484,11097200
2004-04-20,43.700603913536746,43.99082742994318,42.51739457005202,42.6141357421875,16260800
2004-04-21,42.789003460166334,43.309913635253906,42.431808641494534,43.309913635253906,12238800
2004-04-22,43.20573668178542,44.098722402391154,43.19829352549869,43.905242919921875,14381000
2004-04-23,44.08757787830476,44.11362325810608,43.417838323956275,43.81224060058594,9145400
2004-04-26,43.93128828946067,44.29964504114715,43.60386038115406,43.905242919921875,10711800
2004-04-27,43.905249529174945,44.16942484247374,43.48108039641544,43.79362487792969,6833800
2004-04-28,43.5889860942738,43.644798423257946,42.64018501774225,42.87831497192383,15350600
2004-04-29,42.90063922848353,43.11272379587961,41.765799010738704,42.02625274658203,16087800
2004-04-30,42.26810339966218,42.34252077890079,41.34162902832031,41.34162902832031,18905200
2004-05-03,41.523952091646684,42.18253250039751,41.4830232373748,41.88486862182617,14629600
2004-05-04,41.91835050310532,42.75924557494264,41.84021154736472,42.11927032470703,14691400
2004-05-05,42.268090592583235,42.56575434188113,42.15274723812795,42.3052978515625,9045000
2004-05-06,42.000212366853454,42.000212366853454,41.18908127184082,41.68766784667969,22115200
2004-05-07,41.3751121787153,42.10438825679861,40.500728607177734,40.500728607177734,21520200
2004-05-10,40.18445709921167,40.46723740697707,39.49611279998088,39.78261184692383,33149000
2004-05-11,40.13238164919825,40.77979735420879,39.9984331807501,40.64957046508789,24259000
2004-05-12,40.57884884326942,40.96581052392939,39.55191502327756,40.958370208740234,31080600
2004-05-13,40.7053634270779,41.05883664913874,40.344447049905,40.39653778076172,20447600
2004-05-14,40.459805048177465,40.8542100886281,40.054240948484065,40.24028015136719,20033200
2004-05-17,39.618895281726076,40.12864069281873,39.25797890705842,39.857025146484375,19698400
2004-05-18,40.024459253393395,40.3295633202001,39.82353664763309,40.3072395324707,13970400
2004-05-19,40.63095255870592,41.08488857615331,39.97609674085523,40.02074432373047,18784800
2004-05-20,40.11002799198085,40.40768882571052,39.804924005137515,40.10258483886719,12400600
2004-05-21,40.24027507622073,40.627236910061555,40.12492885464237,40.4784049987793,12021800
2004-05-24,40.83931254312976,41.084882730198565,40.62722803845271,41.00302505493164,10802600
2004-05-25,40.91000212988816,42.01507497788407,40.787218465791085,41.858802795410156,14969200
2004-05-26,41.836490391286866,42.14531326293945,41.69509880214392,42.14531326293945,12890600
2004-05-27,42.28670956520644,42.51367761006531,41.81044968049698,42.1564826965332,19802800
2004-05-28,42.14530910598884,42.3053028935265,41.96299152814943,42.23088836669922,6848400
2004-06-01,42.044855518926,42.64018033905806,42.00020509289134,42.63274002075195,11926600
2004-06-02,42.71832396713335,42.75925282184552,42.312759837918584,42.491355895996094,12855600
2004-06-03,42.43554867636236,42.47647753326809,41.672786712646484,41.672786712646484,11824400
2004-06-04,42.09693865667528,42.45413348421217,41.91089950657905,42.19367980957031,11023000
2004-06-07,42.375998713773576,42.98992849613447,42.26809566267832,42.95643997192383,9933800
2004-06-08,42.829939468104136,43.00853548796722,42.72575798339524,42.9155158996582,6247600
2004-06-09,42.807616792061566,42.978772498367334,42.137874603271484,42.137874603271484,10326200
2004-06-10,42.394598679591006,42.472734775067025,42.07461114265193,42.3052978515625,9060600
2004-06-14,42.0150946987967,42.08206892825478,41.38628409643632,41.475582122802734,11226200
2004-06-15,41.75462858204726,42.35367489082324,41.75090700408622,42.23088836669922,20003800
2004-06-16,42.16020207999072,42.383451388246726,42.01509173286403,42.3127555847168,8662800
2004-06-17,42.238350204466805,42.44671609546432,41.91836530509036,42.204864501953125,17147600
2004-06-18,42.06719133632774,42.55089448772542,42.044867536296096,42.349971771240234,11470800
2004-06-21,42.364824084457574,42.562025076285494,42.156461200825255,42.1825065612793,6144000
2004-06-22,42.21230387421074,42.52485128431565,41.825344739770166,42.50996780395508,9991200
2004-06-23,42.405772306225,43.19829821281348,42.39832914913064,43.14992904663086,16378600
2004-06-24,43.13131950962726,43.384332888616754,42.92667813052536,42.99365234375,8302000
2004-06-25,42.80153828255734,43.64839041693072,42.80153828255734,43.49916458129883,12696200
2004-06-28,43.53645845331485,43.801335733590726,43.30516117510958,43.40961837768555,15502800
2004-06-29,43.327538474911904,43.92071015073293,43.327538474911904,43.771484375,7803600
2004-06-30,43.81252485797399,44.01770782470703,43.66329907092123,44.01770782470703,10870600
2004-07-01,43.954280272994254,44.051277444926455,43.215614318847656,43.215614318847656,16748000
2004-07-02,43.30889645316082,43.443199404738245,43.014179091569765,43.34993362426758,7557600
2004-07-06,43.0775900752111,43.1111643829182,42.4359211851875,42.57395553588867,13059400
2004-07-07,42.51427328863854,42.90225927932278,42.417276079406044,42.52173614501953,8702200
2004-07-08,42.256859700833225,42.52173702919652,41.63011352534885,41.74949645996094,13588000
2004-07-09,41.89499456259029,42.04794898017259,41.72711443061432,42.02556610107422,11431800
2004-07-12,41.85768873942029,42.06287463222231,41.46970552688851,41.783077239990234,13178000
2004-07-13,41.90616359362934,42.07404078959015,41.78678355853075,41.839012145996094,6838400
2004-07-14,41.51073277238396,42.126287499454705,41.439852713900116,41.59653854370117,12582800
2004-07-15,41.74949554314366,41.999447152945706,41.60772973452789,41.68980407714844,7474400
2004-07-16,41.99571698537013,42.01437128061504,41.18617066566814,41.22347640991211,13095600
2004-07-19,41.35031044485979,41.410001903892024,40.906367314850534,41.171241760253906,19252200
2004-07-20,41.28690532533867,42.12256897632493,41.201102379777566,41.98826599121094,9760000
2004-07-21,42.0666030352826,42.115100221799175,40.67134475708008,40.67134475708008,18338800
2004-07-22,40.68625102047952,40.86159109084019,39.9960850201992,40.73847961425781,18692400
2004-07-23,40.540767764704825,40.615382094975104,40.06697886403266,40.15651321411133,18983400
2004-07-26,40.24605273130375,40.380355696787475,39.43650635609341,39.63050079345703,16526600
2004-07-27,39.83567556106544,40.548227416038756,39.79836982200168,40.36915588378906,16286600
2004-07-28,40.29826271326501,40.55194565896646,39.69390249427384,40.3355712890625,20419800
2004-07-29,40.5892730243822,40.91756758116357,40.38408714749007,40.8131103515625,11042800
2004-07-30,40.73849747988755,41.10036921422314,40.6638859835538,41.036949157714844,12301000
2004-08-02,40.738499981999205,41.10783459639996,40.41393682214233,40.887725830078125,12227000
2004-08-03,40.82429853511671,40.86906713548075,40.28335813371888,40.30200958251953,14361000
2004-08-04,40.05577158216917,40.660131763955214,39.80581723243918,40.26841735839844,19376200
2004-08-05,40.2833441485279,40.33557274103081,39.44395239527354,39.526023864746094,15848800
2004-08-06,39.05972205857421,39.17537360425214,38.563550087508716,38.697853088378906,18657600
2004-08-09,38.76125382640652,38.888093904938614,38.46280222972044,38.57472229003906,10382000
2004-08-10,38.61947885764871,39.44395055711888,38.59336456261423,39.179073333740234,18270600
2004-08-11,38.9104757307877,39.32457592778205,38.47026123516511,39.12685012817383,13067600
2004-08-12,38.8694338771182,38.95150819039805,38.42548800778335,38.56352233886719,9952400
2004-08-13,38.6381465755281,38.82840956048097,38.30238920391882,38.55607223510742,9646200
2004-08-16,38.634412169083866,39.30965828833328,38.585914992685645,39.216392517089844,16553200
2004-08-17,39.51483693586072,39.71255989377389,39.298459687250215,39.462608337402344,10360800
2004-08-18,39.227580727852036,40.33557845449285,39.17162070045948,40.30573272705078,13410200
2004-08-19,40.18634254755539,40.32064544099183,39.817011013727445,39.96250534057617,10119000
2004-08-20,39.96252702473998,40.813110580544944,39.88418410209963,40.67134475708008,11919400
2004-08-23,40.83920916772924,40.97724066323817,40.36914896658282,40.5221061706543,12611200
2004-08-24,40.757144712357395,40.85041048973121,40.33558442327618,40.634033203125,11565000
2004-08-25,40.61164294553871,40.94366882493883,40.29080850198992,40.865325927734375,12466400
2004-08-26,40.79442592693046,40.936191644901044,40.58924304781903,40.626548767089844,9472000
2004-08-27,40.71984563644885,41.130214554821436,40.71984563644885,40.94741439819336,8073200
2004-08-30,40.813101197733715,40.96232699779992,40.44003812069089,40.481075286865234,10043000
2004-08-31,40.5892559873255,40.85039895171524,40.24603586038419,40.41764450073242,24903400
2004-09-01,40.69745249655245,41.44357870175459,40.69745249655245,41.13020706176758,20113400
2004-09-02,41.040669080279876,41.85767526719006,41.01455477925983,41.853946685791016,9649400
2004-09-03,41.65249950890427,41.861413953288825,41.186170591084576,41.391353607177734,10964400
2004-09-07,41.71218085499585,42.02555531316048,41.56295790431734,41.91363525390625,11445200
2004-09-08,41.79799272458046,42.182247286626,41.4547753338452,41.68980407714844,11916600
2004-09-09,41.67860677193937,42.33519857423278,41.6711439166176,42.036746978759766,12038400
2004-09-10,42.156130136591116,42.499347504161776,41.83902707206941,42.42473602294922,11722400
2004-09-13,42.47322646239004,42.857480937536174,42.4396521550449,42.65229797363281,13555400
2004-09-14,42.629925485403525,42.663502649413964,42.21582800174537,42.566505432128906,9151600
2004-09-15,42.432186849285394,42.44710971154737,42.10016099112998,42.309078216552734,10729200
2004-09-16,42.47322485770059,42.83882787481265,42.40607339930225,42.76421356201172,9656400
2004-09-17,42.753025749461756,42.85748294998956,42.3613112474825,42.689605712890625,12199800
2004-09-20,42.495626733788015,42.78288412012856,42.387438073771264,42.49935531616211,10983200
2004-09-21,42.66722460599172,43.03282482296881,42.60753314822259,42.8201789855957,9596800
2004-09-22,42.5403853668945,42.57023109836478,42.07405648609236,42.096439361572266,14979200
2004-09-23,42.189700934132645,42.31281242949705,42.003169400396985,42.05540084838867,9478000
2004-09-24,42.2554625978187,42.47608709506283,42.12458341699996,42.13206100463867,10635200
2004-09-27,42.019886721322095,42.03110453103129,41.5412383010931,41.6833381652832,15947800
2004-09-28,41.72445808191347,42.180667877197266,41.55992265333199,42.180667877197266,13526000
2004-09-29,42.090917619930636,42.57330322265625,42.057264203740054,42.57330322265625,16073200
2004-09-30,42.382591972055074,42.853759769383835,42.371374166658214,42.57330322265625,17295400
2004-10-01,42.84255017798471,43.65774414421752,42.79019850746122,43.64652633666992,16410000
2004-10-04,43.97558970816464,44.19247680751318,43.826012299891445,43.8933219909668,13371200
2004-10-05,43.83724056398098,44.04290703970237,43.65774707232467,43.852195739746094,10255200
2004-10-06,43.82226550510691,44.22238334570867,43.70634154083551,44.136375427246094,9322000
2004-10-07,44.03167456010354,44.076548631303694,43.3772759997623,43.39971160888672,10364600
2004-10-08,43.246403921838564,43.51564268711239,42.853763580322266,42.853763580322266,15495600
2004-10-11,42.99961412182795,43.085622085812666,42.78272980729974,43.05570602416992,7916600
2004-10-12,42.70793161954779,43.13422543243384,42.472349097569335,42.954734802246094,14074200
2004-10-13,43.27632581224477,43.358590687885645,42.319031978469205,42.33024978637695,17654200
2004-10-14,42.37512210714155,42.5284397500382,42.053531646728516,42.053531646728516,13499000
2004-10-15,42.259195971921805,42.72288336011097,41.98995721331141,42.487300872802734,16297800
2004-10-18,42.37512322497574,42.797676816454945,42.15075851138459,42.66679763793945,14040600
2004-10-19,42.82758715488263,43.03325644577297,42.18066893617619,42.22554016113281,14654200
2004-10-20,42.08345027639438,42.588271612778826,41.9076970078641,42.44617462158203,14972600
2004-10-21,42.53217999214283,43.05943980111737,42.304075048920794,42.984649658203125,10623200
2004-10-22,42.98465442193333,43.11553647330007,42.22181485033276,42.25172805786133,16834000
2004-10-25,42.17693615830067,42.797678654324606,42.09092820703867,42.704193115234375,15370400
2004-10-26,42.72288745060182,43.26510238647461,42.247982210826166,43.26510238647461,15694400
2004-10-27,43.13797612371215,43.81855087202266,43.07066640781538,43.68767166137695,18685600
2004-10-28,43.73253338395912,43.781147689440395,43.32119758877227,43.5268669128418,10726400
2004-10-29,43.56052230814587,43.796107699640935,43.28380590292789,43.448341369628906,11972800
2004-11-01,43.57922670572667,43.84472533984389,43.272594199131156,43.79237365722656,13256800
2004-11-02,43.852199847885814,44.14761452358638,43.429646195605336,43.620357513427734,12997000
2004-11-03,44.282234202679135,44.53651501029009,44.020475806441034,44.323368072509766,18907000
2004-11-04,44.33084034148955,44.89923111980069,44.061601553307206,44.865577697753906,12551400
2004-11-05,45.022629841574854,45.34048005902715,44.73843304402784,45.067501068115234,10656600
2004-11-08,45.052545992550655,45.19838318502772,44.787044587834096,44.91044616699219,5433200
2004-11-09,44.9291463075356,45.30308842769328,44.873054418921555,45.07124328613281,6608800
2004-11-10,45.15351296849368,45.67329230983272,45.0974210774455,45.396575927734375,11236200
2004-11-11,45.47510447184113,45.98740623744299,45.43397060766386,45.845306396484375,8648200
2004-11-12,45.89016399286938,46.387507551627586,45.75180442189834,46.31271743774414,12640800
2004-11-15,46.33143804281871,46.574501037597656,46.12576869655518,46.574501037597656,9308000
2004-11-16,46.38377810837598,46.46978319313337,46.01357623074036,46.163150787353516,11696400
2004-11-17,46.38752608378679,46.8699089595327,46.222990620461196,46.40996170043945,14988800
2004-11-18,46.42117305469753,46.514658581689105,46.092105026749884,46.338905334472656,12526000
2004-11-19,46.32395188550841,46.350127721534655,45.66581576457644,45.845306396484375,11445000
2004-11-22,45.67702982787099,46.38752041556193,45.65833158097705,46.33142852783203,13922200
2004-11-23,46.34266068481666,46.649293199343525,45.91636677079034,46.61937713623047,21859400
2004-11-24,46.66797234389614,47.079308057945134,46.61188046176409,46.89981460571289,11408600
2004-11-26,46.985848077170765,47.26630478731748,46.92975616455078,46.92975616455078,6176600
2004-11-29,47.27377193558353,47.520575155415195,46.724076448642606,47.098018646240234,17324000
2004-11-30,47.288722878323036,47.48317438958332,47.16158391961235,47.445777893066406,14468600
2004-12-01,47.41961141538482,48.10766372220857,47.3709999544525,47.88703918457031,19120200
2004-12-02,47.86835176734541,48.16750674851719,47.69634150465863,47.819740295410156,12883400
2004-12-03,47.83094263401732,48.171231366039244,47.729976654052734,47.729976654052734,13313800
2004-12-06,47.85713332784084,47.920699976554424,47.43457673369039,47.5056266784668,6219600
2004-12-07,47.66639828890751,47.7598838106625,46.63431732990592,46.67171096801758,13218200
2004-12-08,46.7427721460109,47.19150161743164,46.593194704553184,47.19150161743164,11617000
2004-12-09,46.88111474902588,47.09052137922813,46.331419491793625,46.83250045776367,18757600
2004-12-10,46.74651236660925,47.341079058889356,46.6792026606009,47.19150161743164,10605200
2004-12-13,47.434552003220986,47.7075309753418,47.09426619592282,47.7075309753418,11161400
2004-12-14,47.66266204264426,48.10017648917464,47.64022642849724,47.96555709838867,11281800
2004-12-15,47.98052070164844,48.42177544570613,47.94312990680264,48.36568069458008,10569000
2004-12-16,48.33202122919276,48.39932807504931,47.737454600509835,47.98799514770508,13787000
2004-12-17,47.84589262261732,48.07026017468015,47.62152792350643,47.793540954589844,19285200
2004-12-20,47.898245837003145,48.216098928369824,47.4981278739031,47.73745346069336,11991600
2004-12-21,47.827194508021634,48.26096585456818,47.71875095814705,48.24226760864258,9142200
2004-12-22,48.24601574880537,48.55638840487843,48.19366407825715,48.335758209228516,7285200
2004-12-23,48.448665387840265,48.65499070782644,48.4186596359366,48.45991897583008,8365000
2004-12-27,48.76752977395594,48.76752977395594,47.885963461990926,48.1485595703125,10330200
2004-12-28,48.18982616725243,48.842557153901176,48.18982616725243,48.78628921508789,8985200
2004-12-29,48.7750560475528,48.9176034602601,48.621249318265356,48.782554626464844,9263400
2004-12-30,48.846322191292266,48.91759302038244,48.6099853515625,48.6099853515625,7993400
2004-12-31,48.722524412364685,49.01512918705804,48.52745265453428,48.57997131347656,15081800
2005-01-03,48.83882762187749,48.92510707099344,47.694664702316594,47.94975662231445,16062600
2005-01-04,48.0435343419735,48.08104440137672,46.839348670263306,46.921878814697266,27450000
2005-01-05,46.869361837374136,46.99690634731963,45.98404312133789,45.98404312133789,29884200
2005-01-06,46.26914077966791,46.66678575069456,45.935270921745655,46.22787857055664,23061200
2005-01-07,46.33291283125058,46.47921521496272,45.68768033792925,45.71393966674805,20906200
2005-01-10,45.766463610731556,46.59175935069423,45.728950688379165,46.17911148071289,23449000
2005-01-11,45.95026765010621,45.98027912543949,45.4851012306477,45.616397857666016,23233800
2005-01-12,45.68392728439382,45.95402486807739,45.11372350043572,45.80397033691406,24791200
2005-01-13,45.87523570803602,46.092814582118336,45.44758225873018,45.6651611328125,18940600
2005-01-14,45.800206110794825,46.179093058122405,45.70267312399872,46.10031509399414,13541000
2005-01-18,45.99153941982089,46.82058722794747,45.92401502150028,46.64802551269531,16787600
2005-01-19,46.625514277190575,46.798075977428645,45.980281829833984,45.980281829833984,20194800
2005-01-20,45.81900071982584,46.130363538596036,45.62768101814065,45.706459045410156,29061600
2005-01-21,45.78521663348374,46.134092212156375,45.4475946441147,45.60139846801758,22309800
2005-01-24,45.73643430814125,45.954013179885294,45.079948405571464,45.25251007080078,18547200
2005-01-25,45.451338869577114,45.841476586986985,45.188742762720345,45.36880874633789,22059200
2005-01-26,45.548877875561516,46.104078774729636,45.43633912525253,45.972782135009766,18351600
2005-01-27,45.908997052007905,46.41543133553017,45.8227176483918,46.104068756103516,20795400
2005-01-28,46.254137745895946,46.254137745895946,45.53012722070765,46.06657028198242,20704200
2005-01-31,46.33666812305304,46.70430163619934,46.19411787128951,46.60676574707031,21879000
2005-02-01,46.61051405075044,47.030666193659414,46.539237499725544,46.86935806274414,20250400
2005-02-02,46.93687829108247,47.26324381244497,46.86184959613265,47.225730895996094,17766800
2005-02-03,47.10194869796287,47.154467367899045,46.61052277410885,46.96689987182617,14914600
2005-02-04,46.970635400622555,47.664634318081426,46.914364599303866,47.55959701538086,19564000
2005-02-07,47.66089290908366,47.8484603697852,47.33452449712413,47.5483512878418,12354400
2005-02-08,47.53334948771746,47.814700702091805,47.492084413978354,47.66464614868164,10688000
2005-02-09,47.82219961337844,47.82970105227973,46.64802551269531,46.64802551269531,27444000
2005-02-10,46.79432873702341,46.978146906998916,46.44545314979232,46.73055648803711,20379000
2005-02-11,46.76056122142719,47.54459171091101,46.42669142249222,47.49207305908203,18049200
2005-02-14,47.417063961769,47.64214438645981,47.16197205057199,47.45082473754883,8975000
2005-02-15,47.51083094704318,47.77717635619064,47.2032204740227,47.49207305908203,14451600
2005-02-16,47.41706077054287,47.942250300844115,47.248248316846386,47.634639739990234,18858800
2005-02-17,47.792208782017426,47.8934939922319,47.17323534033004,47.214500427246094,17347600
2005-02-18,47.161970196791074,47.420814249140285,46.8918725529576,47.09819793701172,15579400
2005-02-22,46.854355531266,47.15446177213765,46.1415985583605,46.17911148071289,27227400
2005-02-23,46.3216452899838,46.730540838724615,46.26162234958993,46.45294189453125,17492200
2005-02-24,46.39668907805822,46.95189004358779,46.05531491193109,46.88811492919922,16971800
2005-02-25,46.816840954373696,47.67589743547811,46.816840954373696,47.66839599609375,23738200
2005-02-28,47.604612987926956,47.74341105056954,47.023152826210655,47.37202835083008,18075400
2005-03-01,47.514591716968205,47.85971516647014,47.372038611526506,47.73591995239258,19476800
2005-03-02,47.53333299178919,48.11479024914285,47.45455502254972,47.64962387084961,21102400
2005-03-03,47.86721658531983,47.99476395002616,47.37203859127368,47.69090270996094,17486400
2005-03-04,48.07354314696153,48.35864938184281,47.83720915096369,48.276119232177734,16204600
2005-03-07,48.354876448922674,48.49742951353447,48.114790390899365,48.15605545043945,13329800
2005-03-08,48.15981958429116,48.268606185082774,47.66088948774817,47.698402404785156,15237000
2005-03-09,47.593372488088576,47.69465766603297,47.1582145690918,47.1582145690918,22694800
2005-03-10,47.22572882195671,47.5258378644718,46.68928584034605,46.955631256103516,22922000
2005-03-11,47.098192693796655,47.304515192829115,46.67053909268652,46.921878814697266,15532600
2005-03-14,47.06441576599475,47.27449035644531,46.84308758849172,47.27449035644531,14980800
2005-03-15,47.465814911148,47.57460436750842,46.854346099934546,46.955631256103516,18482400
2005-03-16,46.79432027568735,46.996893437648986,46.497963401450065,46.69303512573242,21527600
2005-03-17,46.71179015095649,46.981887700238666,46.45669833908463,46.69303512573242,19603400
2005-03-18,46.726792757834914,46.779311404226576,46.32164932310662,46.44169235229492,24139800
2005-03-21,46.546743769379795,46.618017461366534,46.19786816274172,46.49797439575195,16590200
2005-03-22,46.55424642834184,47.08318807828386,46.17911148071289,46.17911148071289,30865000
2005-03-23,46.14159697716139,46.15285056727621,45.770214193110135,45.841487884521484,21073800
2005-03-24,46.085654891933174,46.44363715205259,45.97637540069979,46.01028823852539,14170800
2005-03-28,46.164801428577434,46.353213805622545,45.950011433743796,46.029144287109375,12566800
2005-03-29,45.957554815560016,46.38336582822999,45.1624542134033,45.36970901489258,21808800
2005-03-30,45.426216540272065,46.06304829754228,45.426216540272065,46.03667068481445,19132800
2005-03-31,46.10450808794953,46.11204619300038,45.78420762196179,46.029144287109375,20469400
2005-04-01,46.24772723090949,46.51527259956226,45.527990198731835,45.83698654174805,23993200
2005-04-04,45.76158939384071,46.11580263292867,45.369691387345334,46.00652313232422,30577600
2005-04-05,46.02161462361157,46.217565141649914,45.8784222257722,46.08944320678711,17858000
2005-04-06,46.210016429486586,46.57930593645174,46.10450596319499,46.232627868652344,19717800
2005-04-07,46.04044227425087,46.54161981864745,45.93116276551403,46.41349792480469,14978600
2005-04-08,46.37205271988035,46.47002795966386,45.64854989135142,45.70884323120117,19497000
2005-04-11,45.727678951242765,45.77666800454392,45.36592756698037,45.48274230957031,19150600
2005-04-12,45.41490798950571,46.01406071012071,44.95518430679472,45.90855026245117,32519000
2005-04-13,45.821896775382534,45.89726346309696,45.01172285085979,45.08708953857422,25937800
2005-04-14,45.11721605217995,45.31316360278424,44.18268966674805,44.18268966674805,36952400
2005-04-15,44.20531600799739,44.44648364803765,43.334851647069115,43.576019287109375,51555800
2005-04-18,43.493133507053884,43.99808041724017,43.19167528263988,43.85488510131836,35293400
2005-04-19,44.129954320131326,44.59344723266964,44.07343002288526,44.57837677001953,32092800
2005-04-20,44.616031436922256,44.6913952039414,43.77948039827005,43.881221771240234,31657400
2005-04-21,44.34473921593155,44.9853401773709,43.730515873493935,44.955196380615234,32386400
2005-04-22,44.81575460730176,44.887352208975024,43.74180495692211,44.227909088134766,30021000
2005-04-25,44.397492947051575,44.710258186703065,44.27690913928705,44.634891510009766,19041800
2005-04-26,44.45024950428721,44.89113379500287,43.730515688881056,44.00559616088867,30991400
2005-04-27,43.80589721690179,44.30707505354242,43.421537061136185,43.98677444458008,30928600
2005-04-28,43.81340461411861,43.824711769558284,42.863807678222656,42.863807678222656,30459400
2005-04-29,43.32730535772468,43.49687532308647,42.577422133263376,43.42527770996094,57488600
2005-05-02,43.545868372929675,43.892549337305134,43.3612250453984,43.869937896728516,25063400
2005-05-03,43.85111377336971,44.20156103837787,43.5835684446994,44.0885124206543,25104800
2005-05-04,44.00183238804391,44.67258297378124,43.873713330901666,44.57837677001953,23520000
2005-05-05,44.6160474855743,44.90243507816048,44.261831328295195,44.57082748413086,38436800
2005-05-06,44.951431217728036,45.01172169140138,44.52562022415441,44.729103088378906,23372200
2005-05-09,44.71402570745476,45.218969486750034,44.49169761250702,45.15867614746094,19355600
2005-05-10,44.898661471640146,45.15866854746862,44.476616792478545,44.61981201171875,28207600
2005-05-11,44.747939823610096,44.781852671713466,44.092265552442356,44.64242935180664,32094000
2005-05-12,44.766787123538826,44.898675227764855,43.85110274999092,43.93777084350586,30449600
2005-05-13,44.088495230315054,44.16762808188893,43.29339478719158,43.77949905395508,37347200
2005-05-16,43.72298793669377,44.46533336903246,43.67400173999641,44.45402908325195,31343600
2005-05-17,44.28067351739079,44.72909297786354,44.02819877080155,44.71778869628906,22691400
2005-05-18,44.932569467063345,45.64100163335625,44.92126518780444,45.6146240234375,36759800
2005-05-19,45.56187167906993,45.87463396643278,45.47896979268072,45.7276725769043,26642600
2005-05-20,45.708854064816094,45.76160931221599,45.35840684997657,45.67116928100586,23165000
2005-05-23,45.72767385923529,46.161022811639505,45.686222914878286,45.97261047363281,27477400
2005-05-24,45.806803505292834,46.066813433611834,45.693757835330075,45.78419494628906,21963200
2005-05-25,45.799296243404534,45.82190481621363,45.33203419736061,45.44131088256836,22453600
2005-05-26,45.62971036156326,46.119583716215395,45.62971036156326,46.074363708496094,20049800
2005-05-27,46.19872026189012,46.379597432263196,45.89726214452843,46.33060836791992,15095200
2005-05-31,46.364515951516836,46.50394213908477,46.078128346622094,46.232627868652344,19278200
2005-06-01,46.228861088468676,46.914682028017,46.2137877532655,46.75641632080078,26634800
2005-06-02,46.75642531111403,46.98251963274551,46.6094638583063,46.884544372558594,14395000
2005-06-03,46.83555650103631,47.03904224569393,46.39090310529081,46.54163360595703,21798200
2005-06-06,46.52278438829107,46.77149010913583,46.368287732115036,46.7149658203125,16974800
2005-06-07,46.87699069718935,47.38570343944305,46.70365168964074,46.80916213989258,25201400
2005-06-08,46.90714555658701,47.00511792039791,46.4436498549253,46.511478424072266,18085800
2005-06-09,46.4775606324239,47.04279772516426,46.24393114072238,46.96743392944336,21813800
2005-06-10,47.0654182434082,47.140782053667834,46.78656869551348,47.0654182434082,19949900
2005-06-13,46.92976532303172,47.344272066782345,46.82425482916196,47.27644348144531,21416100
2005-06-14,47.25381926056612,47.68339920043945,47.08048023877025,47.68339920043945,14950400
2005-06-15,47.803995835637444,47.84167774181319,47.20861194324706,47.81153106689453,20371900
2005-06-16,47.84167804564493,48.33908668518117,47.728632326399755,48.27879333496094,21612000
2005-06-17,48.47473146902016,48.72343716274778,48.143126752327795,48.248634338378906,20964800
2005-06-20,48.132315950902075,48.35137457338807,48.01145651806777,48.10210037231445,17148400
2005-06-21,48.23050084924369,48.336255349282226,47.988782040758004,48.23805618286133,13798200
2005-06-22,48.32115618830402,48.509999221234374,47.95857791085966,48.35137176513672,15672300
2005-06-23,48.2758390225741,48.426914044622436,47.497806549072266,47.497806549072266,19600900
2005-06-24,47.54312824330432,47.603559406261446,46.885955194486,46.99170684814453,25158200
2005-06-27,47.044580472528246,47.278746895749684,46.90861324375661,47.11256408691406,19839000
2005-06-28,47.41470638915008,48.23806208171311,47.37693836098984,47.84526824951172,18261700
2005-06-29,48.23807684736754,48.389149006251635,48.064341559437445,48.22296905517578,17068800
2005-06-30,48.396689625552064,48.56287240760805,47.89059170785918,48.11720275878906,28369700
2005-07-01,48.11720157585163,48.38158353003334,47.920803223429125,48.328704833984375,14988200
2005-07-05,48.20028514924534,49.13694763477005,48.16251424654688,49.09162139892578,27172600
2005-07-06,49.10675843274643,49.204954764245386,48.63087016055574,48.64598083496094,21094100
2005-07-07,48.10964546226507,48.86502040375271,47.94346556850195,48.78192901611328,32447900
2005-07-08,48.827266423199156,49.86967815265708,48.759285680488915,49.831912994384766,24967200
2005-07-11,49.86212956926867,50.602391232085104,49.83946932124847,50.443763732910156,35662900
2005-07-12,50.36819420716174,50.71566455982815,50.1038152174188,50.28510284423828,24254400
2005-07-13,50.345540601470205,50.473952447244706,49.96785463411188,50.17180252075195,16978500
2005-07-14,50.534398833103985,50.662810717624744,49.68837993625756,49.809242248535156,26043100
2005-07-15,49.81678994013187,50.005632973662365,49.416443631132346,49.85456085205078,15694300
2005-07-18,49.786578745987754,49.9149906221008,49.37867711330641,49.56752014160156,14741300
2005-07-19,49.77148468474191,50.34556929597517,49.665733014650755,50.26247787475586,14000400
2005-07-20,50.04339388157661,51.02537976484255,49.99807340675941,50.87430191040039,23859900
2005-07-21,50.94985401649374,50.94985401649374,50.02074941168382,50.081180572509766,41935700
2005-07-22,50.19447819274222,50.92719011682913,50.0887265504031,50.851654052734375,27929800
2005-07-25,50.836559306934205,51.123598713083986,50.31535056334022,50.5192985534668,22514700
2005-07-26,50.54194108451242,50.88941149781196,50.30021652253283,50.670352935791016,21896800
2005-07-27,50.79878364059029,50.851659467390036,50.19448353742215,50.81388854980469,24091600
2005-07-28,50.88941249009459,51.36529476395185,50.625027686031906,51.335079193115234,21416900
2005-07-29,51.3653065164627,51.56170489032172,50.94229995402684,51.2822151184082,24809900
2005-08-01,51.31999843084307,51.55416201119203,51.153815594582426,51.25956726074219,19025900
2005-08-02,51.38796873955113,51.75809949594765,51.36530849612332,51.644798278808594,16505300
2005-08-03,51.47860906676595,51.59946560434406,51.26710580373048,51.387962341308594,16877600
2005-08-04,51.03296511321622,51.214258665647144,50.443775475403015,50.5268669128418,19246400
2005-08-05,50.42865782020854,50.4739783153487,49.597749418782655,49.831912994384766,33135200
2005-08-08,49.98295604429285,50.13403387849725,49.49196316843123,49.658145904541016,20272000
2005-08-09,49.77146307626667,49.907430273500864,49.439097535687246,49.73369216918945,21193800
2005-08-10,49.884772858697076,50.30777937936031,49.00098890815498,49.665714263916016,27119700
2005-08-11,49.52976136470317,50.15672175536564,49.514656454473126,50.096290588378906,22973700
2005-08-12,49.8847821027621,49.907442347277964,49.197390616273374,49.49198532104492,25523100
2005-08-15,49.59017865008663,50.224688436731405,49.28802866276602,50.0207405090332,23665800
2005-08-16,49.90743194397119,49.914987278245775,49.14450454711914,49.14450454711914,18698200
2005-08-17,49.099199911612686,49.544866806092855,48.97833757634348,49.0840950012207,21158800
2005-08-18,48.92544937133789,49.21249446348696,48.69884119457123,48.92544937133789,23307000
2005-08-19,49.13696863135573,49.220060042373404,48.88013906192843,49.182289123535156,20511600
2005-08-22,49.28047184455351,49.50708576897918,49.000987869197544,49.46176528930664,22168900
2005-08-23,49.48443158123895,49.575072551669685,48.99343852695439,49.45421600341797,20650300
2005-08-24,49.280480373152436,49.87722509858472,49.031211928782994,49.25782012939453,28753000
2005-08-25,49.35601269662034,49.61284222013986,49.235156151400375,49.52975082397461,13910500
2005-08-26,49.52219685507115,49.52975219030334,48.67618372609709,48.72150421142578,19853300
2005-08-29,48.66862573393933,49.37867736816406,48.49488761127706,49.37867736816406,23967300
2005-08-30,49.18984540482175,49.30314663744679,48.87258466437208,49.159629821777344,21959000
2005-08-31,49.21251667400429,50.25492858886719,49.038778473343235,50.25492858886719,25306700
2005-09-01,50.171837157642486,50.51930779593012,50.01320963340473,50.25492858886719,21105000
2005-09-02,50.42865527971355,50.458870862629276,49.77903465460836,49.98298263549805,21928100
2005-09-06,50.13403326943848,50.75343797457636,50.058491471738954,50.730777740478516,26684300
2005-09-07,50.70813973679087,50.964969312086005,50.519296664351266,50.88187789916992,14230200
2005-09-08,50.753453193911135,50.836544585873035,50.41353229142199,50.594825744628906,13027800
2005-09-09,50.77611768703165,51.048052126583315,50.6477058025301,50.9045295715332,23016100
2005-09-12,50.9347508939371,51.425744007558365,50.821443904173286,51.13114929199219,17628700
2005-09-13,51.02539120614159,51.02539120614159,50.541953489588394,50.738346099853516,23028900
2005-09-14,50.76100969718013,50.836551527847824,50.043408410097406,50.156715393066406,21257200
2005-09-15,50.22470153579069,50.33800853096637,49.89989122323809,49.98298263549805,23098600
2005-09-16,50.285146334997485,50.62506164964965,50.11140812688622,50.56463623046875,24336600
2005-09-19,50.504190410512514,50.59483715756362,50.081183783673474,50.32290267944336,24514400
2005-09-20,50.42864841987733,50.549504972066885,49.52219834480994,49.597740173339844,29350200
2005-09-21,49.4995353518484,49.559966506102526,48.79703903198242,48.79703903198242,28527200
2005-09-22,48.84991586561368,49.18983679307786,48.419353967918134,49.04631423950195,34380600
2005-09-23,48.95385964206682,49.47666234056847,48.67351507694923,49.385738372802734,27178400
2005-09-26,49.71914291381836,49.89340670486457,49.393339108100996,49.71914291381836,22874700
2005-09-27,49.64337795948672,49.89341468820661,49.21907741183702,49.552459716796875,27076800
2005-09-28,49.68125970065455,49.73429726407859,49.052381605297455,49.48426055908203,21575500
2005-09-29,49.438786066597,50.12070151330256,49.10540389695004,50.02977752685547,24484600
2005-09-30,50.03735590583464,50.340430079605184,49.84793526981042,50.30254364013672,29016300
2005-10-03,50.378329436819755,50.810208416024665,50.34044876395057,50.60563659667969,26406700
2005-10-04,50.67380452992957,50.84049560816053,49.79489581833745,49.840354919433594,17037600
2005-10-05,49.8328073774592,49.8328073774592,48.52959749908099,48.56747817993164,45606700
2005-10-06,48.55987859257933,48.8932608106478,47.6279321639387,48.13557815551758,59096500
2005-10-07,48.491711037567924,48.68871023224352,48.18863668745064,48.56747817993164,24054600
2005-10-10,48.68110997215897,48.70383952661783,47.96131088088597,48.02192687988281,16625700
2005-10-11,48.25682039746921,48.42351155186724,47.35517883300781,47.35517883300781,34321100
2005-10-12,47.30971522140198,47.582481504711566,46.408073687422515,46.68841552734375,63535700
2005-10-13,46.703579023366245,47.082420518222015,46.25654594382319,46.877845764160156,48558500
2005-10-14,47.35517505737357,47.74917046069058,46.46110912106392,47.66582489013672,52777600
2005-10-17,47.62792404865552,47.984035760794725,47.1505832479648,47.74915313720703,32203400
2005-10-18,47.65823240422813,47.756729052320516,47.05208406655155,47.10512161254883,32724600
2005-10-19,46.90814619073442,48.12043762207031,46.506575196041425,48.12043762207031,42623200
2005-10-20,48.03709215486683,48.2265128606978,46.88541391657485,47.22637176513672,47278000
2005-10-21,47.453657414508314,48.02949486254563,47.377887427707705,47.74915313720703,41173200
2005-10-24,47.84765838710958,48.794761657714844,47.67338884182799,48.794761657714844,30567800
2005-10-25,48.6508027180284,48.79476427268656,47.93858206088319,48.37803649902344,31535500
2005-10-26,48.25682595413297,48.938738873650564,47.96890851471338,48.128021240234375,34786100
2005-10-27,47.93858760045077,47.984049605648295,46.93086816271601,47.12028884887695,27349900
2005-10-28,47.30970699359275,47.938585025222714,46.99148164529576,47.77947235107422,38437300
2005-10-31,48.074978364541664,48.9084312502787,48.04467035626088,48.32501220703125,35208700
2005-11-01,48.52959749908099,48.772055823042336,48.18863668745064,48.56747817993164,30221400
2005-11-02,48.43106658087536,49.54486083984375,48.378029034289206,49.54486083984375,33256200
2005-11-03,49.83279069899611,50.12829228243973,49.45394933330897,49.71914291381836,43129900
2005-11-04,49.6888271026577,49.83278286814811,49.20391069323197,49.613059997558594,26502300
2005-11-07,49.8024812463121,50.04493945392495,49.44636948936142,49.79490280151367,20776800
2005-11-08,49.57517355467926,49.681248657949915,49.29482890708705,49.613059997558594,21210800
2005-11-09,49.567592997081974,50.08281738271708,49.33271324708898,49.77974319458008,29761700
2005-11-10,49.734284498711844,50.196471338774444,49.052369014958884,50.04493713378906,34586100
2005-11-11,50.044934125483444,50.3783105125432,49.969161246886244,50.33285140991211,19662800
2005-11-14,50.39346678479212,50.42377477972887,49.817626442311685,50.15100860595703,24330700
2005-11-15,50.07525068772135,50.1889042575222,49.36303282624663,49.423648834228516,35159500
2005-11-16,49.49940536268791,49.62821001659408,48.931143415933015,49.43878936767578,28408200
2005-11-17,49.57519031211667,50.31772206666188,49.56761186484721,50.294986724853516,22203100
2005-11-18,50.48439355947456,50.825354224902355,50.287400229931336,50.681392669677734,28896800
2005-11-21,50.772328035744906,51.287552591156825,50.401059287123395,51.19662857055664,30758600
2005-11-22,51.1132866184455,51.605781648768186,50.984481915631434,51.469398498535156,21208700
2005-11-23,51.37089752481675,51.78761960755432,51.34816218445404,51.53001022338867,21290900
2005-11-25,51.522430655976386,51.62092733942778,51.34816106761973,51.492122650146484,5901000
2005-11-28,51.61333957606563,51.63606912862418,50.620771462620574,50.8101921081543,24596300
2005-11-29,50.84048712168379,51.19659876925036,50.65106652452353,50.88595199584961,23177100
2005-11-30,50.86323179718586,51.35572665242169,50.81777269015657,51.105690002441406,38323000
2005-12-01,51.36328111003117,52.16642245599222,51.090515033920454,51.93912124633789,37384100
2005-12-02,51.97703521985003,52.14372634887695,51.61335073893729,52.14372634887695,23767700
2005-12-05,52.060370614304766,52.09825705646812,51.46180066821248,51.77245330810547,25918100
2005-12-06,51.98461715439688,52.34072899382258,51.78761800863055,51.93157958984375,26482100
2005-12-07,51.84065509782246,51.954308672440135,51.333009015945905,51.61335372924805,23412400
2005-12-08,51.71185414608983,52.136154689271756,51.29512626927804,51.74974060058594,33286000
2005-12-09,51.8254934488206,52.09825966018227,51.461803240118456,52.0073356628418,22101700
2005-12-12,52.189195321044856,52.25738978700908,51.73458674370957,52.166465759277344,24178300
2005-12-13,52.030045918544104,52.302812028734074,51.757279808354134,52.174007415771484,24765500
2005-12-14,52.09826746760415,52.40134172349788,51.84065232686327,52.11341857910156,26972600
2005-12-15,52.14372189565329,52.14372189565329,51.317850547756095,51.583038330078125,31912800
2005-12-16,51.85581365387106,51.93915922588629,51.3784697813,51.40119934082031,21479900
2005-12-19,51.461810541461716,51.4996969908938,50.62078223388239,50.76474380493164,22938900
2005-12-20,50.70411549887851,51.166302322667235,50.41619820728028,50.74958038330078,28762600
2005-12-21,50.86322707000213,51.50726185657888,50.82534641121818,51.36330032348633,30167400
2005-12-22,51.531406527739925,51.729167055860565,51.25758604357372,51.6987419128418,20624100
2005-12-23,51.797598099640915,51.92690055235757,51.69111304410952,51.82041549682617,15255300
2005-12-27,51.987765166201456,52.04861544416177,51.01418393084406,51.04460906982422,26201500
2005-12-28,51.219580020834044,51.485798711088286,50.93054971510789,51.3488883972168,20488800
2005-12-29,51.341243977578785,51.508579330874845,51.07503128051758,51.07503128051758,20883600
2005-12-30,50.77839190266835,50.95332918270447,50.55020628183705,50.74796676635742,33860500
2006-01-03,51.12067000923259,51.835646281656075,50.23836417366929,51.759586334228516,40428100
2006-01-04,51.80522042096157,52.21595109495548,51.63027732161156,52.04100799560547,29795200
2006-01-05,52.04862062599382,52.32244110107422,51.91171038845363,52.32244110107422,23712300
2006-01-06,52.57345004271335,52.97657306410879,52.238779246232696,52.94614791870117,26874100
2006-01-09,52.94614767115995,53.53181575925976,52.91572252589458,53.29602813720703,22285700
2006-01-10,53.03743836928426,53.77522659301758,52.99940547600723,53.77522659301758,27130700
2006-01-11,53.782810612762944,53.79802608456528,53.27320256442687,53.68393325805664,29588700
2006-01-12,53.58506312854446,53.805641099289936,53.28082325455419,53.49379348754883,24564000
2006-01-13,53.4481549701439,53.60028071613709,53.2580021399053,53.5166130065918,20630300
2006-01-17,53.22757503311535,53.280817585699225,52.89290424372928,53.265602111816406,26979900
2006-01-18,52.778810469791814,53.24278376397526,52.71035824753667,53.15150833129883,30545300
2006-01-19,53.28080547239851,54.13268612006689,53.1971377940737,54.00338363647461,26801500
2006-01-20,54.02621302619142,54.09467105228346,53.11348190031946,53.38730239868164,43301200
2006-01-23,53.43291449411515,53.66870201072333,53.2351540398306,53.55461502075195,30482700
2006-01-24,53.585051603190465,54.330453061350454,53.5774496700783,54.15550994873047,36770600
2006-01-25,54.30003480006677,54.45976246069623,53.82845375225374,54.29242706298828,32586600
2006-01-26,54.474979306262554,55.106282227594996,54.31525164161194,55.075862884521484,38990300
2006-01-27,55.174729294030925,55.70715473707559,54.961759116813056,55.349666595458984,29044200
2006-01-30,55.29642267751644,55.509398652445796,55.12148538043405,55.189937591552734,28170300
2006-01-31,55.12908791702025,55.49417794789376,54.86286942421494,55.03020477294922,38124600
2006-02-01,55.212741425378184,55.68432226374488,55.12147183298501,55.60065460205078,35011400
2006-02-02,55.52460718154907,55.59305939126352,54.505391150232754,54.76399612426758,46751000
2006-02-03,54.61946656831489,55.13668220955881,54.391286781384125,54.596649169921875,42793600
2006-02-06,54.68793891582222,55.106271536460056,54.398902985670205,55.08345413208008,24741300
2006-02-07,54.96934392559383,55.21273916702097,54.117463482099,54.19352340698242,41861300
2006-02-08,54.33806147520161,54.64230128754904,53.9121152925108,54.53581619262695,36002600
2006-02-09,54.596648032529686,55.022588268327475,54.18591746101018,54.25437545776367,33152400
2006-02-10,54.14028549194335,54.33043822185282,53.524192503996936,54.14028549194336,31342400
2006-02-13,54.03379793702457,54.11746559856857,53.50897456970322,53.78279495239258,29784500
2006-02-14,53.85127033875294,54.596665996659176,53.47856670679742,54.40651321411133,46124800
2006-02-15,54.391286724705296,54.885684967041016,54.140283736642466,54.885684967041016,40853100
2006-02-16,55.04543071903244,55.395311149793564,54.8552779325534,55.372493743896484,30261700
2006-02-17,55.395314023563735,55.448556574419854,54.99219102379557,55.25840377807617,17558400
2006-02-21,55.33445847913356,55.47136871161439,54.64990731672939,55.0150032043457,21177400
2006-02-22,55.121494000053545,55.532224739999506,54.7487961409,55.3877067565918,28699200
2006-02-23,55.33445692694433,55.72997214134863,55.05302873390522,55.349666595458984,38795900
2006-02-24,55.28884724714811,55.79084777832031,55.10629632399027,55.79084777832031,22995700
2006-02-27,55.83646230048328,56.19394463440824,55.76800428556009,55.94294738769531,20584000
2006-02-28,55.81364752388854,55.88210554915198,55.09867694504374,55.205162048339844,36395700
2006-03-01,55.34967313134465,56.20916748046875,55.23558609650764,56.20916748046875,26244900
2006-03-02,56.026606492752116,56.20154376510082,55.59305267162438,55.973358154296875,36546000
2006-03-03,55.684328758333,56.39169719688475,55.63869395681393,55.69193649291992,38377600
2006-03-06,55.82886216710723,55.87449698126881,55.09867612550781,55.25840377807617,29340300
2006-03-07,55.0302017189635,55.06823458811111,54.33804876388546,54.45974349975586,38899700
2006-03-08,54.34566435250925,54.76400280625808,53.91211622907981,54.64990997314453,51662600
2006-03-09,54.66512903140575,55.06064430207234,54.17073059082032,54.17073059082031,31106800
2006-03-10,54.30765468185869,55.03023318481932,53.98819928916059,55.007415771484375,40266300
2006-03-13,55.22039841037571,55.58549451458071,54.91615262403916,55.12152099609375,35127000
2006-03-14,54.976965710748885,55.7299690246582,54.771603280774265,55.7299690246582,37978800
2006-03-15,55.752799024568006,56.24719162441961,55.555038502825866,56.23958969116211,31951400
2006-03-16,56.43734976684016,56.66553545227874,56.11028671264648,56.110286712646484,32559900
2006-03-17,56.384090002151325,56.51339827936213,56.05702704779696,56.33845520019531,31551600
2006-03-20,56.42972589249058,56.53621095682545,56.064630098341894,56.30802536010742,25640700
2006-03-21,56.28524675761184,56.74161246261314,55.524635314941406,55.524635314941406,44425900
2006-03-22,55.51700938606481,56.452563707346265,55.440949427319026,56.38410568237305,36219500
2006-03-23,56.30803195221325,56.62748718261719,56.09506179861062,56.62748718261719,25409600
2006-03-24,56.62673801057963,57.12988630183549,56.48951627807397,57.09939193725586,27560100
2006-03-27,57.03076726801061,57.129875388012586,56.733454540413135,57.10700607299805,23334000
2006-03-28,57.03076448143006,57.40431599576287,56.66484382666821,56.80968475341797,27179200
2006-03-29,56.916445473566654,57.90748639164227,56.916445473566654,57.86174774169922,33875700
2006-03-30,57.93796767837616,58.12092805303351,57.38145569286136,57.70926284790039,29733500
2006-03-31,57.884586668153304,57.93795033713146,57.42718296031143,57.91508102416992,24722400
2006-04-03,58.029457360709095,58.25053717094224,57.404337344817705,57.4348258972168,35542000
2006-04-04,57.38906630032125,57.93032805899139,57.2289752857459,57.69400405883789,30181200
2006-04-05,57.80836882530482,58.09043151396979,57.38145354547355,57.991329193115234,27471100
2006-04-06,57.892216770500845,58.11329650878906,57.59490404361081,58.11329650878906,25663700
2006-04-07,58.22003556613596,58.46398466845091,57.06889801324104,57.183250427246094,51457700
2006-04-10,57.19849023064219,57.526297356524175,56.802075151443134,57.122257232666016,39109200
2006-04-11,57.175620632080836,57.221359267400935,55.99398881253587,56.108341217041016,49801100
2006-04-12,56.123590632815514,56.71821614966101,56.070226953514116,56.69534683227539,40981200
2006-04-13,56.565758820251524,57.12227088931648,56.230332385722456,56.84020233154297,35415700
2006-04-17,56.89352872110832,57.12223343596507,56.33702283313406,56.8782844543457,38356100
2006-04-18,57.0307781116429,58.47160339355469,57.02315888265885,58.47160339355469,58648200
2006-04-19,58.46397174038393,58.959489064490405,58.14378388873145,58.89850616455078,44101500
2006-04-20,58.95191768341177,58.95191768341177,58.11334251254938,58.58599090576172,44622400
2006-04-21,58.90613481563972,58.96712354154033,58.13617396191329,58.456356048583984,40075800
2006-04-24,58.34963069988934,58.42586370179324,57.73213582340092,57.991329193115234,39232800
2006-04-25,58.014187931476215,58.098045963138105,57.54153991615011,58.02943801879883,42940300
2006-04-26,57.983699798583984,58.50971735981212,57.770245082782644,57.983699798583984,31348600
2006-04-27,57.572041187046935,58.44873528339321,57.091768021875446,57.50343322753906,91908800
2006-04-28,57.35860276290964,58.2048027347786,57.25187536251239,58.090450286865234,37918800
2006-05-01,58.15903591713855,58.425854288918245,57.37382507324219,57.37382507324219,44216700
2006-05-02,57.7168601127596,58.181888779013796,57.48816120856742,58.159019470214844,36131800
2006-05-03,58.1209194284704,58.32675490859576,57.70163505642303,58.0599365234375,35151900
2006-05-04,58.1285528668869,58.76891708374023,58.1285528668869,58.768917083740234,30351900
2006-05-05,59.09674072265625,59.47791166745622,58.94427467121908,59.09674072265625,37838800
2006-05-08,59.09670685527623,59.3177865745078,58.951865934279056,59.180564880371094,24715000
2006-05-09,59.134860143619065,59.302576289924176,58.96714399731395,59.09674072265625,21579600
2006-05-10,58.99000985574762,59.05099859922015,58.49449230960174,58.738441467285156,26824100
2006-05-11,58.79180325099805,58.82229762174219,57.35097767652487,57.41196060180664,46910800
2006-05-12,57.03078171967206,57.0612760861535,56.032115936279304,56.0321159362793,62645500
2006-05-15,55.60520133070446,56.19220183699137,55.1554167366724,55.78053665161133,61905600
2006-05-16,56.00161740719444,56.31418027824205,55.60520230481274,55.87202072143555,35594500
2006-05-17,55.2316345843082,55.75765203511991,54.77423088700407,54.8504638671875,76491400
2006-05-18,55.208755423813066,55.544187456230524,54.22533445111848,54.332061767578125,54127300
2006-05-19,54.423566823043885,55.02581739012685,53.81369121135851,54.81236267089844,79031200
2006-05-22,54.30921148470751,54.63701859044237,53.43251752135105,54.202484130859375,89895900
2006-05-23,54.797107433201596,55.18590324452663,53.44014043171134,53.501129150390625,73644800
2006-05-24,53.73746250726745,54.408326896960595,52.68543310007413,53.912803649902344,124700200
2006-05-25,54.507421358649275,55.10204684287818,54.15674494016054,55.048683166503906,63332000
2006-05-26,55.38412803658628,55.44511677108364,54.90384902267694,55.376502990722656,37483000
2006-05-30,55.124923443325876,55.155417807598546,53.79082554147419,53.85181427001953,46837100
2006-05-31,53.9813887076439,54.78947448730469,53.874661384779756,54.78947448730469,58723800
2006-06-01,54.79710765980685,55.910125607387016,54.62177236313425,55.85676193237305,49499200
2006-06-02,56.21506433936219,56.29129733121745,55.40698415652845,55.81864929199219,49690000
2006-06-05,55.696688032081916,55.76530181602724,54.019538459232464,54.19487380981445,66165900
2006-06-06,54.15674903904438,54.24823212669759,53.219066293265094,53.966163635253906,94747900
2006-06-07,53.98901503778671,54.75135639997867,53.371520395596185,53.440128326416016,81935900
2006-06-08,53.19620728662118,53.684105549599515,51.83923987919981,53.48590087890625,140237700
2006-06-09,53.78320366492836,54.20248806657525,52.921753911197214,53.01323699951172,63028400
2006-06-12,53.135220163453525,53.17333957924014,51.709644745851634,51.79350280761719,108263800
2006-06-13,51.57242714409357,52.487235034566126,50.77196587777503,50.81008529663086,139584200
2006-06-14,50.893932951088914,51.59528591135218,50.73384189382483,51.419944763183594,106669400
2006-06-15,51.86972915997098,53.34104885075722,51.77062683434489,53.18095779418945,96971100
2006-06-16,53.05897699430614,53.13520999508458,52.27376603549848,52.487220764160156,66852400
2006-06-19,52.67781450154467,52.69306459383419,51.41233020319983,51.45806884765625,71705700
2006-06-20,51.503803025021725,52.090809386927795,51.31321760137531,51.39707565307617,61105000
2006-06-21,51.35895023330107,52.647303445503525,51.26746715717965,52.296627044677734,81035400
2006-06-22,52.21645639341892,52.38442955104235,51.81179696375516,52.1019287109375,50947100
2006-06-23,52.094289965949855,52.72036793418173,51.70489823414739,52.41496276855469,42901800
2006-06-26,52.69747355529534,53.063961029052734,52.644028072155805,53.063961029052734,39933200
2006-06-27,53.09449413740027,53.31591276993683,51.9339554996307,52.147743225097656,61567100
2006-06-28,52.18591157749994,52.37678909301758,51.536929189763846,52.37678909301758,46405900
2006-06-29,52.53712293947149,54.400089263916016,52.53712293947149,54.400089263916016,96533200
2006-06-30,54.56044669959388,54.896393104010414,53.86565533833051,54.766597747802734,61004300
2006-07-03,54.972737440096964,55.4537467956543,54.78949661299715,55.4537467956543,22967800
2006-07-05,54.85056962813138,54.934556215614585,54.2015871272234,54.64442443847656,38621400
2006-07-06,54.75132427137953,55.12544269662071,54.33139709104149,54.62916564941406,33830700
2006-07-07,54.55281253401247,54.69788136549959,53.71295230854742,53.81984329223633,45330300
2006-07-10,53.9496485930306,54.39248020559589,53.58316103163909,53.827484130859375,40166800
2006-07-11,53.529691665956015,54.300838470458984,53.14029989782408,54.300838470458984,63444700
2006-07-12,54.04125416414772,54.27030956750563,53.132675109314484,53.178489685058594,50664800
2006-07-13,52.81964196640957,53.20903384439402,51.93396723611101,51.972145080566406,80467000
2006-07-14,51.979785619360946,52.07903986704061,51.117015202533025,51.559852600097656,79083700
2006-07-17,51.61329325809673,52.07139825659134,51.178092635758695,51.49113464355469,67427500
2006-07-18,51.78127540510294,52.109585112074,50.86506524966477,51.84235763549805,74235300
2006-07-19,51.796531250142564,53.445716144369655,51.75072250034318,53.063961029052734,97816700
2006-07-20,53.47626549758372,53.72822531056905,51.62857185260125,51.70492172241211,73657100
2006-07-21,51.65146235695148,51.65146235695148,50.65889684065797,50.96430206298828,103313800
2006-07-24,51.35368975227176,52.61348255274087,51.34605302041738,52.590572357177734,72230300
2006-07-25,52.45316084109208,53.27775345054538,52.21647448703715,52.720394134521484,87433100
2006-07-26,52.6287660411598,53.14031655219006,52.0103245524552,52.60586166381836,59831300
2006-07-27,52.99523997419666,53.361721567993314,51.89578354256687,52.1019287109375,59015800
2006-07-28,52.49131679991187,53.21664902928104,52.28517164607752,53.19374465942383,62209800
2006-07-31,53.010515569697304,53.31592082711202,52.72801468719255,53.201393127441406,37902900
2006-08-01,52.811996994559166,52.85781156578346,52.05612355824195,52.36915969848633,45003700
2006-08-02,52.68984264707596,53.231934211811506,52.60585605569658,53.063961029052734,50137500
2006-08-03,52.51423290709133,53.70530700683594,52.3309920821585,53.70530700683594,49316900
2006-08-04,54.30847474294538,54.445906802622446,52.65929585194072,53.15557861328125,76609200
2006-08-07,52.964694392058426,53.0486809637686,52.48367933133302,52.94942092895508,45882400
2006-08-08,53.01051634721438,53.415175843547786,52.05612854449564,52.21646499633789,76243800
2006-08-09,52.674572824534934,52.89599150575146,51.613293996542005,51.68964385986328,58126400
2006-08-10,51.391864016573564,52.38442949689333,51.17808211622651,52.147743225097656,54415200
2006-08-11,51.96451439791423,51.97215113271885,51.33080521205622,51.61330032348633,42757200
2006-08-14,51.98739520510871,52.544760090688,51.67435912151868,51.91868209838867,45029900
2006-08-15,52.68221098144877,53.02578828823577,52.44552465122312,53.00288391113281,48780200
2006-08-16,53.34645324649022,53.84273015569649,53.05631567789843,53.766380310058594,46160700
2006-08-17,53.61370121331087,54.28558826818285,53.54498224825599,53.85038757324219,44642200
2006-08-18,54.056526849506184,54.16341781616211,53.453353066164404,54.16341781616211,36413600
2006-08-21,53.81218903467274,53.81981994082409,53.33117399165433,53.583133697509766,25383500
2006-08-22,53.52206641053837,53.91909499556313,53.42281217684259,53.758758544921875,22657900
2006-08-23,53.82746485627854,54.056520228268184,52.834899344483524,53.14030456542969,37109000
2006-08-24,53.231946922760834,53.34647464972748,52.613505352311975,53.0487060546875,32255600
2006-08-25,52.97233140265329,53.51442290290069,52.85780954177856,53.14030456542969,22449400
2006-08-28,53.0945023153529,53.80456706522852,53.07922884862136,53.70530700683594,26650300
2006-08-29,53.835093476629424,54.400089263916016,53.3540784329564,54.400089263916016,53031100
2006-08-30,54.445921205527746,54.972745211173766,54.23977597403938,54.820045471191406,43890900
2006-08-31,54.942180278906804,55.155962152249295,54.644411837448445,54.79711151123047,33830000
2006-09-01,55.03384534982234,55.12546289358308,54.560466681605384,54.835330963134766,24118200
2006-09-05,54.91930386995309,55.36977221452841,54.7436939130929,55.331600189208984,38075100
2006-09-06,54.911642684318,54.91927941603033,54.087050412972644,54.15576934814453,39718500
2006-09-07,53.850389751025006,54.300863934249904,53.49153891653796,53.67478561401367,44611800
2006-09-08,53.85037167476767,53.96489936596526,53.57550754594161,53.88091278076172,27806500
2006-09-11,53.544988197344566,54.08707994249092,53.178506426741016,53.81222152709961,49544600
2006-09-12,53.93435890068505,55.19415186858351,53.88855015370997,55.07962417602539,43200800
2006-09-13,55.094903747115886,55.6446262470957,54.97273930815078,55.545372009277344,35612000
2006-09-14,55.331583708321176,55.42320120189662,54.980369724334395,55.34685134887695,33680200
2006-09-15,55.736252390354494,55.75152003343544,55.10253743775011,55.476661682128906,40826200
2006-09-18,55.239968948628935,55.78969729573929,55.07963248490863,55.461387634277344,37907200
2006-09-19,55.51484012124232,55.53774450107272,54.32376576908552,55.217071533203125,64200600
2006-09-20,55.575920747353905,56.118012413146545,55.53011198901482,55.95767593383789,54786800
2006-09-21,56.00345156745713,56.171424682177445,55.041427435497916,55.354469299316406,68561500
2006-09-22,55.09488018345536,55.110147819235614,54.25501458757699,54.62150192260742,59289900
2006-09-25,54.80475851809101,55.46901445633792,54.293208107376856,55.27050018310547,61688400
2006-09-26,55.25592588159682,55.723158329593645,55.11805391589668,55.44741439819336,42739700
2006-09-27,55.30955529821226,55.90699867396401,55.30189411951189,55.8533821105957,49884200
2006-09-28,55.89936393639388,56.129146788169315,55.34021456057869,55.63127517700195,35641100
2006-09-29,55.692550592120824,55.90701691557115,55.09510702143234,55.14872360229492,33558300
2006-10-02,55.12572479306728,55.30955216509291,54.48998140359377,54.62785339355469,42184900
2006-10-03,54.57423577774616,55.018490608335675,54.13764212527486,54.5512580871582,45911000
2006-10-04,54.52830887068465,55.87638473510743,54.45170873703608,55.87638473510742,51122100
2006-10-05,55.815082210852495,56.604014067263456,55.79975985501482,56.58869171142578,48038000
2006-10-06,56.381901016111996,56.57338960648222,55.914668388107195,56.297645568847656,34893700
2006-10-09,56.1904233827998,56.78786696625274,55.960634692039825,56.72658920288086,25997000
2006-10-10,56.7572250366211,56.956374835000496,56.404886681807604,56.757225036621094,32950800
2006-10-11,56.51213276928759,56.90277127446691,55.99894455967702,56.53511047363281,52430000
2006-10-12,56.741907162362764,57.74530562369337,56.741907162362764,57.67637252807617,40618400
2006-10-13,57.67635772354268,58.14359028646878,57.546141058964515,58.135929107666016,45517000
2006-10-16,58.120614227425015,58.62614690563579,57.97508687405327,58.480613708496094,46458400
2006-10-17,58.16657079867673,58.39635357999329,57.71465472768277,58.18954849243164,48733400
2006-10-18,58.610830096084705,58.82530224409302,57.906153426791505,58.19721984863281,44694800
2006-10-19,58.00572574943889,58.5189137636701,57.89083142768481,58.480613708496094,43889000
2006-10-20,58.49593511817568,58.526573993063764,57.81423622227744,57.90614700317383,39507600
2006-10-23,57.714670345776184,58.4270082637806,57.5155205397295,58.021053314208984,38995800
2006-10-24,57.83720741579749,58.17422331414542,57.70699075121932,58.135929107666016,30504800
2006-10-25,58.00575172785646,58.564895383699834,57.81426305376232,58.51893997192383,51574000
2006-10-26,58.70271907292873,59.09335728232536,58.11293701414742,59.00910186767578,49379500
2006-10-27,58.89423279287132,59.062743694284464,58.166578457243574,58.319766998291016,51799300
2006-10-30,58.043999577415,58.75633710961573,57.852511056326264,58.572509765625,51246800
2006-10-31,58.67209409428652,58.81762727108023,57.98273410390469,58.388694763183594,46092200
2006-11-01,58.55724013462808,58.65681799526135,57.124908447265625,57.124908447265625,47212200
2006-11-02,56.764886263755386,57.36999099656939,56.7572250827968,57.04063034057617,47585300
2006-11-03,57.30872217966226,57.63042170489921,56.84148941234536,57.316383361816406,49053800
2006-11-06,57.60741873203608,58.273801036655996,57.44656903997621,57.98273468017578,47702600
2006-11-07,58.08231567730219,58.84826997342243,58.036354445773064,58.36571502685547,49200600
2006-11-08,57.9138232371263,58.82531100973604,57.76063466663346,58.66445541381836,52411800
2006-11-09,58.77935615952997,58.8253174106945,57.69936317936859,58.1282958984375,49553600
2006-11-10,58.03634748765306,58.64911318859028,57.913797853725704,58.61081314086914,43722400
2006-11-13,58.54190648976491,58.97083916775512,58.365734372007815,58.69509506225586,39373200
2006-11-14,58.90958433306525,59.82872772216797,58.54192347116147,59.82872772216797,68600600
2006-11-15,59.85934150384219,60.51806279908746,59.72913064969965,60.28061294555664,65076400
2006-11-16,60.58698795819492,60.594649137955244,60.03549989081022,60.234649658203125,49327900
2006-11-17,60.01255691570554,60.21170679831709,59.62191833467517,60.19638442993164,35969400
2006-11-20,60.01253005650768,60.395507281940105,59.82870262455535,60.28061294555664,48400400
2006-11-21,60.272931990056605,60.4108039663617,59.98186568243129,60.380165100097656,40727000
2006-11-22,60.48741199097407,60.59464512544602,60.17336792304367,60.44911193847656,33281900
2006-11-24,60.02785062317239,60.533377506867964,59.92061747075913,60.173377990722656,17933400
2006-11-27,60.13507958869653,60.158057284932624,58.76402055685118,58.82529830932617,72824600
2006-11-28,58.66441853470468,59.10101795805878,58.434635823417246,59.024417877197266,59174400
2006-11-29,59.37677778505424,59.905288148943534,59.208272739247654,59.7903938293457,53282800
2006-11-30,59.6678505218774,60.20401627868562,59.36146758494335,59.79806137084961,58605000
2006-12-01,59.85932527873912,60.027836147256856,58.86358242500731,59.57592010498047,87109800
2006-12-04,59.7137761308777,60.76313526721433,59.69079844472877,60.75547409057617,54369200
2006-12-05,60.816748286224865,61.0924921915383,60.563982065726684,60.80142593383789,39558600
2006-12-06,60.6635948134907,60.88572232249286,60.34955650336291,60.594661712646484,37810400
2006-12-07,60.73255497509387,60.901065961052545,60.250005569297706,60.33425521850586,39544100
2006-12-08,60.21935398677856,60.77083640128546,59.867015564828336,60.34190368652344,43109600
2006-12-11,60.35720321342878,60.64826375349029,60.15805345245631,60.49507522583008,35233200
2006-12-12,60.46445898348651,60.52573091122412,59.66020430281722,60.16573715209961,47917600
2006-12-13,60.44146698813067,60.5104000819493,59.859339983998495,60.24231719970703,47296600
2006-12-14,60.21933246281426,60.96230326567843,60.17337122853896,60.4874153137207,52286200
2006-12-15,60.740182654230516,60.89337118763562,60.36486081298247,60.433799743652344,38923800
2006-12-18,60.556372650891866,60.67126701694081,59.46105726959635,59.67552947998047,47013800
2006-12-19,59.32317432197383,59.828707102389835,59.05509141286041,59.6372184753418,54066400
2006-12-20,59.70567553880345,60.19796611534642,59.70567553880345,59.98258972167969,43288200
2006-12-21,59.99029054333605,60.26720478621746,59.46723095884537,59.7056884765625,49951400
2006-12-22,59.68258852705499,59.80566409322604,59.267223162642686,59.31337356567383,31230400
2006-12-26,59.48260962836058,60.16720144279756,59.45953442292942,60.159507751464844,21798200
2006-12-27,60.28256249277647,60.897922609561114,60.267175115431996,60.874847412109375,39294000
2006-12-28,60.790262651868936,60.98256387795663,60.497966900900025,60.59796142578125,28257400
2006-12-29,60.50564074205256,60.759473817097636,59.99026916511263,60.02103805541992,30795200
2007-01-03,60.52103187408238,60.859483852701274,59.397993607880345,60.12104797363281,54095400
2007-01-04,59.913375614383554,60.451816754678774,59.44416010559703,60.282596588134766,45577600
2007-01-05,60.01335280809763,60.28257916901849,58.99800275938538,59.02108383178711,57486800
2007-01-08,59.19028220812631,59.45950847015711,58.63645991380884,58.79029846191406,46117200
2007-01-09,59.321060085697304,59.46720496715372,58.605699582348585,59.34413528442383,62791800
2007-01-10,59.04417943291799,59.80569076538086,58.898028600050985,59.80569076538086,49239300
2007-01-11,59.5825976823351,60.41334019920166,59.53644727647574,60.174888610839844,49188300
2007-01-12,60.19795699646262,60.805629368580604,60.097956637003726,60.75178527832031,28392800
2007-01-16,60.92869426323078,61.044076124295415,60.22872114495178,60.34409713745117,33914700
2007-01-17,60.16722411482691,60.59797709470219,60.082611083984375,60.082611083984375,27481200
2007-01-18,60.097969265168224,60.097969265168224,59.24415146265566,59.582603454589844,55936200
2007-01-19,59.25952621202265,59.967193072870764,59.1287628315853,59.8133544921875,49715800
2007-01-22,59.859524490267006,59.867218182389735,59.15955108985638,59.37492752075195,46305200
2007-01-23,59.25951119709326,60.21332306650112,59.22874231503956,59.93640899658203,47783000
2007-01-24,60.00569457424598,60.62874885928474,59.95185044922497,60.59028625488281,30401400
2007-01-25,60.54409203391855,60.72869949067144,59.63643039108278,59.828731536865234,57289400
2007-01-26,59.99027343326888,60.24411239493972,59.351837986808235,60.05181121826172,56630200
2007-01-29,60.09027042323058,60.721018012536184,60.02103895186372,60.574867248535156,59602200
2007-01-30,60.682542934860884,61.03637630296168,60.39024733562058,60.90561294555664,33830600
2007-01-31,60.813322143075766,61.35945677979043,60.48256388494535,61.03639221191406,54267500
2007-02-01,61.28254229218482,61.72868246487291,61.18254778529954,61.69021987915039,50571100
2007-02-02,61.84404625302446,61.88250295892488,61.551744771643676,61.72866439819336,26512600
2007-02-05,61.70561152777954,61.89791273255643,61.436391014805295,61.72099304199219,30893400
2007-02-06,61.73638648164622,61.89022511313382,61.37485924222599,61.87484359741211,31445600
2007-02-07,61.959449108246936,62.467121225582105,61.75176052544448,62.44404602050781,30708600
2007-02-08,62.20559045617444,62.413273157209595,61.982520373689844,62.34404754638672,25417000
2007-02-09,62.29020149267908,62.42096488806098,61.30561451065741,61.77482986450195,52164700
2007-02-12,61.751741565665895,61.767128943368945,61.228682226499366,61.6055908203125,39561300
2007-02-13,61.71331219657803,62.059452056884766,61.22101565760766,62.059452056884766,41995800
2007-02-14,62.0978931231175,62.52864584325565,61.93635498450002,62.151737213134766,64326000
2007-02-15,62.08249412852283,62.45171486853687,61.96711228048316,62.1978759765625,44086000
2007-02-16,62.090223346588644,62.51328254006867,61.797921715148995,62.436363220214844,42160800
2007-02-20,62.30558142132973,63.19786170057166,61.61329600960171,63.03632354736328,71903200
2007-02-21,62.80556691702493,63.45169606856848,62.71326023741886,63.15170669555664,39549600
2007-02-22,63.26709436048931,63.42093297199385,62.790185275118276,63.37478256225586,58815900
2007-02-23,63.27478099774894,63.31323771205449,62.813259346119004,63.03632354736328,57987800
2007-02-26,63.320923930994404,63.39015539828156,62.45172482517358,62.99016571044922,78736400
2007-02-27,61.813311010757005,62.25945129569341,59.59030914743664,60.03644943237305,136636000
2007-02-28,60.28255353633019,60.93637613076972,59.621037254361504,60.63638687133789,97620200
2007-03-01,59.59029133219869,60.844092928575876,59.03646298799864,60.3210334777832,97674800
2007-03-02,60.13642854255568,60.29026714756652,59.03646549788499,59.12107849121094,96274500
2007-03-05,58.528784335154995,59.45183352040937,57.8057358888903,57.82111740112305,122207900
2007-03-06,58.65954779698375,59.774892183402066,58.60570370664423,59.39798355102539,94041400
2007-03-07,59.45952744364392,59.705672720295695,59.07492508209012,59.2056884765625,55408800
2007-03-08,59.790289674650985,60.13642947557908,59.29030539775852,59.651832580566406,76876500
2007-03-09,60.136409759521484,60.2133290380019,59.551812679653715,60.136409759521484,69129900
2007-03-12,60.00562528293444,60.39022740855767,59.8056305344128,60.30561447143555,35945400
2007-03-13,59.87488491143855,60.044110867113005,58.6595460697653,58.75954055786133,96417200
2007-03-14,58.77495122313002,59.444155752986795,58.098047132245,59.38261795043945,129087500
2007-03-15,59.32106822736673,59.93642846260345,59.32106822736673,59.8441276550293,84037300
2007-03-16,59.851822245006524,60.04412344062067,58.87493475345602,59.43645095825195,77107100
2007-03-19,59.86720554512263,60.367189793342305,59.85181816412527,60.174888610839844,56720800
2007-03-20,60.14414882066421,60.69028373901338,59.96722906498275,60.65182113647461,46527300
2007-03-21,60.736400454999085,62.397885370491416,60.55948666608418,61.744056701660156,77517600
2007-03-22,61.96712676171603,61.997895652954696,61.46714841764404,61.744056701660156,40940200
2007-03-23,61.83193134119406,61.9783571878842,61.693208094960255,61.83963394165039,37200500
2007-03-26,61.90128135635481,62.024593504560876,61.25391021781351,61.70861053466797,46665700
2007-03-27,61.66237775580244,61.7086168762081,61.15372391195043,61.4234619140625,40734900
2007-03-28,61.05354324786406,61.26933367096095,60.583425877610985,60.999595642089844,67939400
2007-03-29,61.4157665735992,61.46971418039854,60.490942897234326,61.076663970947266,49841400
2007-03-30,61.16143431647665,61.70091033767598,60.67590589739726,61.23079299926758,54280000
2007-04-02,61.354078740885804,61.47738497269281,60.999565239653634,61.38490676879883,36558700
2007-04-03,61.708614475264426,62.24809045849877,61.65466687694099,62.040008544921875,44410200
2007-04-04,62.02458881355833,62.10935855923019,61.65465827676532,62.032291412353516,35754200
2007-04-05,62.00147319938059,62.27891967596447,61.924406040295594,61.993770599365234,24666800
2007-04-09,62.25580614115863,62.294342664354254,61.901292471180966,62.07855224609375,38545000
2007-04-10,62.0400023870184,62.47158313076847,61.94751827913768,62.271209716796875,48521000
2007-04-11,62.3251496115574,62.34826916571026,61.500518860978396,61.885860443115234,59019200
2007-04-12,61.724012461945335,62.36368090627038,61.40032694066495,62.302024841308594,45075400
2007-04-13,62.38681774016882,62.73362879175186,62.06313212923608,62.70280075073242,31467000
2007-04-16,63.049601444524384,63.6353224225992,63.04189884470229,63.56596374511719,43967100
2007-04-17,63.66615238829947,63.68156346825728,63.149795951926215,63.373294830322266,51536000
2007-04-18,63.12668054484953,63.36559051892005,62.934009693541626,63.00336837768555,48993700
2007-04-19,62.53324946504928,63.065022882901374,62.271219936155426,62.70280075073242,69360400
2007-04-20,63.1652289493036,63.48891465935804,63.011094576853694,63.434967041015625,68702200
2007-04-23,63.35792261816878,63.58913013976181,63.103595520386754,63.365631103515625,34858200
2007-04-24,63.404117438616574,63.465773518578544,62.71050711851037,63.33475875854492,56640600
2007-04-25,63.612195371504654,63.91276136488856,63.172906159647674,63.51200866699219,51964600
2007-04-26,63.54283989617943,64.09773284930971,63.17291518065747,63.86653137207031,47381600
2007-04-27,63.59678268432617,63.68926679613377,63.21144103823154,63.59678268432617,56761000
2007-04-30,63.55827992687717,63.59681058047961,62.20958357395274,62.22499465942383,86447400
2007-05-01,62.417649181935836,62.548669833368876,61.75486096352563,62.479305267333984,88311800
2007-05-02,62.47927586854924,63.53511378475233,62.36367223278544,63.311614990234375,49850600
2007-05-03,63.3578815303147,63.6353280243605,63.17291916090007,63.42724609375,57008800
2007-05-04,63.57367218118055,63.86653563702724,63.31164264684165,63.827999114990234,47940900
2007-05-07,63.73550267183924,63.96670999968034,63.55824881636145,63.64302444458008,40421400
2007-05-08,63.342450377575354,63.67384436934895,62.841505150962355,63.419517517089844,59329800
2007-05-09,63.19602907665399,64.1439720999364,63.15749256064414,63.67385482788086,66106100
2007-05-10,63.4426723567199,63.51973953909789,62.618041157592344,62.887779235839844,92481400
2007-05-11,63.003349523482484,63.54282539376351,62.92628238199177,63.45804977416992,57249600
2007-05-14,63.419527926637855,63.65072938313026,62.779859391966575,62.90317153930664,71975000
2007-05-15,62.903197714555944,63.411845834375114,62.255820431327884,62.402252197265625,115258700
2007-05-16,62.50239057491376,62.81066495310654,62.009153921743206,62.74130630493164,95727600
2007-05-17,62.656556963406416,62.74133259993517,62.20185074203883,62.25579833984375,71780400
2007-05-18,62.57178346878815,63.23457162442072,62.255800470937736,62.987953186035156,80552700
2007-05-21,62.987958191543605,64.14398331581395,62.926302107085704,63.781761169433594,148866800
2007-05-22,63.820298613255105,64.45996732801359,63.67387274687373,64.17481231689453,69634200
2007-05-23,64.39059834037504,64.81447066876383,63.94360057166175,64.00525665283203,59384400
2007-05-24,63.9513110841618,64.39830298723311,62.856936188075984,63.16521072387695,89560000
2007-05-25,63.38104422906532,63.743266613925364,63.226909796289505,63.57371520996094,44083500
2007-05-29,63.79717875662184,64.2672961588219,63.7509396284869,64.1594009399414,59397200
2007-05-30,63.68928979289856,64.6218162075802,63.527446948682645,64.59098815917969,64383000
2007-05-31,64.72965954314655,65.08417299576469,64.56781682868031,64.94544982910156,68767400
2007-06-01,65.15357207663348,65.6391004775577,64.88383407612002,65.2768783569336,71003000
2007-06-04,65.1150450473541,65.48497570186788,64.99944135032803,65.34625244140625,52419900
2007-06-05,65.19209318247263,65.29228576790122,64.60637814697472,65.08419799804688,84623400
2007-06-06,64.58328592961121,64.59098853186902,63.96673671774155,64.35978698730469,95052800
2007-06-07,64.1670800061545,64.313505804741,63.026466369628906,63.026466369628906,113824100
2007-06-08,63.095861077462615,64.07462654798297,62.93401824595209,63.85112762451172,86239400
2007-06-11,63.76633877340397,64.1748000083895,63.45036165722261,63.86653137207031,68082100
2007-06-12,63.450360413025095,63.83570208071526,62.741333155638536,62.810691833496094,115376300
2007-06-13,63.111250399339276,63.94358971426731,62.995646736735964,63.650726318359375,118706700
2007-06-14,63.87420812645536,64.48304843256919,63.87420812645536,64.22872161865234,79451800
2007-06-15,64.9608864445218,65.26916089484831,64.78362672463409,64.99171447753906,83706500
2007-06-18,65.18439116020079,65.21521919600184,64.50618613227094,64.868408203125,60117800
2007-06-19,64.59097371451158,65.13045562110106,64.34435526230851,65.03797149658203,65541300
2007-06-20,65.18440577974394,65.24606186517425,63.912776947021484,63.912776947021484,86929200
2007-06-21,63.82800571423664,64.42142940796623,63.44266397341661,64.41372680664062,97110200
2007-06-22,64.24415852362237,64.336642633726,63.42723613050409,63.90505599975586,93984100
2007-06-25,63.72014703699416,64.31357107101792,63.196081733764004,63.57371520996094,108393200
2007-06-26,63.84339754153279,63.91276209148114,62.99564714338036,63.10354232788086,91436900
2007-06-27,62.91087115279094,64.46765459991467,62.81068444771724,64.4214096069336,127640800
2007-06-28,64.40519318393764,65.00747072689705,64.32025600315603,64.41291046142578,87866200
2007-06-29,64.69092075729712,65.00750603781964,63.82611392475704,64.01142883300781,110203200
2007-07-02,64.38205071784229,64.93027809337468,64.28167304887573,64.8376235961914,56318400
2007-07-03,64.95342350125863,65.25456228744461,64.88392676311089,65.1464614868164,34591600
2007-07-05,65.20822925541634,65.37810362551103,64.75266243657315,65.25456237792969,47326500
2007-07-06,65.29320244425573,65.5789009415951,64.9071262597158,65.47852325439453,40975100
2007-07-09,65.60204765939977,66.20432540945991,65.18508478065348,65.41673278808594,56954300
2007-07-10,65.06924074652287,65.54025389653653,64.25076158337532,64.34342193603516,101069100
2007-07-11,64.21989183742322,64.76040186809816,64.01141335244152,64.7295150756836,82880600
2007-07-12,64.98433249742465,65.71015156529056,64.88394894035049,65.49394989013672,71638400
2007-07-13,65.55570983886719,65.78735191787753,65.34722548760003,65.55570983886719,43138400
2007-07-16,65.54799410613825,65.7564784810605,65.03065359082537,65.23141479492188,77268800
2007-07-17,65.33950642492512,65.67924930974245,65.21595927331705,65.2777328491211,57654400
2007-07-18,64.91481634608303,65.11557750921206,64.15810481801333,65.06924438476562,97201600
2007-07-19,65.43987719482762,65.59430522706724,65.2236755932714,65.25456237792969,61461700
2007-07-20,65.15419173494189,65.45533058107566,63.77203877627649,64.28166198730469,154037700
2007-07-23,64.57507061603043,64.74494500116843,64.04228973388672,64.04228973388672,67737500
2007-07-24,63.39369687126385,63.47091091601221,62.150531310336966,62.54433059692383,158240800
2007-07-25,62.89948194825461,63.13884710980526,61.640876694518354,62.312644958496094,164307600
2007-07-26,61.16215776620403,62.43620971427514,59.8803885398731,60.64481735229492,244724700
2007-07-27,60.49812768608062,61.15445592120288,59.01559677805181,59.17002487182617,202037300
2007-07-30,59.69509459010369,60.55218414543306,59.10826306240709,60.19699478149414,149169600
2007-07-31,60.9459760990477,61.11585053319051,59.254960820512984,59.532936096191406,187777400
2007-08-01,59.35532183247964,60.19696462056447,58.76848470775562,59.857215881347656,185942500
2007-08-02,60.181545968987365,60.61394932746001,59.687369019003214,60.328250885009766,105762800
2007-08-03,60.23559501592117,60.39002310012631,57.88052843994319,58.18166732788086,158340000
2007-08-06,58.39014676117711,59.01558810744341,57.0774845927356,58.70672607421875,208307700
2007-08-07,58.590912432172495,59.97306570960223,58.29749668882288,59.61015319824219,179153900
2007-08-08,60.14292917796218,61.849384685246015,60.08887876428543,61.40153503417969,259607000
2007-08-09,59.95762714767133,61.31661684232114,59.91901717633036,59.9885139465332,204699000
2007-08-10,59.38621506483998,61.59456443636293,59.01557950081195,60.27418518066406,267042500
2007-08-13,61.30116024765153,61.74128674849753,59.864956741511214,59.949893951416016,116492000
2007-08-14,60.204714928246126,60.36686620204285,58.63724672382337,58.92293930053711,113169000
2007-08-15,58.66037517706693,59.764552524138914,57.710625838809534,58.06581497192383,145850300
2007-08-16,57.656593341447454,59.40165865971118,56.55241565167277,59.35533142089844,347851600
2007-08-17,61.16220167907602,61.818530156566084,59.139159913663406,60.54448318481445,215542300
2007-08-20,60.74521024423515,61.054072292704355,59.818629989881124,60.590782165527344,126893400
2007-08-21,60.590761014066786,61.069491425574476,60.22784867563255,60.76063537597656,92754900
2007-08-22,61.29341983668277,61.61000496474745,60.945953814659866,61.48645782470703,70351700
2007-08-23,61.73356414528623,61.86483449247183,60.46723504730472,60.698883056640625,105471500
2007-08-24,60.67570180963629,61.54050822571175,60.50582743760664,61.48645782470703,64735000
2007-08-27,61.27801097231596,61.362948202107326,60.60623630698103,60.637123107910156,60380700
2007-08-28,60.289645406684166,60.37458262027395,58.99242947037659,59.108253479003906,86275800
2007-08-29,59.44027851569045,60.660274505615234,59.278121370742674,60.660274505615234,70723200
2007-08-30,59.934439273261454,60.96139693742748,59.84177891416398,60.25101852416992,63330500
2007-08-31,61.108121226766684,61.25483202171715,60.46723352267652,60.799259185791016,47035900
2007-09-04,60.752940831023864,62.019270082368216,60.675726782245164,61.57914352416992,61375400
2007-09-05,61.21619553253774,61.61771777914298,60.58303127386107,61.00771713256836,67145300
2007-09-06,61.05404962428137,61.28569754738938,60.38227536010925,61.023162841796875,65069100
2007-09-07,60.050271008534494,60.17381818208169,59.4479932651256,60.01939010620117,107970400
2007-09-10,60.15839568856418,60.196999773531125,58.3901660039535,59.185482025146484,99748500
2007-09-11,59.59470103061939,60.27419277741708,59.48660020478915,60.22014236450195,84890600
2007-09-12,59.973034576708905,60.35139323612825,59.74910982655805,59.84177017211914,62793300
2007-09-13,60.243319727798244,60.63711904946898,59.58699145238337,59.9885139465332,72390100
2007-09-14,59.37852118307263,60.44408938227591,59.28586077359851,60.29737854003906,61830800
2007-09-17,60.13522563634519,60.32054645034599,59.60244449649466,59.633331298828125,53416800
2007-09-18,60.0811590999265,62.23546438400661,59.64103259399961,62.17369079589844,138693800
2007-09-19,62.752798713629026,63.3936863718982,59.656473027343885,63.00761032104492,114738300
2007-09-20,62.93042587678306,62.96131268229959,61.96523529585081,62.382198333740234,128460700
2007-09-21,62.76052380824873,62.976725460786376,62.436221329442255,62.51343536376953,57473900
2007-09-24,62.62154729930988,62.83003170913788,61.84167186482954,62.03470993041992,87072300
2007-09-25,61.64380868871135,61.9766421486748,61.365157145235635,61.78313446044922,54940900
2007-09-26,62.30948841079573,62.634579976515646,61.7831471544642,62.32496643066406,65425300
2007-09-27,62.64232457034832,62.75843039309293,62.332711011491845,62.69650650024414,63248800
2007-09-28,62.67329068226848,62.89001841625629,61.868297737893855,61.95344161987305,90453200
2007-10-01,62.02308796072139,63.65629347599337,62.02308796072139,63.49374771118164,98833600
2007-10-02,63.70274030390363,64.14393764517051,63.60985447744184,63.90398406982422,53654700
2007-10-03,63.718236887177525,64.05881244471391,63.439585231991096,63.72597885131836,56474400
2007-10-04,63.90399340569854,64.02784119240745,63.462795999976166,63.82659149169922,35783300
2007-10-05,64.60832932206573,65.34365596384569,64.22905601564965,65.11918640136719,92101800
2007-10-08,64.94893202393645,65.15791775688702,64.43806882390005,64.63157653808594,34535400
2007-10-09,64.96442072080441,65.2740342954699,64.476783326843,65.15792846679688,57974000
2007-10-10,65.04954732977068,65.19661506740017,64.58513004377657,65.10372924804688,50123200
2007-10-11,65.47525888684677,65.70747047605438,63.98138519530848,64.36840057373047,93750000
2007-10-12,64.46128746891674,65.08051450363412,64.40710554628296,64.87926483154297,60997500
2007-10-15,64.86379669909064,64.91797862998236,63.493758595219475,64.12846374511719,80770400
2007-10-16,63.75693439349901,65.15792858735247,63.37765495877285,63.39313888549805,59345400
2007-10-17,64.08978576604228,64.18266573065667,62.74296722523965,63.640846252441406,90253500
2007-10-18,63.22280964505818,63.772370575494854,62.99834009791352,63.48597717285156,68562200
2007-10-19,63.40084666987147,63.563392380532,61.14841488203715,61.218074798583984,128571100
2007-10-22,60.79236653697067,62.65004123457402,60.64529882718911,62.51071548461914,138153000
2007-10-23,63.013841726104694,63.11446359053436,62.06952333316962,62.99061584472656,84843000
2007-10-24,62.595872912434736,62.82807860916767,61.2335770511334,62.588130950927734,126810300
2007-10-25,62.758379891995666,63.08347120977259,61.605070460947594,62.43328857421875,116690000
2007-10-26,62.98290356897521,63.4782829284668,62.286274499256486,63.4782829284668,79290000
2007-10-29,63.64081144883956,63.81109916469229,62.99836448644469,63.408599853515625,56217000
2007-10-30,63.0912395939336,63.439551022396536,62.66552037658098,62.90546798706055,59967000
2007-10-31,63.184087401930604,64.08970728567958,62.51842091217837,63.718170166015625,107684000
2007-11-01,62.98286163874437,63.00608160804523,61.14840729398659,61.256771087646484,171158000
2007-11-02,61.99987121626587,62.02309119739549,60.645317200094205,61.55867385864258,130182000
2007-11-05,60.71496778250098,61.32645272183685,60.41309629294579,60.74592971801758,98542900
2007-11-06,61.140691555614985,61.92246432117805,60.39762269240722,61.891502380371094,94974000
2007-11-07,61.07101534203216,61.2413030183945,59.731939809588674,59.971893310546875,112492300
2007-11-08,60.47502821590105,60.498254101937945,58.687018841198196,60.14993667602539,120883000
2007-11-09,59.39911670615126,60.18088939879476,58.926957487311846,59.48426055908203,104492000
2007-11-12,59.51521527323198,60.45953359629244,58.84954845223478,58.91147232055664,106800000
2007-11-13,59.739711978252174,60.94719843159075,59.701008066639915,60.76143264770508,105192100
2007-11-14,61.280035056196546,61.32648093353039,60.064806578715235,60.413124084472656,76347400
2007-11-15,60.08026567817847,60.28925137095932,59.01209952174002,59.553924560546875,114145000
2007-11-16,59.848078029430816,59.87903997877352,58.47030376331449,59.05082702636719,123470600
2007-11-19,58.74117398618788,58.8572797418963,57.52594634125907,57.77363586425781,116186400
2007-11-20,57.82006340796399,58.48572996556597,56.77512364138783,58.1064567565918,129813600
2007-11-21,57.71172891783395,57.82009274681213,56.504242877570945,56.891258239746094,94961400
2007-11-23,57.55693941816368,58.826349648677855,57.36343168905619,58.098758697509766,50849400
2007-11-26,58.32322299642225,58.53221463161299,56.49650972957992,56.5816535949707,96764900
2007-11-27,56.92998201761806,57.58790718198092,56.628110402141125,57.23958969116211,80871400
2007-11-28,57.98265232609988,59.51523006291197,57.943948422434424,59.499752044677734,112697000
2007-11-29,59.27527364832838,59.56940319446831,58.75667448590308,58.9888801574707,57418400
2007-11-30,59.93323017889606,60.33572376508127,58.94247128485047,59.32948684692383,84981400
2007-12-03,59.252058559519206,59.406862353334326,58.59412767233945,58.63283157348633,61964100
2007-12-04,58.06776985449704,58.485747064403476,57.71171650651403,58.013587951660156,57670000
2007-12-05,58.97340439247224,59.30623784927019,58.45479930486663,59.16691207885742,70221700
2007-12-06,58.98888200723095,60.714973156399935,58.95792006897389,60.56790542602539,93204000
2007-12-07,60.92398039487166,60.99364625692379,60.28153323604736,60.753692626953125,59125400
2007-12-10,60.76142224797394,61.34194539047051,60.5292106288206,61.23358154296875,49937400
2007-12-11,61.36515054633776,61.597362109392,59.01983856210842,59.09724044799805,120369300
2007-12-12,60.923971843291156,61.00137375273835,58.89600874560643,59.53071975708008,112505300
2007-12-13,59.03534729002089,59.515248680819816,58.5477098403781,59.20563507080078,89826800
2007-12-14,58.64056830796762,59.49974286944877,58.01359941651191,58.052303314208984,75866900
2007-12-17,57.91301211018023,58.21488379512807,57.08479899153556,57.162200927734375,71635600
2007-12-18,57.79687212384069,58.36965910533456,56.775151815335406,58.18388748168945,114501900
2007-12-19,58.12196462307267,58.617349722732925,57.835577032705594,58.59412384033203,85850100
2007-12-20,58.98888328731776,59.6081102551246,57.91298100742756,59.47652053833008,121965700
2007-12-21,60.28150693532636,60.83880996704102,60.09574122654995,60.838809967041016,83426900
2007-12-24,60.92397576618189,61.4038770842748,60.83108992563205,61.280029296875,29867000
2007-12-26,61.02459252790494,61.79862341784013,60.9239706381527,61.5664176940918,65572400
2007-12-27,61.24566640315111,61.416527692362166,59.731224840193185,60.104007720947266,71490100
2007-12-28,60.51560886175215,60.585509336703716,59.459381103515625,59.459381103515625,48207400
2007-12-31,59.373943552159716,59.645771458799366,58.69827261637778,58.94679641723633,73932400
2008-01-02,59.14100152490702,59.41282371633108,57.92944187483499,58.37213134765625,94259600
2008-01-03,58.45754815662773,58.729376236392405,57.494518555614725,57.72751235961914,78036800
2008-01-04,56.88094663163776,56.950847109643036,55.615029243794034,55.98781204223633,123498600
2008-01-07,56.135393070848174,56.57807648893902,55.19566181227911,56.11209487915039,139672900
2008-01-08,56.16644586728503,56.904249412537936,54.38017654418945,54.38017654418945,157222700
2008-01-09,54.31028600274908,55.14128827924209,53.29289229819244,54.93159866333008,140191600
2008-01-10,54.45009253432276,56.16646186256005,54.255933027617935,55.68494415283203,153878400
2008-01-11,55.35872201171788,55.52958321581038,54.29473239122673,54.53548812866211,120320000
2008-01-14,55.149036020769195,55.28883102168814,54.56655783781934,54.98594284057617,71078600
2008-01-15,54.271450049148804,54.488913621272715,53.64237529572925,53.9763298034668,95261600
2008-01-16,53.774408744008184,54.916067451910074,53.37055962655469,54.03070068359375,135714800
2008-01-17,54.34910243968556,54.44229516051213,52.562833570363054,52.71815872192383,123268100
2008-01-18,52.90456057253495,53.44043653928453,51.483312204723624,52.20558547973633,131880200
2008-01-22,50.06985147180796,52.9123433948047,49.852393785655785,51.83281707763672,150963700
2008-01-23,50.71445808375051,54.34912375322459,50.55135890779363,53.603546142578125,183099500
2008-01-24,53.96079179424398,54.543270088578204,53.02882296814385,53.56470489501953,113683300
2008-01-25,54.333576377384084,54.53550385182707,52.87349953783866,53.176387786865234,95436000
2008-01-28,53.0598863826761,54.3413397475099,52.5861369209783,54.30250549316406,81259000
2008-01-29,54.66751686108382,54.66751686108382,53.68118977626553,54.442291259765625,75340700
2008-01-30,54.147191911278995,55.45194373776559,53.665674310634884,53.758872985839844,126086600
2008-01-31,52.89680198006926,55.576200067980515,52.81137134651603,55.094688415527344,117643600
2008-02-01,55.397601039199735,56.60138662473835,55.141309025885725,56.39169692993164,100612100
2008-02-04,56.337296203887746,56.38389256709902,55.66938734657576,55.754817962646484,54583900
2008-02-05,54.90050256271883,55.58394137723158,54.20929571472483,54.32578659057617,125988100
2008-02-06,54.69084040572075,55.04809313463045,53.46375108124154,53.603546142578125,97259100
2008-02-07,53.30842973807518,54.768506987241366,53.1764027053624,54.45008850097656,125972100
2008-02-08,54.32580646126184,54.86168838728066,53.588002993061814,54.10834884643555,86493200
2008-02-11,54.100623034030605,54.52000247241943,53.378349228592725,54.131683349609375,80655800
2008-02-12,54.44233335319698,55.180143153889844,54.14721298808716,54.55883026123047,76564500
2008-02-13,55.15683150727524,55.879105128211876,54.90830756917221,55.79367446899414,86241400
2008-02-14,55.99558736054707,56.05771981012589,54.38017922315681,54.50444412231445,78328200
2008-02-15,54.20933415550833,54.46562018939161,53.70451827617618,54.26369857788086,64549100
2008-02-19,55.048089602571935,55.149056316950436,54.06953016128036,54.93159866333008,50724600
2008-02-20,54.00741168660304,55.07140796748189,53.720053469796234,54.96267318725586,71204100
2008-02-21,55.34319702037853,55.72374778520056,53.77438575064138,53.914180755615234,85702100
2008-02-22,53.9840812207395,53.9840812207395,52.84242300099876,53.914180755615234,84228000
2008-02-25,53.88314675221798,55.14130254911483,53.61132461484841,54.96267318725586,76367400
2008-02-26,54.6520121367601,56.073255016052,54.60540983273555,55.47524642944336,92917400
2008-02-27,55.017013658760625,56.104307660078454,54.9160528874926,55.451934814453125,85186500
2008-02-28,54.9626667858886,55.2500249692275,54.34912800097386,54.613182067871094,68720700
2008-02-29,54.05397730151515,54.13163987865353,52.88902086861493,53.47926712036133,98588500
2008-03-03,53.11426460214315,53.37055652684352,52.19783165874408,52.96670150756836,84853500
2008-03-04,52.47742231282249,53.1453313763497,51.863877664918334,52.65605163574219,90523200
2008-03-05,52.97445912781003,53.35500995841225,52.368682643303224,53.160850524902344,92841800
2008-03-06,52.74147940412318,52.95116901716343,51.203733849147255,51.3901252746582,104781300
2008-03-07,50.76104262434542,51.91046314925223,50.63677774312541,51.22702407836914,119085300
2008-03-10,51.27361482002478,51.30468103692094,49.7824719606591,50.0931282043457,82737100
2008-03-11,51.62312739782769,52.267738342285156,49.875691945563325,52.267738342285156,117570000
2008-03-12,52.19005159191648,52.842430347585065,51.64640756658889,51.66193771362305,92575100
2008-03-13,51.16491120383527,52.795855804524585,50.63679710724437,52.694889068603516,123504200
2008-03-14,53.08319792253387,53.08319792253387,50.753284282112986,51.36682891845703,176997100
2008-03-17,49.88345218005854,51.21150220496995,49.88345218005854,50.52805709838867,126969000
2008-03-18,51.731836675805766,52.95115760433747,50.72220531511887,52.850196838378906,161001200
2008-03-19,53.269566027799996,53.5336258725591,51.45223702821795,51.52989959716797,132792600
2008-03-20,51.607585912030736,52.88903962779393,51.560989534275436,52.407527923583984,103328000
2008-03-24,53.02985927893057,54.725694874011474,52.85871898131509,54.445648193359375,90751700
2008-03-25,54.406721978854456,54.787894077992945,53.893301411283076,54.624534606933594,50600
2008-03-26,54.398944648099544,54.66342973153661,53.939977208968436,54.1733512878418,63054100
2008-03-27,54.51562700820226,54.51562700820226,53.65215129941614,53.67548751831055,63938500
2008-03-28,53.76110155727745,53.994475806888275,52.87428890468222,53.04542922973633,228800
2008-03-31,53.06096175060433,53.84664838655025,52.7497981976103,53.12319564819336,64266300
2008-04-01,54.0333313414905,55.09128361002404,53.78440174506789,55.06794738769531,65928500
2008-04-02,55.15351524035416,55.63581297531633,54.74122616951895,55.20018768310547,58947900
2008-04-03,54.78790851102511,55.59693129626436,54.72567461947965,55.371337890625,57228200
2008-04-04,55.371344691892084,55.92365719355984,54.95127477478887,55.35578918457031,159400
2008-04-07,55.74475894818513,55.90033780808447,55.06019772074066,55.262454986572266,40283000
2008-04-08,54.82683162135346,55.449153020767106,54.74126146450417,55.208003997802734,49572900
2008-04-09,55.30130209740267,55.50355919998164,54.02553748411678,54.30558395385742,71772700
2008-04-10,54.212271719117915,55.14575655684502,54.010014494794696,54.88127136230469,56065900
2008-04-11,54.23559401849667,54.28226646790887,53.22431409159663,53.473243713378906,79545300
2008-04-14,53.395460871459754,53.8855394552757,53.076522536422694,53.30989074707031,57846400
2008-04-15,53.57439030218294,53.73774985592127,53.10764193727115,53.65217971801758,45940300
2008-04-16,54.20445754418297,55.44910520465108,54.20445754418297,55.386871337890625,72389400
2008-04-17,55.10683350630153,55.34020757574311,54.570082642504495,55.1690673828125,48815600
2008-04-18,56.016989643918954,56.219240847430264,55.596919864785,55.752498626708984,70736400
2008-04-21,55.50358549322373,55.87698294141374,55.410240582389555,55.76029586791992,40019000
2008-04-22,55.4257926622943,55.43357338269978,54.07223812432763,54.74123764038086,68800
2008-04-23,54.86570991853652,55.2468822015307,54.414523008489276,54.88127136230469,48056900
2008-04-24,54.842385129846974,55.962571916790544,54.1733853470838,55.41025924682617,230600
2008-04-25,55.8614162052095,56.21925217771146,55.083510368913814,55.93143081665039,56252000
2008-04-28,55.95479988883664,56.5537851230235,55.690308663059696,56.30485534667969,35470700
2008-04-29,56.17260461710908,56.30484724348866,55.45693235498684,55.80698776245117,40940300
2008-04-30,55.98587504310715,56.52263188357941,55.30909493707472,55.5424690246582,62315700
2008-05-01,55.589160961961625,56.67823052767877,55.410245909029435,56.49930953979492,55323500
2008-05-02,57.106072271110804,57.176080950028364,56.195917900527384,56.43707275390625,58836700
2008-05-05,56.258139754766766,56.553741782966796,55.91585934899344,56.219242095947266,39901300
2008-05-06,55.90032054182085,56.84158600386967,55.75251651610243,56.678226470947266,60503800
2008-05-07,56.70934732887916,56.95827700595853,55.495809960034585,55.66695022583008,57431100
2008-05-08,55.791426352657126,55.985902877347115,55.37913706990675,55.78364562988281,60442700
2008-05-09,55.37910946009524,56.102562008655575,55.262422416466244,55.62025833129883,51712800
2008-05-12,55.970349054287894,56.99718500709567,55.86144266042596,56.84160614013672,48246600
2008-05-13,57.02051396388166,57.28499916340713,56.56932704533027,57.168312072753906,52328700
2008-05-14,57.29277360392316,57.83730538733371,56.47596999385601,57.098297119140625,60659500
2008-05-15,57.15275480407012,57.790637487056856,56.864927447313846,57.214988708496094,46599700
2008-05-16,57.92287197213753,57.969544426445836,56.857138764140544,57.52613830566406,64245200
2008-05-19,57.588382362445685,58.1406949306992,57.15275688550253,57.541709899902344,102762700
2008-05-20,57.129402365394924,57.35499575372185,56.631543141138984,57.3316535949707,82109000
2008-05-21,57.269439427529,57.743962542198496,56.20370611614889,56.514869689941406,100026600
2008-05-22,56.62379702111893,57.22278222616836,56.54600758259941,56.91939926147461,60034900
2008-05-23,56.67042459419375,56.93491559753406,55.79917407718809,56.17256546020508,64498000
2008-05-27,56.30480052775472,57.11382299693814,56.28146431127943,57.036033630371094,62334000
2008-05-28,57.284979485356324,57.378330312802206,56.72488639058088,57.300540924072266,54387400
2008-05-29,57.18385954476204,58.35849308146427,57.15274259919403,57.883975982666016,69851700
2008-05-30,57.94620032345051,58.195129937512775,57.68171520505004,58.08622360229492,41633900
2008-06-02,58.00843393991886,58.055106387665745,56.958262320963094,57.557247161865234,69923200
2008-06-03,57.75951894619293,58.07068252481257,56.83380893191117,57.440574645996094,87672400
2008-06-04,57.23833422102885,58.30406181612738,57.051632477474264,57.79842758178711,85092200
2008-06-05,57.89951128480171,59.29974367201939,57.75948804607994,59.27640151977539,106082100
2008-06-06,58.92638477849056,58.98083796597028,57.48725973656739,57.50281524658203,123993000
2008-06-09,57.658370021884004,57.86840194003996,56.615973344691724,57.31608963012695,98998100
2008-06-10,56.79492765488588,57.28500637538622,56.20371734010973,56.896053314208984,98697900
2008-06-11,56.82600607933645,56.95824860607691,55.83028193254414,55.908077239990234,97453600
2008-06-12,56.227014498290885,56.86489683791652,55.721374683172726,56.024757385253906,98505200
2008-06-13,56.52261906306999,57.05936984684639,56.25034737766296,57.036033630371094,84102300
2008-06-16,56.826041341284785,57.63505843921111,56.74824598556477,57.3939094543457,67157700
2008-06-17,57.705053522073776,57.767287411584185,57.2149749958176,57.34721755981445,52324000
2008-06-18,57.01273915738562,57.16831800443117,56.39041189929826,56.88827133178711,88091900
2008-06-19,56.8727445292952,57.4095019119662,56.56936146994783,57.362823486328125,105967200
2008-06-20,57.13716481773148,57.13716481773148,55.8925170257323,56.45261001586914,121586400
2008-06-23,56.72490635534413,56.779359540115294,55.900327861680225,55.92366409301758,73028000
2008-06-24,55.581338597382285,55.92361887343592,54.92790090849505,54.99790954589844,112302100
2008-06-25,55.20018853520416,56.08700057086527,55.12239915110135,55.62025833129883,116515200
2008-06-26,55.083505959551935,55.19241229311948,54.15002140470152,54.18891906738281,114823500
2008-06-27,54.227831499342024,54.647901489892774,53.675518901104645,54.24339294433594,118012300
2008-06-30,54.34450308359585,54.616768943744006,53.61326968638314,53.71440124511719,115067900
2008-07-01,53.084288822724695,53.87775604275339,52.601991036972066,53.75328826904297,150735900
2008-07-02,53.813409786793486,54.01642200203055,52.197133745069706,52.22836685180664,148254900
2008-07-03,52.236190358667294,52.306460399480656,51.377300547338876,51.947288513183594,166200
2008-07-07,52.10343999249891,52.34548912151836,50.70578975127491,51.29139709472656,125544000
2008-07-08,51.36948134216453,53.20438331952546,50.94784330342137,53.14972686767578,131778100
2008-07-09,53.17316960221956,53.52453774120043,51.533469491634726,51.72867202758789,131076400
2008-07-10,51.58810575658364,52.665621188427934,51.502216197838116,52.23617935180664,131228600
2008-07-11,51.72866563674939,52.92330405605328,51.275794379582145,52.525089263916016,131381400
2008-07-14,52.92329837350192,53.01699771368162,51.42414467327041,51.658390045166016,113936200
2008-07-15,51.182099335566896,52.53289733792696,50.37786000876948,51.439762115478516,143442400
2008-07-16,51.77549929354035,53.47766500634723,51.36948079230397,53.329315185546875,112222900
2008-07-17,53.65725715299598,54.29752103118267,53.15753929475792,53.40739822387695,115518700
2008-07-18,54.469289545725196,54.53955956345035,53.508890937075584,53.78217315673828,99585800
2008-07-21,54.16478231469865,54.46148791793696,53.8602669448443,54.43806457519531,70224400
2008-07-22,54.024250755193584,55.898190161170724,53.89150851563193,55.80449676513672,136363600
2008-07-23,55.734221657094196,56.600921326992,55.578062023121404,56.16366958618164,118339100
2008-07-24,56.11681136225122,56.163658051400134,54.54738174758585,54.742584228515625,112118900
2008-07-25,55.19545091038874,55.75763496273306,54.82065955645704,55.18764114379883,112551100
2008-07-28,55.156396086339,55.31255564167051,54.04764775501185,54.25065994262695,82119100
2008-07-29,54.40684506349583,55.749839315992524,54.35218859773646,55.578060150146484,122965400
2008-07-30,55.89817593775477,56.27296729784855,55.1564089413921,55.913795471191406,153225200
2008-07-31,55.296950139093724,56.226115713103894,55.23448392500264,55.687355041503906,95287500
2008-08-01,55.78106800005452,56.030926960398574,54.906558660296575,55.75764465332031,107406700
2008-08-04,55.77323366896465,55.82008034180128,54.50831988843178,55.24228286743164,104200100
2008-08-05,55.42969005453051,56.19488633515967,55.24229735692791,56.187076568603516,93469200
2008-08-06,55.98409237081867,56.733675450780915,55.59368724701349,56.468196868896484,79587900
2008-08-07,55.99969222610126,56.48379059689386,55.41408474625292,55.624900817871094,89727900
2008-08-08,55.6249002950243,57.28802933470969,55.42189399303565,57.09282684326172,112771400
2008-08-11,57.20994307433842,59.02923170849939,57.10063015664788,58.45924377441406,174577700
2008-08-12,58.27964897579062,58.4748514458213,57.82677781561386,58.02198028564453,128837600
2008-08-13,57.97513844772821,58.521703026682125,57.41295433388583,58.23280715942383,151007500
2008-08-14,57.91266774223258,59.06045922634914,57.82677817831184,58.794986724853516,118194800
2008-08-15,59.138569271208084,59.55239776879373,58.154752602003995,58.638851165771484,98174800
2008-08-18,58.77155819836452,58.88868087408139,57.436373992248406,57.88143539428711,97838400
2008-08-19,57.49104670355417,57.64721230103833,56.56188671623423,56.921058654785156,105131600
2008-08-20,57.13185887273611,57.63938649844184,56.43693853928452,56.999122619628906,101308300
2008-08-21,56.639955918594495,56.96008490848533,56.25736070142004,56.3432502746582,83526000
2008-08-22,56.80389901096415,57.63155528959271,56.702395906430034,57.530052185058594,77915300
2008-08-25,57.17089807615852,57.53006989171534,55.19545011204282,56.26515579223633,88256100
2008-08-26,56.35886491309786,56.6711900982839,55.79668077118448,56.35105514526367,53866300
2008-08-27,56.37447877026433,57.39734390573135,56.304208730731595,57.022552490234375,62031400
2008-08-28,57.288046105475374,58.28748220113134,57.02256754169293,58.17816925048828,75512600
2008-08-29,57.912683363115214,58.185965705163795,57.412965378481154,57.678443908691406,83919800
2008-09-02,58.56855751862003,58.95115273593606,56.999127810905065,57.66281509399414,112584000
2008-09-03,57.50665540977689,58.32650230298397,57.30364314984153,57.89706039428711,96282200
2008-09-04,57.40511352211866,57.53004590523527,55.81226733710924,56.07773971557617,126675300
2008-09-05,55.85914934619448,56.30421081772097,54.76601413067624,55.93722915649414,122285000
2008-09-08,57.79553565694828,58.053204306753145,55.93721057775846,56.59309387207031,148091600
2008-09-09,57.18652258618025,57.66281716153427,55.09395155323215,55.289154052734375,132381100
2008-09-10,55.882576580867756,56.35887120106757,54.992453575896185,55.80449676513672,126869000
2008-09-11,55.062714349332744,56.2183156816947,54.578615999066685,56.15584945678711,144283600
2008-09-12,55.687355999635436,56.52282226688364,55.468730203661124,56.413509368896484,117705200
2008-09-15,54.77382815131971,55.820110796202364,53.71192596889986,53.883705139160156,168634300
2008-09-16,52.938910833546814,55.4375,52.884254381690226,55.4375,252238200
2008-09-17,54.61764001732463,54.71133933254772,52.66561562846949,52.93890380859375,266078500
2008-09-18,54.18820054812937,56.335427467883655,52.43918828875554,56.0621452331543,355117000
2008-09-19,61.621550873353456,67.1887324345205,57.74092251339617,58.56077575683594,138448700
2008-09-22,58.71691192722949,58.84184439155627,54.82848131022897,56.17927932739258,98340700
2008-09-23,56.21832256272864,56.70242692935539,55.28915671409793,55.42970275878906,92894300
2008-09-24,55.42187090922166,55.57836116421495,53.91171666662621,54.72547912597656,91760200
2008-09-25,54.70982037804479,55.75832407192217,54.68634743940245,55.00716018676758,115328200
2008-09-26,53.99780903983487,55.312347988647915,53.82566611074748,55.26539611816406,94646800
2008-09-29,54.16993938480537,55.03064786056988,50.89924240112305,50.89924240112305,150003200
2008-09-30,51.54086329176319,53.51266831772741,50.89924358008926,53.2075080871582,107271100
2008-10-01,52.57371238832055,52.69890341528261,51.869494206279704,52.44068908691406,69571300
2008-10-02,52.13551718849944,52.4485036403609,49.62381121007834,49.74900817871094,116143300
2008-10-03,50.35932877206298,51.3608806481219,48.30144985341689,49.06044006347656,118870500
2008-10-06,47.385975610871135,47.51116961178404,44.115278979053514,46.72870635986328,172301800
2008-10-07,47.104288979885666,47.28425517200258,43.528432110536386,43.66144943237305,152283000
2008-10-08,42.10433872443538,44.561272278090705,41.86959741636611,42.612937927246094,173741000
2008-10-09,43.5440790426106,43.763167787322814,38.69280652000095,39.11533737182617,154548100
2008-10-10,37.29220988343257,42.777277645205146,36.39237567431281,41.04021072387695,205089400
2008-10-13,42.675556671676205,44.897752957427066,41.04020796506876,44.58476638793945,128725200
2008-10-14,45.96971748303,46.04796261671649,42.14347253946698,43.33281707763672,131474600
2008-10-15,42.60512176563607,42.918105254195886,39.1622824974565,39.4439697265625,109147700
2008-10-16,39.921282352172696,42.15912811596781,37.78515766442126,42.02610778808594,207587400
2008-10-17,40.33599060715447,43.387599283079446,39.6865474900403,40.8445930480957,131845100
2008-10-20,41.66616559092759,42.808561151795956,41.04801894372859,42.792911529541016,82673400
2008-10-21,42.2139132131474,42.7146894561321,41.32972848014275,41.61141586303711,83005200
2008-10-22,40.50028674049452,41.04801148038924,38.58325462815256,39.506561279296875,91861700
2008-10-23,39.65522816713725,39.85866724964292,36.525375923384416,38.33286666870117,133202600
2008-10-24,35.17173508416599,37.71474147089301,35.124786199399395,36.9088020324707,105748800
2008-10-27,36.08720159489686,37.3000189460497,34.9761052945089,35.10129928588867,99416400
2008-10-28,35.782035079999574,38.10595130415538,34.49097283258165,37.910335540771484,114981800
2008-10-29,37.95729091823814,39.69436028720712,37.41739235065661,38.105960845947266,94984800
2008-10-30,39.44397538257982,40.281210886443475,38.747583513465266,40.242088317871094,77436600
2008-10-31,40.14037146908204,42.32344505219899,39.49875172552853,42.05740737915039,113060500
2008-11-03,41.84613355314312,42.722491542750305,41.767888423393686,42.1121711730957,54872700
2008-11-04,42.98070596901223,43.199794720837836,41.77571186425061,42.59729766845703,79680500
2008-11-05,42.198243171043615,42.59729811387877,40.14819029861785,40.367279052734375,73881200
2008-11-06,39.94474461332902,40.453346872634405,38.76322652867425,38.80234909057617,85233800
2008-11-07,39.17792608585583,39.96038916403926,38.58325545977472,39.608280181884766,62313000
2008-11-10,40.48464371575369,40.562888834918354,38.285921242851046,38.69280242919922,50459600
2008-11-11,38.26246840572347,39.04493194788663,37.56607334591456,37.855587005615234,73187400
2008-11-12,37.253065976078325,37.8555628777155,35.46122489021891,35.649017333984375,75376800
2008-11-13,35.75857062629442,38.69280777312065,33.8337117743429,38.5832633972168,142362300
2008-11-14,37.73819612748093,38.583257734472824,35.602072156286916,35.71161651611328,98697500
2008-11-17,35.48471640380619,36.44714907778798,35.12478393175027,35.406471252441406,84029400
2008-11-18,35.469062973128736,35.985488633938616,33.72416718000351,35.23432159423828,98246400
2008-11-19,35.038705377352656,35.328218945456925,32.26878758293741,32.3626823425293,96005900
2008-11-20,32.080990936207726,32.808681945012964,30.077884086128986,30.148305892944336,140070900
2008-11-21,30.74297342720061,31.96361385409844,29.04502708549585,31.799297332763672,160636700
2008-11-24,32.23749729967074,34.45969379371723,31.86973849378042,34.03716278076172,97052300
2008-11-25,34.60053253173828,34.75702282397876,33.37988855217997,34.60053253173828,80072400
2008-11-26,33.85719713593205,36.79925868102459,33.80242492788846,36.67406463623047,88144900
2008-11-28,36.220238215517654,37.76168936950865,36.11851711890333,37.04182434082031,24156600
2008-12-01,36.08720678499094,36.243700042937704,32.472227152237735,32.87910842895508,89163400
2008-12-02,33.41900804363774,34.6866007848987,32.83216054726679,34.60835266113281,81228000
2008-12-03,33.763296560840914,35.907244583531906,33.661575484113534,35.656856536865234,102868600
2008-12-04,35.06998944178881,36.34540489556239,33.84934615613503,34.475318908691406,101436300
2008-12-05,33.93542810172262,36.20457257255631,33.129491961982616,36.07155227661133,113947900
2008-12-08,36.95574410686047,38.004245127867414,36.75230494675204,37.66778564453125,99336100
2008-12-09,37.315662861017515,38.66150030116268,36.212390047949135,36.50190353393555,81950900
2008-12-10,36.92443325977098,37.90251215186466,36.58797388210196,37.362613677978516,74636500
2008-12-11,36.97140681283192,37.48783269336272,35.04654698402277,35.469078063964844,73178000
2008-12-12,34.553576779664255,36.77577251484958,34.44403240294236,36.689701080322266,97291600
2008-12-15,36.979211261880444,37.135704506229665,34.91350879407981,35.508182525634766,78607200
2008-12-16,36.19675758170128,37.93382738136591,36.07156355014011,37.81645965576172,109318300
2008-12-17,37.51128260274655,38.73974951817875,37.22177207095209,38.160728454589844,79576900
2008-12-18,38.18421625416592,38.85713530739902,37.02617069145409,37.91817855834961,87888400
2008-12-19,38.340699223814866,39.13098579243655,37.722552540370536,38.105960845947266,88221200
2008-12-22,38.27810645179743,38.29375607730883,36.08720962283571,37.37044906616211,75338900
2008-12-23,37.631424067165796,37.84429860774573,36.53551673453163,36.827232360839844,64575300
2008-12-24,36.842989521109,37.142590965742556,36.393588857955486,36.96125411987305,19412400
2008-12-26,37.33181679827433,37.584111842997736,36.842995525072006,37.489501953125,25104700
2008-12-29,37.339693151211364,37.51314707790222,36.19647983069997,36.913944244384766,41442100
2008-12-30,37.11894266060173,38.001975254392825,36.874530537569335,37.938899993896484,38835200
2008-12-31,38.01773478752132,39.673420872594605,37.954659542424736,38.82192611694336,75369500
2009-01-02,39.21615803037236,39.988812144187364,38.80617774409597,39.594600677490234,51588500
2009-01-05,39.80745793986522,40.05186701819656,38.94019128527592,39.73649978637695,59247000
2009-01-06,40.06762864926728,40.92700923966079,39.72072385416633,40.40665054321289,77980800
2009-01-07,39.6339998998344,40.48549464585286,38.656354665049896,39.21613693237305,77662100
2009-01-08,38.932308818713196,39.53939458144645,38.766737786990646,39.40536117553711,59214100
2009-01-09,39.507861540955815,39.570933792308914,37.78121392220564,37.94678497314453,82725900
2009-01-12,37.804860268447385,37.93100775078617,36.66164701798095,36.819332122802734,53721400
2009-01-13,36.76414457962982,37.53679832257351,36.59069065511007,37.30815505981445,62644600
2009-01-14,36.51973833964891,36.79568507493369,35.57363052102505,35.668243408203125,74519500
2009-01-15,35.72344213126545,36.677433103742516,34.54080779948887,36.24380111694336,100622800
2009-01-16,37.04010065962693,37.07952119584814,35.45537224581888,36.64588928222656,80512600
2009-01-20,36.17281443523068,36.46452983175892,34.14656945059221,34.16233825683594,85180200
2009-01-21,34.69060877584952,36.02304243927871,33.93372348801737,35.865360260009766,66088100
2009-01-22,35.100572809071224,35.73919616680506,34.19388566004591,34.824623107910156,69790800
2009-01-23,33.93370072900651,35.48689080777821,33.79178445677053,34.998069763183594,76444000
2009-01-26,34.97442521398218,36.164941955259636,34.8325089126917,35.39228820800781,62967900
2009-01-27,35.534201985417134,36.1255188629303,35.25825531228159,35.77861404418945,54932300
2009-01-28,36.464541500838344,37.4421867476613,35.86534170978721,37.25296401977539,71034500
2009-01-29,36.732617473075365,37.23720757150772,35.67613082663479,35.794395446777344,66434400
2009-01-30,36.078226248909836,36.27533195024425,34.77733042465929,35.06904602050781,58185500
2009-02-02,34.422539423363496,35.58940480969514,34.40677060640836,35.35287857055664,62907300
2009-02-03,35.699788740978654,35.93631802229789,35.04539928342109,35.60517883300781,57452200
2009-02-04,35.644588226056285,36.36205273620088,35.108460569289576,35.34498977661133,65080500
2009-02-05,35.037505967516665,36.275329445831126,34.84828619155199,35.75497055053711,71623700
2009-02-06,35.81014736204476,37.18988669295529,35.64457936415783,37.02431869506836,53776100
2009-02-09,36.890321370995515,37.16626828138338,36.44092039830913,36.85878372192383,55265000
2009-02-10,36.574921711023734,37.13470100119722,35.045383042669975,35.15576171875,83914300
2009-02-11,35.38440397621196,35.62881303556721,34.761549455906334,35.289791107177734,58417600
2009-02-12,34.76945207156782,35.644602056973774,34.27274776168469,35.589412689208984,79209300
2009-02-13,35.5420977560872,36.030919001665275,35.14788639503527,35.218841552734375,58901500
2009-02-17,33.902182451361725,34.39100377481304,33.76815201089704,33.823341369628906,81542900
2009-02-18,34.09928473300277,34.17024290246192,33.21625207452884,33.34239959716797,78276200
2009-02-19,33.728726664073456,33.90218064375074,32.82204224211113,32.87723159790039,64544300
2009-02-20,32.24648354953796,32.829914553217485,31.686701252372995,32.43570327758789,83388200
2009-02-23,32.6249394651346,32.68012882587094,31.119051891626267,31.19001007080078,78804200
2009-02-24,31.568437470617848,32.617037826646886,31.221529647419825,32.34109115600586,81463900
2009-02-25,32.19919684017682,32.52245016392658,31.13482694694093,31.67095184326172,104493600
2009-02-26,32.00208234561362,32.12822987635813,30.91405801319581,31.079626083374023,68400200
2009-02-27,30.527719274671362,31.44228922777157,30.464644032860903,30.866741180419922,87450900
2009-03-02,30.16505999218777,30.291207540741397,29.02973205520516,29.12434196472168,83622800
2009-03-03,29.510667008395977,29.54220464367607,28.39899092932541,28.572444915771484,67796200
2009-03-04,29.006060798712284,29.684104543480416,28.556660271615783,29.163745880126953,80120300
2009-03-05,28.580318888317493,28.927223745193757,27.53171539994262,27.610559463500977,97980100
2009-03-06,27.910172366983286,28.288615004905076,27.05867417596321,27.752487182617188,76036000
2009-03-09,27.38192882326473,28.099393590884926,27.01136907256593,27.11386489868164,75737000
2009-03-10,27.79190426078657,29.02184493633833,27.673639635362502,28.879928588867188,76181500
2009-03-11,29.234710364982,29.802372570718223,28.667045151652353,28.919340133666992,82274800
2009-03-12,28.801089103005026,30.8982940079971,28.438415271581135,30.716957092285156,86839000
2009-03-13,31.008672280802354,31.268850258583747,30.55926848718995,31.040206909179688,72449700
2009-03-16,31.387104434388263,31.694588763701947,30.40157619551441,30.480417251586914,78042300
2009-03-17,30.535607177477402,31.891695022583004,30.29908099713408,31.891695022583008,64727100
2009-03-18,31.74190606911344,33.25567966966269,31.465959244646168,32.99549865722656,111491000
2009-03-19,33.46853493144507,33.507955453989965,32.44358630731222,32.64857482910156,64512500
2009-03-20,32.956070210636724,33.050680098114654,31.497489332275133,31.521141052246094,68436500
2009-03-23,32.593398977670944,34.312160938381545,32.270145746946156,34.2017822265625,94771600
2009-03-24,33.7754158441864,34.09972298926767,32.83413184896508,32.87368392944336,70562700
2009-03-25,33.1821933813023,34.234213657175786,32.280460854152984,33.79916763305664,95016000
2009-03-26,34.26584703955311,35.17549100674194,33.90989926902697,35.10430145263672,111103100
2009-03-27,34.5031530284015,34.8037315548845,33.87827014143725,33.92572784423828,78132900
2009-03-30,32.94489976815352,33.071458681546034,32.25673284776687,32.95280838012695,59094200
2009-03-31,33.356202271907065,34.25793760806795,32.91324773912781,33.26128387451172,66094400
2009-04-01,32.69969933207567,34.01274954255733,32.51777103382015,33.83872985839844,66464100
2009-04-02,34.898646286104736,36.045587921768195,34.66134874499552,35.53144073486328,92895500
2009-04-03,35.483975004318935,36.1009490750144,35.088478186201066,36.093040466308594,50763600
2009-04-06,35.58681206967458,35.68173047994858,34.82745573527697,35.476070404052734,63427300
2009-04-07,34.86702078964531,35.16759637005733,34.10766417319672,34.21840286254883,48410400
2009-04-08,34.41614341351978,34.98565998960672,34.163025605792754,34.851192474365234,60265100
2009-04-09,35.81619299379618,36.94731420166116,35.67381388949139,36.891944885253906,66699400
2009-04-13,36.59136954259212,37.176706245172866,36.12468310945665,36.90776824951172,58557300
2009-04-14,36.35406405832245,36.80493015561671,35.7766391094614,35.83992004394531,56579200
2009-04-15,35.60262281503168,36.504358109539126,35.50770442202085,36.38570785522461,48436100
2009-04-16,36.80493158207545,37.72248404584678,36.195866142366725,37.43772888183594,66307000
2009-04-17,37.516817956223,38.18125254625188,37.113409624383806,37.769935607910156,51981400
2009-04-20,36.99476988321224,37.17669804346448,35.752910211237534,35.832008361816406,53370100
2009-04-21,35.642186036172795,37.224173828001824,35.55517622483784,37.073883056640625,60408100
2009-04-22,36.53599265864162,38.09425098895265,36.40943380555145,37.06595993041992,72784100
2009-04-23,37.25580473779825,37.34281453382931,36.33034349070802,36.97895812988281,70030200
2009-04-24,37.27161745917028,38.18916991132418,36.91566973691206,37.6671142578125,60773000
2009-04-27,37.050145174739896,37.801589796182235,36.868216985110955,37.26371383666992,49385100
2009-04-28,36.81284866652804,37.959790170661776,36.68628979128994,37.31908416748047,51197500
2009-04-29,37.8174136162011,39.20956133796259,37.67503449475481,38.73496627807617,79875900
2009-04-30,39.35193490925196,39.739523133502196,38.323643746259314,38.37901306152344,67809000
2009-05-01,38.48183884478609,38.99598286095567,38.29199905807355,38.61630630493164,64532300
2009-05-04,38.98016537634639,40.10337790735768,38.81405743713385,40.02427673339844,47528900
2009-05-05,39.85025850173138,40.032186668048915,39.25701330040855,39.8265266418457,58364200
2009-05-06,40.285326481106466,40.51471547564475,39.15420476862075,39.93729019165039,87550000
2009-05-07,40.53842914865164,40.65707941653518,38.67168344068068,38.99599075317383,67577300
2009-05-08,39.66833499335624,40.467237297290005,39.26492651934298,40.34858703613281,63463900
2009-05-11,39.58924022695783,40.071746941641585,39.383583160690335,39.755348205566406,40051600
2009-05-12,39.976826007574566,40.19830329842371,38.529305954777335,39.19374084472656,49453100
2009-05-13,38.52137491436558,38.60838466150682,37.34279355132518,37.398162841796875,68822200
2009-05-14,37.48520762869128,38.56096002182828,37.22418116066992,37.92025375366211,72813500
2009-05-15,37.87277250448209,38.29990673373416,37.398174557956175,37.77785110473633,53885500
2009-05-18,38.20498753046206,39.20954969234534,38.05469984352869,39.04344177246094,55512900
2009-05-19,39.05135351090853,39.51803985947394,38.600487396562414,39.05926513671875,55704100
2009-05-20,39.41521498485161,40.09546698849237,38.64003855338415,38.69540786743164,48021100
2009-05-21,38.18127372444246,38.521401323319864,37.53265900504883,38.19709396362305,49312200
2009-05-22,38.39483912038483,38.48975752989107,37.45355458332495,37.80159378051758,38440200
2009-05-26,37.46938025534793,39.67625396389465,37.429831163767986,39.605064392089844,73480700
2009-05-27,39.35985105676208,39.84235776853546,38.766605693250945,38.83779525756836,48207700
2009-05-28,39.20165262360084,39.35194035477151,38.04679941745153,38.88525390625,58832400
2009-05-29,39.06718411389792,39.76325951728597,38.82197796192176,39.68415832519531,51665800
2009-06-01,40.625420363276376,41.42432234713306,40.419760395321006,41.2344856262207,70173300
2009-06-02,41.10003871219078,41.92267302015907,40.878561405200095,41.748653411865234,56794100
2009-06-03,41.376898578372575,41.535094969619976,40.92603222503145,41.47181701660156,44068400
2009-06-04,41.724924444892686,42.1283299696888,41.202868638884894,42.0650520324707,42972900
2009-06-05,42.46844916216048,42.54755033979899,41.66954688112071,42.08086395263672,50619300
2009-06-08,41.764470625197575,42.14414727427916,41.163316685168844,41.582542419433594,46325400
2009-06-09,41.79610585881395,42.13623338005827,41.57462859564143,41.772377014160156,35033700
2009-06-10,42.22323926766465,42.246968110127085,40.823180231759686,41.60626220703125,65032200
2009-06-11,41.645832700426595,42.28653586918849,41.59046336528427,41.622100830078125,62963200
2009-06-12,41.353156496580716,41.78029388926448,41.04466938544311,41.748653411865234,44094300
2009-06-15,41.155410772914195,41.2028714921659,40.18248865877079,40.62544631958008,45942200
2009-06-16,40.93392494881507,41.00511450420473,39.80280368951366,39.94518280029297,53065700
2009-06-17,39.94517997564214,40.633343617478836,39.54968314420014,40.158748626708984,71985300
2009-06-18,40.15876616765066,40.59381226878031,39.786998018142185,40.340694427490234,34317000
2009-06-19,40.91019905102329,41.06839539226603,40.42769236498828,40.58589172363281,38711500
2009-06-22,40.33276103557497,40.36439848324692,39.07508121423978,39.146270751953125,54877300
2009-06-23,39.34402685823097,39.502223179856976,38.7745104446928,38.82987976074219,40810600
2009-06-24,39.2095506567954,39.74742652075693,39.019713891515444,39.24909973144531,39962500
2009-06-25,38.87734364968659,40.403961814058604,38.82988293887339,40.38022994995117,42339200
2009-06-26,40.174577326656504,40.783642937492715,40.00055771858844,40.522613525390625,60379100
2009-06-29,40.601714718786106,40.79946317617181,39.86609021591912,40.522613525390625,49196600
2009-06-30,40.53052771105225,40.82319460157886,40.15875962213859,40.403968811035156,44575900
2009-07-01,40.617537163768354,41.32943290887257,40.58589969974336,41.02885437011719,46382900
2009-07-02,40.38670061953785,40.38670061953785,39.44211981512212,39.61674880981445,51688200
2009-07-06,39.26749038696289,39.48180694483825,38.61660440880878,39.26749038696289,47241700
2009-07-07,39.18810422737143,39.29129433304671,38.378465071698,38.418155670166016,40473600
2009-07-08,38.592781179873946,38.71978322091964,37.52120164779888,38.156211853027344,65594900
2009-07-09,38.33085706211836,38.43404418253173,37.933975136922605,37.997474670410156,41678300
2009-07-10,37.775212688587715,38.31497221945468,37.568835469358845,38.180030822753906,39883000
2009-07-13,38.3308283727827,39.12459162906911,37.64025215967762,39.10077667236328,44825200
2009-07-14,39.09285754703799,39.46592741034522,38.854729071126755,39.33098602294922,32721400
2009-07-15,40.05330903101073,40.97407465144887,39.89455571135566,40.84707260131836,57645800
2009-07-16,40.70419378357901,41.569396172253406,40.593067371303555,41.355079650878906,38353400
2009-07-17,41.47413938521194,41.4900150172322,41.061382036586785,41.19632339477539,35682600
2009-07-20,41.47413453421996,41.86307990330561,41.29950563038964,41.70432662963867,42596800
2009-07-21,42.101220869797224,42.12503280816829,41.109016398099335,41.63290023803711,40423000
2009-07-22,41.45033152841254,42.236155708925935,41.3868289940851,41.95833969116211,47552200
2009-07-23,41.974223500235674,43.514123921998944,41.88690901251258,43.283931732177734,64531400
2009-07-24,42.9981723812328,43.55380750195023,42.83148275340791,43.50618362426758,31293500
2009-07-27,43.49824335263991,43.83162562905281,43.19661234597448,43.72843551635742,32672800
2009-07-28,43.46646875010746,43.910977204056756,43.13308968062007,43.75222396850586,56192800
2009-07-29,43.514107889683,43.760175625517164,43.291855114069534,43.52998352050781,47421300
2009-07-30,44.141185851760724,44.80000793941605,43.9586206219775,44.29199981689453,67822300
2009-07-31,44.11737918094674,44.67301123876815,44.08562791250906,44.109439849853516,40477300
2009-08-03,44.64126605758354,44.91114580186361,44.14913044697601,44.87939453125,32392400
2009-08-04,44.617452050796075,45.498530147493575,44.5777644756589,45.33184051513672,41223700
2009-08-05,45.379463417559194,45.379463417559194,44.45076146186969,44.87939453125,54105900
2009-08-06,45.06989484978631,45.21277253561958,44.141192919837785,44.2523193359375,52403600
2009-08-07,44.94289010334503,45.9112825763645,44.68094971367255,45.31595993041992,49363300
2009-08-10,45.188958961262166,45.68109151244397,45.01433001201768,45.39533615112305,44780600
2009-08-11,45.22070846139597,45.27627166526128,44.43488124849483,44.66507339477539,36077000
2009-08-12,44.68888166871948,45.911278109506966,44.65713040397941,45.33976745605469,53618600
2009-08-13,45.712833404541016,45.863647357429144,45.030196409843285,45.712833404541016,43539700
2009-08-14,45.641405573596636,45.68109314676274,44.307882525035005,44.77620315551758,60224900
2009-08-17,43.863376916849646,43.950691400734705,43.40299558541198,43.514122009277344,48853300
2009-08-18,43.815739476754764,44.363435122576156,43.59348366984,44.09355545043945,39358200
2009-08-19,43.60142421589011,44.66506730305093,43.51410975659102,44.63331604003906,37740100
2009-08-20,44.538072362391084,45.22070948587869,44.33963147895713,45.11751937866211,40013900
2009-08-21,45.593778015939805,46.34785400716544,45.53821480870959,46.157352447509766,38321700
2009-08-24,46.35579219780502,46.64948386136191,45.911283522933495,46.141475677490234,33986500
2009-08-25,46.355803311387895,46.88762356014005,46.19704995887573,46.339927673339844,30197300
2009-08-26,46.27641417216987,46.64948400811006,46.062097651180885,46.4431037902832,34163900
2009-08-27,46.38755685323868,46.51455894414815,45.42710335148775,46.371681213378906,45253800
2009-08-28,46.84792400685007,46.97492605081031,45.768405119204274,46.077972412109375,39328800
2009-08-31,45.60965555372986,45.7366576081223,45.18896181629887,45.40327835083008,35360500
2009-09-01,45.13337690915358,46.14145655600132,44.21261170046873,44.387237548828125,77077500
2009-09-02,44.17294406161888,44.49838700552581,44.030066376199464,44.16500473022461,43436100
2009-09-03,44.387259079218666,44.696829426855615,43.82368764966884,44.65713882446289,43089000
2009-09-04,44.60157306333463,45.3318371084443,44.3475689679837,45.284210205078125,37229900
2009-09-08,45.76840323629106,45.81603013630461,45.24451944801172,45.784278869628906,41062500
2009-09-09,45.78428602971659,46.85586570987992,45.65728397111969,46.57011032104492,37219700
2009-09-10,46.57010892875544,47.27656107579606,46.197042096012446,47.149559020996094,39171200
2009-09-11,47.30038484060431,47.61789157096936,46.91143924730555,47.165443420410156,31718400
2009-09-14,46.81617013665258,47.713123725497525,46.72885566853926,47.665496826171875,37896000
2009-09-15,47.63375798626078,48.197332510749106,47.44325639519649,48.0544548034668,48814300
2009-09-16,48.2687545175233,49.05457860533778,48.11793753027033,49.0466423034668,39404000
2009-09-17,49.00695727255208,49.48321413658622,48.69738698016587,48.94345474243164,50596200
2009-09-18,49.284784435448294,49.284784435448294,48.62595916207048,49.14190673828125,36822800
2009-09-21,48.67359471934708,49.18160305377972,48.491029413408384,49.00697708129883,37511600
2009-09-22,49.353055387938035,49.5201404261183,49.00297837646092,49.34510040283203,36266400
2009-09-23,49.43262979659164,49.814532891167296,48.7802116306379,48.87568664550781,54838900
2009-09-24,48.95524577282704,49.13824080518849,47.54697648716288,47.897056579589844,60639600
2009-09-25,47.66631011070678,48.008432092786755,47.34805611595029,47.6026611328125,51804400
2009-09-28,47.91296621470462,48.9950263604183,47.769752193354535,48.740421295166016,47925100
2009-09-29,48.77226743277982,49.154170635600885,48.469926259051825,48.5256233215332,37453200
2009-09-30,48.629044454451176,48.724522514009024,47.38786003116226,47.928890228271484,79344900
2009-10-01,47.841362538816064,47.88114353972056,46.41718024672617,46.496742248535156,62840600
2009-10-02,45.97163122591908,46.56040043650664,45.77272315999164,46.146671295166016,66448000
2009-10-05,46.39330624282449,47.17302529290195,46.210311234294664,46.974117279052734,48919600
2009-10-06,47.35603590039411,48.09597419845468,47.228734851001775,47.849327087402344,52211000
2009-10-07,47.722016528886236,48.06413860003722,47.61858349839748,47.865230560302734,35534000
2009-10-08,48.318742750514296,48.7802108796235,48.03231467521837,48.30282974243164,48971800
2009-10-09,48.41420772939628,48.93932474690236,48.27099372143141,48.86771774291992,34597000
2009-10-12,49.162114725213556,49.35306475495338,48.64495257740086,48.87568664550781,26895500
2009-10-13,48.788146349333736,48.92340534638052,48.21529042790215,48.668800354003906,35459500
2009-10-14,49.38489130970618,49.695187387736375,48.971162193967224,49.59971237182617,38634600
2009-10-15,49.32123851280861,49.68722857486132,49.19393748969916,49.5678825378418,28632600
2009-10-16,49.241678445641035,49.34511148582282,48.64495427051674,49.0745964050293,49031800
2009-10-19,49.23372171200123,49.74292583775936,48.83590560936569,49.48036575317383,38229600
2009-10-20,49.520129317193835,49.58377828904965,48.525589471801965,48.796104431152344,43952800
2009-10-21,48.72451513998037,49.6474483303542,48.064138985914134,48.135746002197266,64591600
2009-10-22,48.11982547812987,49.01889053433629,47.554927457411516,48.80406951904297,58421000
2009-10-23,48.90750861539218,49.0745906363636,47.714060405432164,47.785667419433594,68826500
2009-10-26,47.928881812171625,48.6688169156896,47.11733665901152,47.35602569580078,69899500
2009-10-27,47.395784067113794,47.65038598947622,46.69562726306998,46.77519226074219,71958600
2009-10-28,46.61607392408024,46.783155897459174,45.024810097397314,45.215763092041016,84951000
2009-10-29,45.61358535867832,46.337610378573444,45.44650032709075,46.075050354003906,73615700
2009-10-30,45.88411077109678,45.93980782133492,44.5394933503757,44.81796646118164,116215600
2009-11-02,45.05663959135383,45.46241056313745,44.02231863093536,44.730430603027344,97996600
2009-11-03,44.459925665465384,45.42263984446764,44.30875361357366,45.4067268371582,83105700
2009-11-04,45.71702093091949,45.892060968719115,44.75430679321289,44.75430679321289,92803000
2009-11-05,45.34307655319994,46.28191967698407,45.168036512871105,46.178489685058594,67422600
2009-11-06,45.6931460602628,46.60812407545139,45.56584506150654,46.21030807495117,56216700
2009-11-09,46.61609094958864,47.15712109106786,46.58426493300845,47.117340087890625,49200200
2009-11-10,47.02184115968529,47.34805009705014,46.44103027291834,46.822933197021484,55864400
2009-11-11,47.1809768567196,47.61061886390163,46.78316085786852,47.14915084838867,50320800
2009-11-12,47.165085234241005,47.52312040253668,46.14667678673028,46.28193283081055,68550500
2009-11-13,46.42512936610954,46.9104654070614,45.852276348265676,46.72747039794922,69258000
2009-11-16,47.0377791178228,48.2789665560179,47.0377791178228,47.96071243286133,66099700
2009-11-17,47.8015884063793,48.11983949443961,47.5310733122251,47.96071243286133,43026500
2009-11-18,48.016399577866444,48.040270606499746,47.419675458662994,47.865230560302734,54309000
2009-11-19,47.38785362161429,47.46741562538819,46.297835352317335,46.671783447265625,72350600
2009-11-20,46.32170202410396,46.78316706575577,46.218269000850995,46.616085052490234,39780100
2009-11-23,47.268515752113814,47.99254103796296,47.173040724061295,47.427642822265625,57935400
2009-11-24,47.435590373283745,47.44354839484675,46.639958182356025,47.21281433105469,45238000
2009-11-25,47.49128573465616,47.59471877224561,47.149163640018436,47.20486068725586,47641700
2009-11-27,45.47038550999434,46.679743891250546,45.38286547455295,45.81250762939453,51862100
2009-11-30,45.868199884312084,46.345578014630334,45.239649685819344,46.21827697753906,77936900
2009-12-01,46.65586456761361,47.12528761503048,46.51265055076809,46.9343376159668,63141300
2009-12-02,46.99797721794861,47.904997120098145,46.990022234199444,47.491268157958984,71220600
2009-12-03,47.722018062277606,48.032314128618424,46.88660487556865,46.91047286987305,53866100
2009-12-04,47.897045548725245,48.43011751564941,47.165062552762,48.07208251953125,100434300
2009-12-07,48.064137645720336,48.40625971007846,47.825448609797306,48.143699645996094,55543100
2009-12-08,47.84931067816855,48.111870709740785,47.24463165969506,47.76974868774414,59576600
2009-12-09,47.69018305431202,47.817484058425585,47.18097903785778,47.61857604980469,55537000
2009-12-10,47.83341396781115,48.088016066015484,47.22873474334996,47.427642822265625,54319700
2009-12-11,47.76179999641035,47.95275305985915,47.324202893414515,47.87318801879883,50543400
2009-12-14,48.25509546166498,48.835906619312766,47.71406530808424,48.59721755981445,48248700
2009-12-15,48.50173320837281,48.94728828730328,48.35851918425573,48.461952209472656,55378800
2009-12-16,48.77224349975586,49.02684551003417,48.45399250445566,48.77224349975586,56550000
2009-12-17,48.47787113953026,48.668821171621325,47.88114697782762,48.231224060058594,60917400
2009-12-18,48.56537744879331,48.68472042636097,47.99252144416399,48.67676544189453,63876100
2009-12-21,49.0348000274668,49.416703015604355,49.02684200797291,49.32122802734375,47658100
2009-12-22,49.36896296832232,49.846343969801694,49.265529962737524,49.782691955566406,38750700
2009-12-23,50.08866221941995,50.45613811229127,49.75313849957665,50.4241828918457,49503600
2009-12-24,50.55999708706806,50.63988210029506,50.432179237454115,50.61591720581055,16521900
2009-12-28,50.79964050978495,50.81561811730166,50.30434686643503,50.536014556884766,35784500
2009-12-29,50.66383333182803,50.751708651130386,50.472108132820246,50.51205062866211,24085300
2009-12-30,50.36028264590562,50.71977130839582,50.04872682088677,50.48011016845703,45268900
2009-12-31,50.512068201600776,50.78368153420253,49.73717071353321,49.88096618652344,34407900
2010-01-04,50.559995976423906,51.15914270471878,50.5440183646459,51.111209869384766,42863900
2010-01-05,51.031328629413196,51.270986728959656,50.719772795261,50.935462951660156,55523100
2010-01-06,50.9354610702056,51.20707438563688,50.759713428986274,50.88753128051758,59708600
2010-01-07,50.91949244822606,51.302946047574046,50.44017316347734,51.26300048828125,56123500
2010-01-08,51.07925634238777,51.54259490966797,50.967416103644894,51.54259490966797,48811500
2010-01-11,51.75028259822782,51.83016758422155,51.135161501758944,51.334877014160156,51638900
2010-01-12,51.01533858312981,51.25499967168477,50.536019453437234,50.77568054199219,45854900
2010-01-13,50.951439426844864,51.53461162085671,50.51206574625148,51.430755615234375,39501900
2010-01-14,51.23901815413313,51.782244663538755,51.14315250135523,51.622474670410156,41859800
2010-01-15,51.64644504713075,51.76627560212601,50.544014302394174,50.87154769897461,68725100
2010-01-19,51.063271275806414,51.82219403630001,51.063271275806414,51.80621337890625,46839000
2010-01-20,51.438739922770985,51.4467302518455,50.48010461081146,51.0552864074707,62485000
2010-01-21,51.09522748898039,51.51063926160319,50.040729589389244,50.21648025512695,98323100
2010-01-22,50.136601381061276,50.376262531815684,48.874400411533834,49.31377410888672,83757000
2010-01-25,49.59335813158866,49.64927823197729,48.99421158678161,49.36967468261719,62298700
2010-01-26,49.18594995654521,49.553425871131424,48.84243893500052,48.882381439208984,58213200
2010-01-27,48.666698262147946,49.481538314630775,48.49893788154163,49.40165328979492,72565800
2010-01-28,49.49749766064774,49.521465597187145,48.107479238051475,48.554840087890625,93814200
2010-01-29,48.754567054630016,49.281816070856685,47.907774934658114,48.019615173339844,79325600
2010-02-01,48.24328862569867,48.68266223400465,48.05955068213135,48.58679962158203,60731800
2010-02-02,48.67467962963276,49.177963726190214,48.42703122237673,49.12204360961914,71047700
2010-02-03,48.890380153113966,49.23389123357019,48.40307359491243,48.794517517089844,50241000
2010-02-04,48.458985281071385,48.474962892196054,47.12488675004757,47.16482925415039,99167300
2010-02-05,47.26868371401584,47.39650461534049,46.334016228714496,47.34857177734375,106752200
2010-02-08,47.1967738388394,47.612179444782704,46.82929496063257,46.877227783203125,61579200
2010-02-09,47.43644716373902,47.87582084645403,46.93316303030719,47.524322509765625,91986700
2010-02-10,47.38052230702349,47.75598550149127,46.88522550573098,47.63615798950195,55715500
2010-02-11,47.50034883416744,48.427028925793024,47.132872929150906,48.395076751708984,51969700
2010-02-12,47.93174955256077,48.81049707539029,47.77996677604835,48.74658966064453,65909800
2010-02-16,49.25784500508108,49.61733361824834,48.79450649610138,49.569400787353516,50057600
2010-02-17,49.81705096396294,50.016766528733534,49.521472781379416,49.90492630004883,50459400
2010-02-18,49.9049327627774,50.32832883974753,49.72918206784577,50.31235122680664,43072800
2010-02-19,50.12060038019596,50.63187154363216,50.01674747280533,50.37623596191406,56840800
2010-02-22,50.663843146556616,50.68781108663854,50.344300070501916,50.528038024902344,45344900
2010-02-23,50.456139888908446,50.52803761373379,49.793085802112685,49.9368782043457,58965400
2010-02-24,50.12062480422897,50.60792827424568,49.96883900851901,50.36028289794922,50476000
2010-02-25,49.67323658848103,50.42416572885088,49.51346358805309,50.37623596191406,51949700
2010-02-26,50.456131807830516,50.49607430468791,49.896927709575564,50.168540954589844,60093900
2010-03-01,50.536011917138445,51.382806786789644,50.536011917138445,51.334877014160156,70967800
2010-03-02,51.52662564428616,52.04588743176178,51.4467406219445,51.726341247558594,55605300
2010-03-03,51.981977506189,52.31749826034834,51.750306672649465,52.02192306518555,56207500
2010-03-04,52.03789190418095,52.221632922569896,51.822201755915245,52.15772247314453,47174200
2010-03-05,52.493239615036835,53.30009222327821,52.32547926784842,53.22020721435547,52293900
2010-03-08,53.236193160033096,53.46786400182483,53.14032747192854,53.316078186035156,46046400
2010-03-09,53.1642634819026,53.915189546001294,53.1482828303157,53.507774353027344,70685800
2010-03-10,53.5557285507379,54.24275060641317,53.53176365725735,53.96315002441406,73655200
2010-03-11,53.635622058619624,54.210803972626785,53.44389678556275,54.122928619384766,59964100
2010-03-12,54.40251871186817,54.42648360450545,53.7314773386828,54.09895324707031,61862000
2010-03-15,54.06699267397323,54.17084256340133,53.52376614689789,53.91520690917969,49862700
2010-03-16,54.18681485171432,54.4025049256268,53.79536805505143,54.3785400390625,52874400
2010-03-17,54.49839307612651,55.02563908281028,54.482412415260626,54.6981086730957,53589100
2010-03-18,54.67413373455366,54.94574397102327,54.43447262427502,54.530338287353516,71527500
2010-03-19,53.851322174072266,54.73006967448487,53.65160655603136,53.851322174072266,80546500
2010-03-22,53.46787105345797,54.73007535320196,53.34804045123257,54.61024475097656,56679400
2010-03-23,54.65814293258857,55.321199932445204,54.41049763414041,55.30522537231445,61187700
2010-03-24,55.00251223636333,55.23476003534371,54.65814565304972,54.67416000366211,59664500
2010-03-25,55.15467851600244,55.54709427862672,54.289756904082346,54.329795837402344,66977000
2010-03-26,54.55402764652279,54.91440851800605,54.105546476882175,54.30575942993164,58114700
2010-03-29,54.54603334409827,54.77828117064974,54.30577528628193,54.60209274291992,38646400
2010-03-30,54.690179699901364,55.05056062879042,54.353823351602855,54.770263671875,35773100
2010-03-31,54.562047986841684,55.10662762544143,54.28976122254994,54.29777145385742,59821600
2010-04-01,54.722215526052146,55.01052271851903,53.969412733498,54.80229949951172,58838700
2010-04-05,54.94646785746136,55.8674490747127,54.81032445500274,55.8274040222168,52020600
2010-04-06,55.635217874578686,56.29191660607429,55.52309902603205,56.1557731628418,50203600
2010-04-07,56.091660541235676,56.307887837811805,55.61915480425182,55.97954177856445,71418200
2010-04-08,55.819381576635315,56.21980757391395,55.386926876388316,55.92349624633789,54603600
2010-04-09,56.011610185959476,56.26788267009523,55.65923322901607,56.25987243652344,53070100
2010-04-12,56.283872734396446,56.60421472880702,56.155739602641425,56.492095947265625,49301000
2010-04-13,56.371973271799746,56.652270257158534,56.011592306340745,56.620235443115234,42151000
2010-04-14,56.948577703378,57.82951354980469,56.85247327812574,57.82951354980469,62041600
2010-04-15,57.80549380028517,58.125835801206996,57.73341394782042,58.005706787109375,55141800
2010-04-16,57.853564685266946,58.03776339071652,56.812460428867674,57.22890090942383,93241600
2010-04-19,56.90854427875361,57.47714849666496,55.88345464026463,56.94858932495117,85284600
2010-04-20,57.25292354748628,57.76546847993689,57.00466131427296,57.72542953491211,50736600
2010-04-21,57.82152674394502,58.2379733120608,57.59728910419841,58.1258544921875,60382500
2010-04-22,57.533215659699046,58.854622932337705,57.22889404158311,58.74250411987305,79289500
2010-04-23,58.85461596934276,59.43123042809527,58.17389294276628,59.36716079711914,66271100
2010-04-26,59.399193854054985,59.79161574965361,59.12690709549214,59.142921447753906,62710000
2010-04-27,58.90266588601339,59.455249600339116,57.67735721768893,57.78948211669922,101050200
2010-04-28,58.117818294965105,58.28599644964079,57.597263372389094,57.88557052612305,79762700
2010-04-29,58.318025013744005,59.134891121867724,57.96564828356583,59.11086654663086,68869600
2010-04-30,59.10285179120481,59.206960301832346,57.31694999650839,57.381019592285156,88759100
2010-05-03,57.74141904712947,58.71044908404765,57.709384238882386,58.67041015625,53775400
2010-05-04,57.81351140254824,57.821515523830705,56.48409406770983,56.828460693359375,105727600
2010-05-05,56.36396232829163,56.82044773011011,55.57112054829447,55.99557113647461,110340400
2010-05-06,55.595152901293766,56.21181245749159,50.74199099207609,53.8973503112793,195388200
2010-05-07,53.424830192133065,54.15360836316633,51.76706698254712,52.34368133544922,189573100
2010-05-10,54.8983971129346,55.30682715983855,54.21766814806518,55.28280258178711,107703400
2010-05-11,54.62610983999308,56.47607585757925,54.44191731625886,55.65119934082031,100027800
2010-05-12,55.93949873629215,57.421073390063704,55.89144958201223,57.35700988769531,84618400
2010-05-13,57.2288901789339,57.74143503275456,56.53214665420116,56.804439544677734,78553600
2010-05-14,56.43605766797662,56.460082257291795,54.95448226337036,55.707279205322266,86134200
2010-05-17,56.05964830999448,56.516133773260904,54.257731042887514,55.81138610839844,78565900
2010-05-18,56.54014861551363,56.70032267766334,54.56204324557873,54.73823165893555,87146900
2010-05-19,54.48998374271916,55.098633117945425,53.32074027848011,54.08955764770508,107292800
2010-05-20,52.67202869431863,52.95233175754686,51.31859308880055,51.35062789916992,166841100
2010-05-21,50.509738468474644,52.56792798928867,50.261473233568005,52.11144256591797,139644500
2010-05-24,51.89521567608677,52.38373591907895,51.366650386285535,51.41469955444336,75991800
2010-05-25,50.29349817999089,51.44672380405807,49.42056949597241,51.40668487548828,110830700
2010-05-26,51.606904227697626,52.816186334250744,51.23850999022827,51.53482437133789,104172900
2010-05-27,52.82420844840072,53.76921425426731,51.53483596471789,53.74518966674805,86856200
2010-05-28,53.58502289706244,53.79324006698323,52.64001706967236,53.05645751953125,92369800
2010-06-01,52.535890793082196,53.23263424349777,51.40669263277113,51.44673156738281,88420300
2010-06-02,51.75906362161883,52.936317063358786,51.27054340280135,52.91229248046875,61553800
2010-06-03,53.01639935239008,53.729157135473905,52.752122839010994,53.593013763427734,74864100
2010-06-04,52.14347297475767,52.61597271076773,50.7499891835328,50.90215301513672,105547200
2010-06-07,51.12639405771863,51.34262447385891,49.54070739436461,49.5887565612793,88434200
2010-06-08,49.740920021925234,50.13333580542488,48.61171878296464,49.56473159790039,129072000
2010-06-09,49.949129700378315,50.79002354317785,49.32446622658564,49.59675598144531,108638000
2010-06-10,50.47769449452397,51.31859143711376,50.293498923339875,51.31058120727539,75497300
2010-06-11,50.68592108263141,52.07940177675687,50.59782687857599,52.007328033447266,65295200
2010-06-14,52.69605365142909,53.25664749686389,52.18350896131307,52.33566665649414,70543000
2010-06-15,52.79214813123399,53.793212861164925,52.34367308742949,53.6490592956543,72336400
2010-06-16,53.176580262381556,53.96141189287423,53.056451226281,53.40081787109375,62369400
2010-06-17,53.72115812874735,53.81725646639114,52.83221184544393,53.46488571166992,67327600
2010-06-18,53.63305727807728,54.081532424981674,53.21661083308124,53.49691390991211,52760900
2010-06-21,54.35383351105167,54.45794208307512,52.63200029671584,52.944332122802734,58648400
2010-06-22,53.144551336035335,53.73718024046487,51.791109191983736,51.85517883300781,70827400
2010-06-23,51.719016394235105,52.26359592248404,51.102360073864766,51.71100616455078,70315300
2010-06-24,51.27855085731248,51.67897684384157,50.7660060833565,50.88613510131836,72504900
2010-06-25,51.07835202102799,51.991323034553965,50.61385933651858,51.75907516479492,87177700
2010-06-28,51.7270106514569,52.247565501417114,51.18243428204625,51.46273422241211,64643900
2010-06-29,50.62986938628348,50.62986938628348,49.15630143947112,49.516685485839844,110269700
2010-06-30,49.356506733075584,50.14934845597068,48.80391693014071,48.94807052612305,93806400
2010-07-01,49.0121427143834,49.172313724415645,47.34636909806074,48.595699310302734,114225800
2010-07-02,48.81184520580808,48.92433291834187,47.7432058066166,48.06460189819336,72084200
2010-07-06,48.90021995438515,49.41445115074761,47.13254791809444,47.43787384033203,89452600
2010-07-07,47.58248754415609,49.13321725689272,47.3976859546925,49.093040466308594,79640200
2010-07-08,49.631401187062394,49.904586938263584,49.044855940525174,49.800132751464844,58770100
2010-07-09,49.80012911734866,50.571475982666016,49.63139756525924,50.571475982666016,38202700
2010-07-12,50.42685045948673,50.76431664476809,49.51087563024611,50.00100326538086,43038300
2010-07-13,50.683968295482515,51.77671125388491,50.491130040739705,51.58386993408203,83581200
2010-07-14,51.43924523433073,51.73653769007581,50.997330974846484,51.39907455444336,52526100
2010-07-15,51.50352313769102,51.50352313769102,50.30632904598217,50.92501449584961,71044000
2010-07-16,50.54737077953385,50.65182495546287,48.92432655189015,49.06895446777344,98127500
2010-07-19,49.229659844042416,49.39839141608273,48.32975506143373,49.277870178222656,63879600
2010-07-20,48.57077484178347,50.19381845098206,48.37793667239824,50.10543441772461,71430700
2010-07-21,50.49916279841671,50.595583456857916,49.09306037927954,49.20555114746094,68456600
2010-07-22,49.96082349563491,51.149983925682946,49.95278690894567,50.95714569091797,81000700
2010-07-23,50.70807851123823,52.31505293750438,50.57148409117416,52.210601806640625,73916800
2010-07-26,52.43558271044796,53.44797229082198,52.16239384184749,53.39976501464844,66248300
2010-07-27,53.88183530529203,54.050566836693164,53.014074019531805,53.2069091796875,84127100
2010-07-28,53.13461260242548,53.37566124293291,52.04990598038517,52.347198486328125,59705100
2010-07-29,52.79714403936004,53.02211947821795,51.383007892872435,52.210601806640625,63214400
2010-07-30,51.50351123498882,52.7167782215645,51.27853587432447,52.24271774291992,67453000
2010-08-02,53.16672469394966,53.4640170425652,52.70070083832042,53.150657653808594,49896600
2010-08-03,52.97387902829189,53.45596982820283,52.29894700432289,52.72480010986328,51145700
2010-08-04,53.01408971492501,53.41583332675944,52.797144731666634,53.27923583984375,40817400
2010-08-05,52.75695355967766,53.19886768299958,52.596252499281704,52.652496337890625,37991000
2010-08-06,51.78473763729358,52.55609059558117,51.31068322284317,52.33914566040039,62483200
2010-08-09,52.72483217769055,53.11853918856112,52.10614360191596,52.917667388916016,35100700
2010-08-10,52.395380012125436,52.55608107019271,51.527612688917856,51.92132568359375,59841700
2010-08-11,50.88482505070228,50.88482505070228,49.743872099176066,49.88046646118164,87392600
2010-08-12,48.89218002489676,49.936715519281194,48.819866076286445,49.63138961791992,63300200
2010-08-13,49.414454148487984,49.559082064371275,48.98860698786489,49.06895446777344,68238000
2010-08-16,48.72345585327504,49.751918330897745,48.51455056190541,49.46266555786133,51371000
2010-08-17,49.99297615050243,50.74021951540841,49.7037202589181,50.314369201660156,54593200
2010-08-18,50.258105998087316,50.96517534259917,49.76797848876862,50.46701431274414,61766600
2010-08-19,50.290256406065694,50.49916169801609,48.964501499458315,49.085025787353516,89236900
2010-08-20,48.90824987137927,49.16536545061136,48.32170476468986,49.13322830200195,64085700
2010-08-23,49.49480156513035,49.75191717858091,48.43419889338184,48.466339111328125,55423700
2010-08-24,47.694988229065615,48.46633500404952,47.24503441112853,47.911930084228516,78875300
2010-08-25,47.51823173107143,48.75560273420504,47.31735993439625,48.63507843017578,64025300
2010-08-26,48.81184104725882,49.23768822701652,48.096738022737384,48.27350616455078,74569900
2010-08-27,48.82791127009415,49.65550199948319,47.85569261798818,49.53498077392578,72003600
2010-08-30,49.29393244999101,49.54301455487253,48.42616797422002,48.45027160644531,42401800
2010-08-31,48.32975912586416,48.94040808486639,47.9521191390111,48.35386276245117,60625100
2010-09-01,49.19750510205148,50.25810762052814,49.028773579807336,50.22596740722656,62585200
2010-09-02,50.20991274443687,50.92501580887236,50.03314459275702,50.78038787841797,45824200
2010-09-03,51.551725036580514,51.849011281241246,51.10980476732961,51.688316345214844,51986300
2010-09-07,51.527622951614,51.53565953864764,50.54737082264223,50.70806884765625,48881600
2010-09-08,50.82858770914167,51.41513593298563,50.80448407927896,51.00535583496094,58863300
2010-09-09,51.78473475032466,51.80884450964927,50.65182126684093,51.03749465942383,52494300
2010-09-10,51.23033738115841,51.51155971196713,50.900907784827126,51.19820022583008,46973500
2010-09-13,51.784740531906884,52.61233738444235,51.68028941698261,52.443599700927734,60551500
2010-09-14,52.33108887937392,52.724801793476715,52.03380271049638,52.21860122680664,55811200
2010-09-15,52.07400592817765,52.684657945433365,51.68833548684225,52.515926361083984,63008500
2010-09-16,52.38736141953918,52.55609912099373,51.736538768662676,52.17845916748047,52659700
2010-09-17,52.54805023151746,52.644464746783335,51.64814259828076,52.3953857421875,61775400
2010-09-20,52.56414145527318,53.994347970772424,52.202574596454895,53.8497200012207,70669500
2010-09-21,53.84969058458641,54.17912316365266,53.45598371092563,53.53633117675781,64974200
2010-09-22,53.3917160680069,53.753288945989084,52.49181442706317,52.901588439941406,65225800
2010-09-23,52.47869756096214,53.29226003834919,52.08400148888201,52.261207580566406,62724700
2010-09-24,52.994218714248106,54.01720821010534,52.91366937643204,53.96082305908203,71675000
2010-09-27,53.97693491022198,54.097761985892554,53.57418208833363,53.82388687133789,48357100
2010-09-28,53.94471635306414,54.47634690599809,52.96199844054188,54.355525970458984,66176700
2010-09-29,54.27496662739229,54.73410458636035,54.0655395903333,54.50856399536133,53580600
2010-09-30,54.9113266404675,55.21742276494408,53.928608621819876,54.371639251708984,81818000
2010-10-01,54.88717321345793,54.983836136803056,54.17027343216843,54.6616325378418,61763500
2010-10-04,54.51662377271176,54.8549346778296,53.55001943079779,53.92055130004883,56292700
2010-10-05,54.516635704819194,55.587959951027955,54.17026794647809,55.451019287109375,77655500
2010-10-06,55.402670093183175,55.628210661243614,54.9515889570623,55.2657356262207,43163400
2010-10-07,55.59601681432679,55.64435134928186,54.709961516769575,55.10466384887695,39955400
2010-10-08,55.185183392402145,56.11151594426771,54.88714414573536,55.805419921875,59953200
2010-10-11,55.853763580322266,56.27262999550434,55.69266489480357,55.853763580322266,37345900
2010-10-12,55.70877240593159,56.24040292687491,55.104643182506756,55.998748779296875,51099800
2010-10-13,56.37733713775512,57.303669838316175,56.20012491645402,56.85258865356445,58582200
2010-10-14,56.89287387685349,57.150635493535205,56.29680129056236,56.81232452392578,70382100
2010-10-15,57.303670412817716,57.392276524356596,56.29678836853076,56.61899185180664,74953500
2010-10-18,56.836469124022784,57.215057712359446,56.594821148534415,57.09423065185547,39841500
2010-10-19,56.417605386409164,56.997570323821904,55.539601204626216,55.98263168334961,64627600
2010-10-20,56.25651466670587,56.89286490183559,55.9262605281443,56.5545539855957,54118800
2010-10-21,56.83648403075949,57.263401097059194,55.54767605357515,56.28068923950195,62505300
2010-10-22,56.41760595817282,56.699531654072516,56.19206540145306,56.64314651489258,26267800
2010-10-25,57.06202899718861,57.64199416739851,56.67538964739646,56.98147964477539,36095900
2010-10-26,56.67538569564624,57.32784339387825,56.37734635242458,56.94120407104492,37884100
2010-10-27,56.554579854141465,56.88484028928771,56.01489226773148,56.796234130859375,53515400
2010-10-28,57.239224948691394,57.28755946278306,56.18401459807527,56.449832916259766,48482400
2010-10-29,56.28872387195829,56.92507397414061,56.248452283021855,56.62704086303711,40455100
2010-11-01,56.91704558146929,57.32784913492913,55.829607781487056,56.24041748046875,47357500
2010-11-02,56.92508027639115,57.44060337779952,56.602876801630885,57.408382415771484,55102800
2010-11-03,57.48089738850962,57.69033062821854,56.78816187260629,57.63394546508789,58044500
2010-11-04,58.68915459085007,59.108014913605984,58.49583491461825,59.0919075012207,60908000
2010-11-05,59.164388093587256,59.60741866348349,59.04356716136142,59.422149658203125,45659100
2010-11-08,59.22885282670933,59.53494902759584,58.89859857559625,59.373844146728516,31656700
2010-11-09,59.53493539409817,59.64770571211949,58.26223478154738,58.58443832397461,48438600
2010-11-10,58.66498814164023,59.24495329353598,58.08502298974448,59.23689651489258,53667600
2010-11-11,58.584431826901856,59.23688947245576,58.36694184803673,59.003292083740234,42989400
2010-11-12,58.42331397545695,58.882451872838736,57.915847713777936,58.02056121826172,48799200
2010-11-15,58.30252127760005,58.681110075753786,57.972267017747065,58.02865219116211,38922600
2010-11-16,57.593648523597665,57.73863977269465,56.506217228130204,56.90091323852539,69965600
2010-11-17,57.029802336060285,57.20700841638146,56.70759884775931,57.0539665222168,39512500
2010-11-18,57.73061060886919,58.46362398143887,57.722559974055265,58.165584564208984,52638700
2010-11-19,57.996419186437976,58.487778229520366,57.61783046679859,58.35889434814453,32830300
2010-11-22,58.13334700698271,58.79386145916886,57.78697929757284,58.64081954956055,42163100
2010-11-23,57.93196249478105,58.18972404637829,57.5936516105947,58.08501052856445,52202300
2010-11-24,58.60860813061692,59.40605721176427,58.60055135126577,59.389949798583984,42138400
2010-11-26,59.02744671441527,59.389927905329245,58.90661965077727,58.97911834716797,19004000
2010-11-29,58.76161489952314,59.21270209040609,58.02055142627602,59.067710876464844,47897000
2010-11-30,58.38304872327817,59.0032853326437,58.14139458452691,58.60053253173828,68631800
2010-12-01,59.704120333637505,60.066595656789865,58.648903057826644,59.91354751586914,59974000
2010-12-02,59.986031297358224,60.64654595495534,59.897425147940794,60.517662048339844,42529200
2010-12-03,60.27598823131599,61.13787901622267,60.21960308260323,60.95261001586914,36549400
2010-12-06,60.92845440063995,61.500362745323365,60.81568408735146,61.331207275390625,36177500
2010-12-07,62.07227394911488,62.21726523652441,61.54870010423963,61.68563461303711,66769100
2010-12-08,61.82256365056515,62.03199685729338,61.51647369113229,61.64535140991211,40388800
2010-12-09,62.088410122738466,62.088410122738466,61.6051077038322,61.85481262207031,49384000
2010-12-10,62.06421549523914,62.78111506333737,61.83866874117351,62.62806701660156,43303000
2010-12-13,62.87777071574217,62.982490386112076,62.28169823990955,62.30586242675781,43025600
2010-12-14,62.59585083612111,62.60390761433371,62.16893377367036,62.27364730834961,60000700
2010-12-15,62.22528676802433,62.87774411902622,61.95946853409098,62.08029556274414,52002400
2010-12-16,62.16892714174206,62.805277351189204,61.911165576126045,62.65222930908203,57936100
2010-12-17,62.7167070856706,62.966412016664556,62.257568842426615,62.845584869384766,40362300
2010-12-20,63.07914706522208,63.48189990031204,62.77305712294112,63.09526062011719,42692700
2010-12-21,63.353011410685426,63.86047768417757,63.30467689974367,63.79603576660156,30166800
2010-12-22,63.94736050637515,64.06873469086264,63.69652505222247,63.77743911743164,29812300
2010-12-23,63.89072056649193,64.02018801056458,63.6075182492674,63.69652557373047,25239600
2010-12-27,63.494244706601805,64.00400893689027,63.364777247472404,63.89072799682617,15770300
2010-12-28,64.01209252884362,64.05255264704803,63.534689062090266,63.712703704833984,25827900
2010-12-29,63.80171593737478,63.939270472502415,63.72080186808486,63.85026931762695,18138800
2010-12-30,63.79362082957664,64.10110292665377,63.7288932800293,63.7288932800293,37997400
2010-12-31,63.656060554717655,63.82598193197407,63.25148408315086,63.30812454223633,33323500
2011-01-03,63.87455433271977,64.74843507986274,63.70463290484895,64.4085922241211,48878000
2011-01-04,64.60277698508591,64.65133036629035,62.76600226545437,63.45378112792969,77509000
2011-01-05,63.4376043238149,64.2143905596149,63.20294918383133,64.19820404052734,47145300
2011-01-06,64.24679339168766,64.35198113125098,63.63992822647654,63.89885711669922,39392300
2011-01-07,64.11729355382045,64.27912788701273,62.66082159518138,63.53470230102539,59486800
2011-01-10,63.30817230628565,64.1577860069219,62.80650105398954,63.89885711669922,55020300
2011-01-11,64.2143705550039,64.47329921960689,63.817887387750076,64.15773010253906,42124300
2011-01-12,64.68370368856965,64.83743858658319,64.33576759304137,64.70797729492188,38442600
2011-01-13,64.72414687820589,64.97498850661214,64.3843040990913,64.6836929321289,29687600
2011-01-14,64.6190180696097,65.28252388844201,64.48146341562871,65.16924285888672,38036700
2011-01-18,64.96689981782485,65.24200889455044,64.62705701480573,65.21773529052734,37824100
2011-01-19,65.19347028677588,65.29865797586818,63.405242532114165,63.54279708862305,70707400
2011-01-20,63.22722380552328,63.550886285646705,62.57989884527643,62.87928771972656,79653000
2011-01-21,63.28387934091428,63.308152952365774,62.401905200311035,62.45854568481445,56676500
2011-01-24,62.46661268060114,63.17057805301216,62.37760535167511,62.919742584228516,48142600
2011-01-25,62.55560971625327,63.0330131449697,62.264314173762834,63.01682662963867,47013400
2011-01-26,63.113941319813854,64.2305703669129,62.91165304635291,64.02019500732422,65896200
2011-01-27,64.0202274967498,64.4652582202022,63.70465812387126,64.20632934570312,48174800
2011-01-28,64.17389402182287,64.28717489776517,62.571775248727725,62.63650894165039,91023700
2011-01-31,63.008732091617475,63.51849614399912,62.50705512259786,63.07345962524414,53265200
2011-02-01,63.5832529736166,64.7403421698198,63.41333156102921,64.52996063232422,57786700
2011-02-02,64.40050477805927,64.83744827775409,64.2629502059376,64.28722381591797,39937400
2011-02-03,64.23865582847712,64.61086546566105,63.5185101562423,64.5137710571289,41156200
2011-02-04,64.40860035094879,64.70798928926772,64.11730467403028,64.6270751953125,39532700
2011-02-07,64.71604929965456,65.74367072892969,64.65940884565272,65.26627349853516,40835200
2011-02-08,65.26626880067981,65.75984633668445,65.0073339743421,65.72748565673828,37563900
2011-02-09,65.54949921023375,65.78415436740013,65.07209563576455,65.43621826171875,43298900
2011-02-10,64.99925736992829,65.77604345413339,64.92643039494344,65.69512939453125,48001000
2011-02-11,65.4523951202203,66.4314696506887,65.37148104321476,66.40719604492188,38579100
2011-02-14,66.4395790172097,66.84415567366653,66.39103179390683,66.74705505371094,36730500
2011-02-15,66.5690256493181,66.74704032661786,66.21300246806709,66.36673736572266,42908600
2011-02-16,66.52046918671442,67.01405302391984,66.4961955837941,66.90077209472656,38284700
2011-02-17,66.83605781570601,67.57239024302805,66.71468359244587,67.37010192871094,34891200
2011-02-18,67.52380039991807,67.78272905553861,67.19205095366027,67.44288635253906,39514200
2011-02-22,66.94121952814751,67.17586842747068,65.61420314431152,65.7113037109375,68370300
2011-02-23,65.84075838040896,65.89739882330015,64.15771925829178,64.57847595214844,91258600
2011-02-24,64.699892388782,65.31485058028234,64.21440167900776,64.9911880493164,85126500
2011-02-25,65.29864379125046,66.52046653408128,65.25009658734571,66.4961929321289,58566800
2011-02-28,66.87650526270636,67.03024015454916,66.01879877481478,66.56902313232422,49869300
2011-03-01,66.81985637926854,66.8684035839119,65.01544246873803,65.23391723632812,70865100
2011-03-02,65.16107436205439,65.84076592800982,64.9264193079356,65.5090103149414,61072300
2011-03-03,66.16444615121323,67.17588752438625,65.5656745868323,66.99787902832031,78937600
2011-03-04,66.989783455763,67.03023740528418,66.06734944914702,66.70658111572266,60907100
2011-03-07,66.96550998792897,67.01405719679259,65.06400150281159,65.61421966552734,90777900
2011-03-08,65.67087811887833,67.00597598954916,65.17729416215974,66.68231964111328,67755300
2011-03-09,66.55282244834031,66.81984437259332,66.14824602008292,66.41526794433594,51216900
2011-03-10,65.54140403754002,65.56567764389223,64.4895024910549,64.70797729492188,107642100
2011-03-11,64.19818467213152,65.29863305085,64.1496374762119,64.87787628173828,83202700
2011-03-14,64.19820489345241,64.99927091852653,63.85027498197465,64.52996063232422,60138300
2011-03-15,63.081553981908485,64.46520458251067,62.76598487159638,63.955440521240234,84941700
2011-03-16,63.66418987165946,64.4409763962328,62.9197702239455,63.316253662109375,126014500
2011-03-17,64.19011337160946,64.27912070157839,63.45378112792969,63.45378112792969,63992800
2011-03-18,64.1901308999869,64.40050630704435,63.979749319579874,64.29531860351562,70017700
2011-03-21,65.12062122084718,65.80030662175443,65.02352066071212,65.78412628173828,50638200
2011-03-22,65.88124879564229,66.02689661135425,65.27438392573399,65.43621826171875,52372800
2011-03-23,65.2905527581094,65.83268374675481,64.6108610778064,65.63848876953125,58044700
2011-03-24,66.07552316241548,66.31877827488164,65.46739156748455,66.09174346923828,52850900
2011-03-25,66.47286476000022,67.34856987794186,66.124202269609,66.66746520996094,78164900
2011-03-28,66.88639151812728,67.10532244244631,66.46475616890966,66.52151489257812,42798300
2011-03-29,66.56203610681735,67.21071236936078,66.14851102102533,67.14584350585938,40967200
2011-03-30,67.43775332576504,68.10264377140902,67.3323460526854,68.0134506225586,42147100
2011-03-31,67.9485884939481,68.34589949628334,67.86749931343256,68.24859619140625,41625800
2011-04-01,68.7350894819147,68.9378000286997,68.31345426654528,68.54859924316406,49160200
2011-04-04,68.72699914636407,68.89727529709012,68.54861284001215,68.70267486572266,42236600
2011-04-05,68.66210663016894,69.52970739629433,68.53236892977476,69.07563781738281,45454400
2011-04-06,69.43240871174557,69.63511924233879,68.84860758007403,69.22969818115234,59035700
2011-04-07,69.29457128027553,69.55404052787927,68.61346682515382,68.81617736816406,69434400
2011-04-08,69.12430277757008,69.21349592121418,67.78641180914421,68.09453582763672,63650400
2011-04-11,68.12695666241781,68.3377773595711,67.21881738772946,67.48639678955078,41784100
2011-04-12,67.12963356171144,67.3404542880963,66.52961200256226,66.60258483886719,58103300
2011-04-13,67.01610291903445,67.14583444229035,66.22147491399204,66.69176483154297,80424900
2011-04-14,66.15661650237735,67.0647620534616,66.04309908177125,66.99989318847656,58532300
2011-04-15,67.02426300539206,67.7134780883789,66.6999246762691,67.7134780883789,53690700
2011-04-18,66.69175517232186,66.69986532454901,66.02686497306843,66.59445190429688,58593400
2011-04-19,66.82150795775367,67.0566467493556,66.22148028207259,66.61068725585938,31991000
2011-04-20,67.70533618935823,68.02967436643473,67.50262560196495,67.97291564941406,47061100
2011-04-21,68.38642332451029,68.49994691578858,67.89181530895402,68.47561645507812,30293300
2011-04-25,68.41079745622262,68.54052906498802,67.92428691119639,68.38646697998047,23441400
2011-04-26,68.54049433059257,69.46485399972123,68.3945424782967,69.06754302978516,53200000
2011-04-27,69.10808479513722,69.54593414791253,68.83239522484092,69.48107147216797,44680600
2011-04-28,69.4081104185138,70.13786983905771,69.34324153974617,69.79731750488281,43464600
2011-04-29,69.88651714079882,70.28382823414243,69.67569635839232,70.0486831665039,41030900
2011-05-02,70.36487838972127,70.38920266359494,69.14861520616195,69.22969818115234,48962400
2011-05-03,69.15674371773969,69.31890971076874,67.88372149512976,68.35401153564453,56070000
2011-05-04,68.45130272735094,68.48373716039433,67.08098350212236,67.47018432617188,64754600
2011-05-05,67.00800920676537,68.17562413372772,66.82151893640865,67.16207122802734,91858900
2011-05-06,67.9161541642848,68.38643800633002,67.17017453154244,67.51883697509766,76446200
2011-05-09,67.43777287124448,68.37835319128051,67.33236556761464,68.30537414550781,45806800
2011-05-10,68.65400881877738,69.35944377245511,68.56481568028128,69.35133361816406,44373700
2011-05-11,69.11619295292408,69.21349625179207,67.74587373138772,68.07020568847656,81313700
2011-05-12,67.68102114765044,68.87296055402969,67.2837100742697,68.67024993896484,80109400
2011-05-13,68.72703150048872,68.91352186402302,67.51887137916168,67.7134780883789,74669000
2011-05-16,67.26746780343582,68.02155129277986,66.66744631084825,66.72420501708984,68771600
2011-05-17,66.18905903839837,66.74854224147988,66.00256876152868,66.51339721679688,76475100
2011-05-18,66.59446949120506,67.5593737153482,66.48906222934954,67.53504943847656,54512200
2011-05-19,67.99723538555365,68.08642853294442,67.08098581881795,67.6810073852539,52914400
2011-05-20,67.50263707174891,67.66480309472368,66.72422902624297,67.18640899658203,56016800
2011-05-23,66.01877937054002,66.44852480487978,65.86472353833867,65.97824096679688,50696600
2011-05-24,66.15663366332437,66.45664760202685,65.54039784482201,65.66202545166016,60223400
2011-05-25,65.49169077476198,66.72417379971793,65.48358681068682,66.48902893066406,60009900
2011-05-26,66.24581033058284,67.39721104415622,66.20527192922435,67.36477661132812,51821300
2011-05-27,67.67289569042417,68.05399255038007,67.51072970953196,67.82695770263672,46619400
2011-05-31,68.6053417754284,68.80805227442535,67.9242312819572,68.79183197021484,77456200
2011-06-01,68.68645896123603,68.77565212013441,66.51340108179971,66.5782699584961,80933800
2011-06-02,66.74850198755055,67.02419143811228,66.16469485575627,66.55390167236328,64666600
2011-06-03,65.52416627251938,66.27014591270428,65.42686915275665,65.58092498779297,76493800
2011-06-06,65.4755106515167,65.73497991996184,64.45384770053599,64.50250244140625,63782200
2011-06-07,64.89980265172518,65.2160305769246,64.48627144714351,64.65654754638672,58242200
2011-06-08,64.43761886104247,64.64032937403871,63.8213771693884,63.93489456176758,67740400
2011-06-09,64.121441531773,64.63227020039797,63.837647826981346,64.27549743652344,58469700
2011-06-10,63.87815300190153,63.9835664561281,62.96190346440432,63.245697021484375,71823100
2011-06-13,63.4321892271942,63.764631318637136,62.71864411851347,63.06730651855469,60285400
2011-06-14,63.6024860452519,64.60792898726936,63.56194144679881,64.42143249511719,66662700
2011-06-15,63.73218399424761,64.226798140434,63.0186452161555,63.27000427246094,89262000
2011-06-16,63.31866274547744,63.95922880879819,62.621344163349725,63.41596603393555,81849500
2011-06-17,64.048452540202,64.16197000451463,63.107878380720514,63.43221664428711,77862900
2011-06-20,63.21325160633617,64.24302457399882,63.188927332274524,64.01598358154297,53343900
2011-06-21,64.52684601039378,65.49174435446346,64.39710824426568,65.40255737304688,75970200
2011-06-22,65.045754988724,65.76740397100107,64.875478888143,64.8998031616211,55839700
2011-06-23,64.16194787377046,65.28091418780934,63.488953477828524,65.15117645263672,92521100
2011-06-24,65.37821017647589,65.48362363104629,64.43763635762345,64.81873321533203,73865400
2011-06-27,64.79442947301742,65.45120994202527,64.42954662316163,65.32147216796875,51195400
2011-06-28,65.54039979860164,66.36745641452912,65.4106620311102,66.33502197265625,54021800
2011-06-29,66.57014687139625,66.81340201863819,66.03499420819352,66.65122985839844,68230200
2011-06-30,66.82151310478528,67.34045165231639,66.71609965260102,67.13774108886719,59915500
2011-07-01,67.20261256590611,68.29725470083243,66.99179800640829,68.18373107910156,63908100
2011-07-05,68.258515486692,68.42930335405228,67.93320260393699,68.34797668457031,48268900
2011-07-06,68.2422832098404,68.73024965018668,67.99829688725228,68.62451934814453,57094100
2011-07-07,69.29954942312004,69.91764361590565,69.0799666756574,69.65739440917969,68556600
2011-07-08,68.81971373274152,69.29954566088027,68.57572740006847,69.23448181152344,61977400
2011-07-11,68.36427629543041,68.74651867283401,67.57539414714306,67.762451171875,59769800
2011-07-12,67.40461590285588,68.12843430296513,67.32328917792375,67.38021850585938,65322100
2011-07-13,67.81126765023947,68.69774586084372,67.68114610844538,67.9820556640625,79327200
2011-07-14,68.11216788692766,68.45374383672355,66.72959502070752,66.90038299560547,91726600
2011-07-15,67.18502570628004,67.42901205896608,66.83531524333975,67.3476791381836,75496200
2011-07-18,67.0467539282646,67.20127279084772,65.87562963804292,66.26600646972656,56859700
2011-07-19,66.87597944966706,67.83564955714593,66.83531299064649,67.762451171875,56060800
2011-07-20,67.7868384708488,67.84376778210165,67.21754535832028,67.6485824584961,40277400
2011-07-21,67.86003813836751,68.5594589498477,67.69737852823859,68.26667785644531,63405500
2011-07-22,68.19352619153918,68.5269739670846,67.82755267651834,68.35618591308594,34540200
2011-07-25,67.51844007054135,68.12027117825485,67.29885740490353,67.55097198486328,49764900
2011-07-26,67.40460857875027,67.57539654399953,66.85971275559825,67.03863525390625,52205500
2011-07-27,66.599451235697,66.61572029880847,64.94036047361288,65.03795623779297,97533300
2011-07-28,65.02983149664682,65.85124557221395,64.81024875021983,64.93223571777344,67439400
2011-07-29,64.02137153402848,65.20875901341005,63.54966787370633,64.85091400146484,93519600
2011-08-01,65.62349991938702,65.86747995383514,63.81801912226298,64.427978515625,93483200
2011-08-02,64.18400021227067,64.80209421131916,62.305327033975196,62.419185638427734,95669600
2011-08-03,62.37040767261431,62.90716892326343,60.898367538691666,62.83397674560547,114910400
2011-08-04,61.86620709300779,61.980065792463975,59.03599006621497,59.044124603271484,130904800
2011-08-05,59.79230842337957,60.060692157923214,56.65305514035825,58.01123046875,188585600
2011-08-08,56.12441466530922,58.07628651962243,52.92822628775984,52.960758209228516,170159700
2011-08-09,54.42466019617696,56.62051847003735,51.854697216184164,56.49039077758789,207867000
2011-08-10,54.77437393053941,56.57985544121489,53.57072372664261,53.725242614746094,182376400
2011-08-11,54.09122728473639,57.28741632260363,53.73338227948147,56.40907287597656,121880100
2011-08-12,56.92143868936429,57.4175397524074,55.95364016386025,56.758785247802734,86475800
2011-08-15,57.40125395374772,58.41785306937164,57.23859437235075,58.360923767089844,57616800
2011-08-16,57.40940152168085,58.076296721695535,56.65305748278068,57.28741455078125,79484300
2011-08-17,57.71844323031849,58.16574320237133,56.73437584600656,57.30366897583008,66789100
2011-08-18,55.35179990415618,57.25487713040191,53.53005559048109,54.04241943359375,110692200
2011-08-19,52.871302425844554,54.823174481337304,52.78184118379233,53.090885162353516,99196100
2011-08-22,54.5873157838945,54.64424509393301,52.51345082352266,52.90382766723633,72211900
2011-08-23,53.23728620075353,55.547003679095184,52.74931964203757,55.457542419433594,93274300
2011-08-24,55.40059740371433,56.62864488436766,54.9126247783417,56.278934478759766,67698000
2011-08-25,56.913302004711134,57.16541666356562,54.693046244868526,54.896366119384766,80732900
2011-08-26,54.70116875319793,56.376522165402385,53.72522984714551,56.20573425292969,84468500
2011-08-29,56.986495816259676,58.922098843451224,56.96209842339055,58.865169525146484,53069800
2011-08-30,58.474799952814145,59.588988947442154,57.84044290671022,59.20675277709961,67801600
2011-08-31,59.53205493101967,60.093219752834884,58.47479533920676,59.084754943847656,70313900
2011-09-01,59.12544401313844,59.8817945397419,57.4907559434092,57.816062927246094,86788800
2011-09-02,56.40906148908361,56.962091747009126,55.38432767487437,55.67710876464844,78920100
2011-09-06,53.61953794005269,55.555141647563175,53.61953794005269,55.52260971069336,71493900
2011-09-07,56.44160806148357,57.70218777621887,56.17322429205361,57.6208610534668,68952400
2011-09-08,57.206068624122395,57.98682228935285,56.262667769615256,56.56358337402344,71124100
2011-09-09,55.87229903513065,56.222009467491795,54.28640649583605,54.896366119384766,99453600
2011-09-12,53.98550472875528,55.50634001491811,53.97737639916236,55.36808395385742,100109900
2011-09-13,55.74218919194727,56.49040499738325,55.164761372219616,56.26268768310547,84144100
2011-09-14,56.79943366856164,58.06815382669372,55.66084740525432,57.27113723754883,77019200
2011-09-15,57.7997908660252,58.100706603525246,56.92144725778073,58.07630920410156,74213100
2011-09-16,58.27148654824725,58.58053057294163,57.645257760400064,58.16575622558594,75773300
2011-09-19,57.01090482895365,57.750992322588466,56.48227179133329,57.12476348876953,69216200
2011-09-20,57.328068963136324,57.97869503083073,56.205745511435005,56.238277435302734,63453200
2011-09-21,56.14883489420536,56.62866697017736,54.11563551161463,54.15629577636719,81413800
2011-09-22,52.29388234767491,53.611391368534825,51.6351247348294,52.643592834472656,159808200
2011-09-23,52.455809361175824,53.50084238762461,52.33334319081957,53.18243408203125,84086000
2011-09-26,53.75392712065283,54.27644979033505,52.480294074826155,54.186641693115234,75555800
2011-09-27,55.394974404301706,56.65228189459997,54.92144179843176,55.354156494140625,93999600
2011-09-28,55.345990834050966,55.615415204461165,53.14978418919247,53.23142623901367,85412600
2011-09-29,54.48056224285498,54.717322268036774,52.55378038046392,54.153987884521484,73927200
2011-09-30,53.19059052748715,54.031515194106376,52.44763379631123,52.49662399291992,72124900
2011-10-03,52.09656737337003,53.03546303158063,49.67992441547593,49.794227600097656,119485000
2011-10-04,49.2472377204764,52.970170162601846,49.059458506460835,52.89669418334961,165100000
2011-10-05,52.88852679973143,53.990710063448454,52.186393947223564,53.62331771850586,100371000
2011-10-06,53.48449810006923,54.95407295288822,53.19058188372823,54.81528091430664,85789700
2011-10-07,55.01122461549248,55.19900684829673,53.23140135431264,53.47633361816406,93662300
2011-10-10,54.67652669524989,55.82769414810484,53.50902709192021,55.81953430175781,76366700
2011-10-11,55.28882729555865,56.43183440103066,55.14186915015671,56.20322799682617,63173300
2011-10-12,56.63594180146596,57.583000547286844,56.186901299856366,57.003334045410156,88580000
2011-10-13,56.67676294412762,57.24826963604609,55.99096238849091,56.95435333251953,54163300
2011-10-14,57.62384654036354,58.24433117761619,56.995189599578495,58.08104705810547,69768200
2011-10-17,57.56667654597373,57.65648464927988,56.03177894684136,56.317535400390625,57529900
2011-10-18,56.50530114965735,58.20348250221211,55.39495228290128,57.81159210205078,98948000
2011-10-19,57.64831983599651,58.08919429033673,56.39101259114949,56.68492889404297,71071600
2011-10-20,56.791055732076686,56.92985402286388,55.31331456139257,56.84004592895508,90998600
2011-10-21,57.61567549823927,58.09737419837783,57.16663486496513,58.0728759765625,60408600
2011-10-24,58.33411614709168,60.07312185086887,58.0973561364873,59.94248962402344,81399100
2011-10-25,59.50979583716328,59.55061997526535,58.097370354832506,58.26065444946289,66767900
2011-10-26,59.27301287285981,59.63224525470151,57.59116350130491,59.26484680175781,76643400
2011-10-27,61.46920293760771,62.84080977036571,59.31382166168595,62.39176940917969,130508100
2011-10-28,62.29385046801555,62.80003502340513,61.852975829234296,62.07341003417969,82397500
2011-10-31,61.10997947817295,61.591677956033344,60.358862973559496,60.42417907714844,66969200
2011-11-01,58.11368703573659,59.57510249727985,57.934070822859276,58.28513717651367,110064900
2011-11-02,59.28933383027149,59.844508211618525,58.64435137040611,59.722042083740234,63821300
2011-11-03,60.63646673184014,61.39574955282108,59.019933131615225,61.20797348022461,74622200
2011-11-04,60.56299489804539,61.08551147408436,60.048644395382034,60.9058952331543,65262500
2011-11-07,60.82424087777494,61.12632324265472,59.51794970201637,60.783416748046875,67136100
2011-11-08,61.34676165496383,61.75497806535293,59.97515426690091,61.673336029052734,72278500
2011-11-09,59.86082442324939,60.35068262651008,58.63617580065519,58.73414993286133,78806400
2011-11-10,59.69756408713168,59.78737218668612,58.48107482185334,59.1668815612793,72175100
2011-11-11,59.87718167933762,60.84873875516099,59.21587307015406,60.72627258300781,62452000
2011-11-14,60.49767436455308,60.63646645738984,59.41181715353699,59.852691650390625,61114200
2011-11-15,59.53428919384455,60.93855486387188,59.13423879260298,60.61198043823242,65795300
2011-11-16,59.98332576272912,61.13449290509005,59.52612533499868,59.632259368896484,56938700
2011-11-17,59.55873504074407,59.958791360918745,58.18712849886409,58.78312683105469,78923500
2011-11-18,58.987268368974796,59.166884577239394,58.33411965326494,58.7668342590332,53462900
2011-11-21,57.59118339914056,57.844275630761565,56.83190047538822,57.36258316040039,58233500
2011-11-22,57.25642915393402,57.664645547747895,56.578794674157756,56.8808708190918,55404700
2011-11-23,56.25222874508554,56.407346762342016,55.0030873894009,55.0928955078125,69700300
2011-11-25,54.74182104848192,55.55008776630767,54.39075469970703,54.39075469970703,28167900
2011-11-28,56.40734456627307,57.08498535012795,56.26039262792667,56.978851318359375,59167100
2011-11-29,57.01966692876657,57.2972573352045,56.431840512387026,56.87271499633789,58157100
2011-11-30,59.240363650620075,60.244578763739234,56.86454737443179,60.195594787597656,93802900
2011-12-01,59.98331110442362,60.53031951519681,59.64857070957347,59.76287078857422,57394700
2011-12-02,60.48951256641687,60.93038709442603,59.852695880033274,60.00782012939453,47671500
2011-12-05,61.18346860285679,61.55086082673194,60.522153879439465,61.0365104675293,58429900
2011-12-06,61.07732249194295,61.469212891427134,60.489490007159965,61.09365463256836,43597000
2011-12-07,60.64463606721737,61.28145274574048,59.70573696705867,60.97121047973633,55904400
2011-12-08,60.334414343327104,60.563014641255485,58.96280632686589,59.07710647583008,71486700
2011-12-09,59.191379377933124,61.20796943749997,59.09340519725269,60.856903076171875,72184900
2011-12-12,59.99963661254401,60.905877396279685,59.1913699939563,59.98331069946289,47638600
2011-12-13,60.60378091082135,60.799722946348616,58.415741789297634,58.73414993286133,79040300
2011-12-14,58.170839797215336,58.69335631603015,57.62383128984488,57.9993896484375,77704900
2011-12-15,58.83214337662835,58.872967506658235,57.999384692453155,58.53822708129883,50096100
2011-12-16,59.0117368275735,59.82816928225245,58.562702714831254,58.99541091918945,66225600
2011-12-19,59.54246064608823,59.76289482169616,57.82795254271549,57.974910736083984,52897500
2011-12-20,59.232198569781836,60.391531581135276,59.19954051227909,60.30172348022461,74174400
2011-12-21,60.03231605686371,60.73444891837352,59.37917340982645,60.54667282104492,59194600
2011-12-22,60.84201865626747,61.260426069526,60.694343610625126,60.93225860595703,41502800
2011-12-23,61.16194152832031,61.268593226333955,60.77634547195361,61.16194152832031,24333600
2011-12-27,60.924049469527766,61.662424582751,60.77637444688312,61.34245681762695,26922400
2011-12-28,61.43268580015986,61.449097608784726,60.11181687305425,60.226680755615234,37827500
2011-12-29,60.48925486610637,61.07174928655902,60.382596814672226,60.83382797241211,27090500
2011-12-30,60.80918258429323,61.13734368767423,60.456403764814006,60.5056266784668,31979800
2012-01-03,62.089024823594926,62.24490572017851,61.34244396024354,61.50653076171875,60504700
2012-01-04,61.186585459130924,61.416300782505544,60.76817182911394,61.17017364501953,34648500
2012-01-05,60.73532665901869,61.8100683982548,60.19385596738601,61.51472473144531,57274600
2012-01-06,61.5475635058181,61.84291356472527,60.93225192630698,61.35887145996094,45499800
2012-01-09,61.646004692565,61.77727414406011,61.04710503311644,61.670616149902344,52042400
2012-01-10,62.482826794838104,62.70433615241051,62.318739993607196,62.57306671142578,42977600
2012-01-11,62.31054644204052,62.90124652503751,62.244917967808504,62.81920623779297,33445800
2012-01-12,62.9996905178896,63.106342251655256,62.302338777143895,63.007896423339844,36131400
2012-01-13,62.499256607617184,62.7453837753747,62.02341408823205,62.67154312133789,42600400
2012-01-17,63.254009475657895,63.39347855480348,62.45820574517728,62.64690399169922,34518400
2012-01-18,62.614093600996895,63.77088214436808,62.47462450633098,63.76267623901367,49330800
2012-01-19,64.09905767936296,64.28775598936947,63.71346767069439,64.15648651123047,35830500
2012-01-20,64.07443857996148,64.41081188314523,63.9103580111178,64.19750213623047,42221200
2012-01-23,64.20570944945936,64.68154561324248,63.623215280245304,64.11546325683594,37481400
2012-01-24,63.72986144683274,64.60770557700015,63.39348816572729,64.4846420288086,49856900
2012-01-25,64.48467053642918,65.28047473937161,64.14830336589336,65.03434753417969,68272900
2012-01-26,65.51837774645335,65.55940102229238,64.60771610443001,64.96049499511719,52755700
2012-01-27,64.64870782265537,65.45271105874039,64.62409011360498,65.40348815917969,52203500
2012-01-30,64.87846138689741,65.16560556953476,64.41902443540391,64.89486694335938,46332400
2012-01-31,65.35427218575948,65.4855353515891,64.46822234414442,64.8292007446289,52024000
2012-02-01,65.43633988523986,66.37161302380609,65.19841864693466,66.22393798828125,67292200
2012-02-02,66.48648355983534,66.88848546686673,66.24035636655721,66.6013412475586,46400100
2012-02-03,67.65964808563822,68.2749595360216,67.47094982010776,68.0534439086914,72738000
2012-02-06,67.74170112951785,68.0370511821158,67.5776205488625,67.83194732666016,34516000
2012-02-07,67.77451851790433,68.08627412495248,67.33969934569114,67.79092407226562,41623400
2012-02-08,67.93041424227198,68.26678138373933,67.2166504163179,67.93861389160156,46697400
2012-02-09,68.1109182036335,68.11912411438033,67.14282729161343,67.60226440429688,48712500
2012-02-10,66.86383097947368,67.003300044936,66.5192581380007,66.67513275146484,42503000
2012-02-13,67.3642964958564,67.62682912477473,66.954088871967,67.53658294677734,38574100
2012-02-14,67.20022112228494,67.37250758646647,66.74899019756758,67.2330322265625,49375200
2012-02-15,67.61861137296796,67.62681727660413,66.45362342745236,66.67513275146484,59836600
2012-02-16,66.71617200513421,68.01242968251564,66.68335464199231,67.93038940429688,61456800
2012-02-17,68.3323878060788,68.34879335721115,67.79091072963561,67.92218017578125,33292000
2012-02-21,68.0288432935544,68.12729539464335,67.1345935142692,67.46276092529297,39889400
2012-02-22,67.24944297179378,67.56940443723991,66.86384678028897,66.92948150634766,42626900
2012-02-23,67.03613347167783,67.97140641377025,66.66694909005736,67.93038940429688,53177500
2012-02-24,67.95499894770747,68.11907949952327,67.65964894702158,67.79911804199219,37607700
2012-02-27,67.14279557953334,68.05345720476471,66.65875348177823,67.68427276611328,51807700
2012-02-28,67.7252922083658,68.14369954601871,67.14279177966917,67.50377655029297,47680600
2012-02-29,67.72527454503307,68.06164150870936,66.42901707884326,66.4946517944336,64213200
2012-03-01,66.76540801086138,67.57762382451227,66.7490024557098,66.83924865722656,69526300
2012-03-02,66.79822534662628,66.97871774956845,65.50196741574453,65.83834075927734,70789500
2012-03-05,65.62499588660337,65.96136905022371,65.15735957422453,65.91213989257812,44334800
2012-03-06,65.15736985832164,65.32145664425573,64.32875506162029,64.5994873046875,80769300
2012-03-07,64.7389675820023,65.2722324640214,64.6323095981814,65.20660400390625,57456300
2012-03-08,65.63322219807864,66.19931074250405,65.09995101586489,66.0516357421875,43803100
2012-03-09,66.05986482543294,67.39714632956301,66.01064188981697,66.94591522216797,61462900
2012-03-12,67.06076476732781,67.21664572354705,66.4946822986677,66.81464385986328,34084200
2012-03-13,67.32329933883581,68.1683263702798,66.78182832013174,68.14371490478516,60998100
2012-03-14,68.06165784300971,68.2831734964715,67.2822657509567,67.5858154296875,46707700
2012-03-15,67.47918358681837,68.19294741730646,67.29869115203235,68.15192413330078,58740500
2012-03-16,68.27495187369782,68.31596887689042,67.80731547425897,68.0944595336914,42045800
2012-03-19,68.00422022175192,69.2348431085144,67.88936258639583,68.66875457763672,66822800
2012-03-20,68.19291926115817,68.34059425962104,67.74989426576953,68.0534439086914,43829100
2012-03-21,68.25854243193474,68.44724068283139,67.79911192091164,68.03703308105469,40504700
2012-03-22,67.3478741724195,67.65143002004906,66.96228432394383,67.38069152832031,60102900
2012-03-23,67.48027841199709,68.13039404279608,66.86308074359468,68.03987121582031,46464800
2012-03-26,68.91217008564303,69.5046808075048,68.81342248430533,69.45530700683594,56454000
2012-03-27,69.47177559140334,69.66928338722715,68.92041378793031,68.96978759765625,41730700
2012-03-28,68.96154516177754,69.14258451058232,67.98225632983112,68.56653594970703,48836000
2012-03-29,68.08103232761957,68.48426645127638,67.49674623940237,68.36905670166016,45615600
2012-03-30,68.78875056564065,68.79698162778234,67.91644633244569,68.14686584472656,45904700
2012-04-02,67.92467845223052,69.01094636879787,67.79300656975646,68.98625946044922,52756800
2012-04-03,68.8463468238593,69.12614009152159,68.24560498673225,68.52539825439453,52012300
2012-04-04,67.78477613911397,67.83414995169818,67.02767543488046,67.43091583251953,65172400
2012-04-05,67.15110702653097,67.48028038164553,67.0029793306524,67.13465118408203,31978700
2012-04-09,65.90847297861035,66.30348221480297,65.71097149974344,66.03191375732422,50062200
2012-04-10,65.76857009618327,65.96607783470024,64.30375556703584,64.47657012939453,101228600
2012-04-11,65.01971384577737,65.48055272730683,64.88804200622104,65.39002990722656,54346800
2012-04-12,65.45585927187552,66.5832757409499,65.37356751962342,66.32816314697266,60728700
2012-04-13,66.14714538503462,66.17183857172304,65.36536399167879,65.45588684082031,53965200
2012-04-16,65.74391191108444,65.99901833667641,64.91275041425575,65.5628662109375,44725900
2012-04-17,66.10598228192642,67.10995809720582,66.05660220221075,66.50921630859375,46737700
2012-04-18,66.17183012668974,66.38578748966306,65.69452903366908,66.00724029541016,49008100
2012-04-19,66.09773191970811,66.64909346759039,65.21719714317203,65.628662109375,74260400
2012-04-20,66.06484516674298,66.63266909735239,65.88379949156548,66.00724029541016,46632000
2012-04-23,64.99507861423606,65.14320641226381,64.44371019584932,65.09382629394531,62477000
2012-04-24,65.11846967248412,65.77681639650775,64.89628126324047,65.58753967285156,44810200
2012-04-25,66.45162005861457,66.96183909206555,66.27057439260099,66.60797882080078,50263300
2012-04-26,66.61620360081226,67.37330422943019,66.50922492474417,67.26631927490234,43147600
2012-04-27,67.46383974612054,67.91644771777267,66.68205206669441,67.79300689697266,46796400
2012-04-30,67.76832791254915,67.77655897582119,67.0112333315259,67.04415130615234,38093600
2012-05-01,67.11821776646909,68.27855292681515,66.89602926686145,67.10999298095703,60493600
2012-05-02,66.58327861414254,67.33214175394724,66.30347911026162,67.2909927368164,52095800
2012-05-03,67.20049862713792,67.28279041040426,65.97432782616525,66.34465026855469,61487800
2012-05-04,65.8920382307615,66.28704759340056,64.96212911990028,65.08556365966797,75093300
2012-05-07,64.81400152514263,65.50526006308662,64.69879176881862,65.25838470458984,47361400
2012-05-08,64.7563851774209,65.2583731461187,64.16387437643594,65.21722412109375,62939600
2012-05-09,64.39429440399424,65.22545574468546,64.1638749301693,64.84690856933594,64431000
2012-05-10,65.27487207803075,65.4641489282466,64.7070478058471,65.09382629394531,45697800
2012-05-11,64.55889958975433,65.47235300894988,64.53421267763476,64.9292221069336,44862900
2012-05-14,64.26263368456021,64.56712020115575,63.86763059766635,64.06513214111328,51220200
2012-05-15,64.04868220375548,64.59181306795425,63.752426722024715,63.949928283691406,54317800
2012-05-16,64.17211993874707,64.50951816205003,63.447937116799224,63.48908615112305,52659400
2012-05-17,63.546694914769226,63.653673620701895,62.0160436656262,62.0489616394043,71665100
2012-05-18,62.04071314231622,62.46864040271832,61.300074636589336,61.464664459228516,77636200
2012-05-21,61.66218096770079,62.91303253173828,61.234259881663604,62.91303253173828,61384400
2012-05-22,62.88829918228576,63.390286905451596,62.10651831687361,62.53443908691406,59678300
2012-05-23,61.925529087215004,63.06940214548591,61.464689949627406,62.93773651123047,66981800
2012-05-24,62.896551876277044,63.15165821472738,62.172375601521274,63.069366455078125,54576500
2012-05-25,63.118740134652796,63.275098872608986,62.76487991822376,63.02821731567383,33847700
2012-05-29,63.637208312722045,64.11450944385643,63.16813824342392,63.941688537597656,51160000
2012-05-30,63.283346730718264,63.39855648028153,62.63323098477673,62.71552276611328,47891500
2012-05-31,62.76487859994309,63.028215991862155,61.77736494986126,62.63321304321289,59563900
2012-06-01,61.22601552747599,61.72800351235746,60.65819161181597,60.748714447021484,76127100
2012-06-04,60.97092998046963,61.1848937114244,60.024564738112915,60.60884475708008,50123200
2012-06-05,60.28788596216646,61.44821462103474,60.24673692866617,61.39060974121094,48270600
2012-06-06,61.87614118976006,62.96240910883656,61.74446930698185,62.90480422973633,48638400
2012-06-07,63.90878479912057,63.95815861936043,62.493343353271484,62.493343353271484,57907100
2012-06-08,62.460399742619394,63.41499545337861,62.007785647997274,63.34093475341797,50420100
2012-06-11,64.0157550863936,64.07335996192067,61.793839290791226,61.94196701049805,52803000
2012-06-12,62.0818777390651,62.7566804849914,61.53874060581495,62.72376251220703,56599400
2012-06-13,62.616755137559224,62.98707749009991,61.71976424420383,61.99955749511719,62715800
2012-06-14,62.03248046097746,62.92947770516266,61.85144107849364,62.70728302001953,53619000
2012-06-15,62.83072881026737,63.62897222692289,62.62499622982873,63.54668045043945,57935000
2012-06-18,63.03645544850429,63.8593856926844,62.83072288745927,63.62073516845703,45656600
2012-06-19,63.90054978635232,65.07734056419835,63.810026935867164,64.72348022460938,66897000
2012-06-20,64.73991217015924,65.07731653894291,64.17209464674232,64.62470245361328,54642300
2012-06-21,64.49305711122919,64.62472270921079,62.94594395533608,63.05292892456055,62486400
2012-06-22,63.42324965392487,63.974611549668396,63.07762037108216,63.76887893676758,41001200
2012-06-25,62.87186331207564,63.85937695864585,62.54269000373268,62.773109436035156,48620100
2012-06-26,62.927769162547165,63.33301234885619,62.373668858382416,63.018741607666016,42495600
2012-06-27,63.208945813741245,64.0607728027356,63.1510548429254,64.04423522949219,38510400
2012-06-28,63.49841110725041,63.98635477832642,62.95258276548464,63.936729431152344,58183700
2012-06-29,65.2847614438239,65.938106005713,64.9704907654018,65.7975082397461,71660200
2012-07-02,66.09527627934138,66.58322017470014,65.56598527025,66.55841064453125,53370400
2012-07-03,66.62455710427697,67.48465643998829,66.51704705343015,67.42676544189453,32322500
2012-07-05,67.5012271133957,67.68316581556066,67.01328309902004,67.35236358642578,42819900
2012-07-06,66.79819861362776,66.84782395263578,66.28545181780471,66.59971618652344,38530600
2012-07-09,66.50876956542996,66.59974202765956,66.04564161927567,66.34336853027344,34636100
2012-07-10,66.8312977150343,66.95535163084409,65.31786013301658,65.60731506347656,49990800
2012-07-11,65.65693530216095,65.87196167283923,64.96224345640023,65.38401794433594,40171300
2012-07-12,64.8712962941943,65.41712491299398,64.16832592095616,65.16075134277344,55502600
2012-07-13,65.39231185786535,66.23586742678918,65.3509584347338,65.97122192382812,42114800
2012-07-16,65.84712545858952,66.06214543246041,65.42534483198739,65.70652770996094,31922600
2012-07-17,66.14487238709248,66.28546386895007,65.04493743213744,65.93811798095703,43662500
2012-07-18,65.83061522585616,66.74860548315844,65.78926812188955,66.34336853027344,46045000
2012-07-19,66.61631020499432,66.77343935278815,66.00431227056418,66.1200942993164,49405400
2012-07-20,65.60731284435688,65.71482286927863,65.17726012538175,65.27650451660156,42314300
2012-07-23,64.1021546086134,64.53220110959552,63.829237206828104,64.2344741821289,47367200
2012-07-24,64.4660226208944,64.49083845023635,63.03528563472575,63.39090347290039,55609200
2012-07-25,63.68035756654293,63.99462199475021,63.242039231796745,63.531494140625,37217500
2012-07-26,64.49084805463045,64.65624908367938,63.68036786914309,64.07733917236328,44745100
2012-07-27,64.3667976591429,65.92986081508985,64.00290780369869,65.59905242919922,67297100
2012-07-30,65.76446369987893,66.08700650080077,65.11939071732755,65.37577056884766,34785200
2012-07-31,65.11110762360161,65.72309896736789,64.79683685302734,64.79683685302734,48933500
2012-08-01,65.25996431979667,65.33439287799067,63.71343907766866,63.729976654052734,63601100
2012-08-02,63.076655061006164,63.936754469674646,63.06011747856754,63.498435974121094,43374800
2012-08-03,64.4577557840432,65.35093002471797,64.21791991536635,65.01185607910156,52414100
2012-08-06,65.08627427388518,65.85540079592654,64.99530184474588,65.51632690429688,34662800
2012-08-07,66.03737388953262,66.63282774953365,65.86370089863989,66.11180877685547,50064000
2012-08-08,65.83061306491173,66.31855682900289,65.78099401792258,66.01255798339844,28011700
2012-08-09,65.96295962028789,66.48397870598353,65.90506861076615,66.32684326171875,24045900
2012-08-10,65.97120668901694,66.20277697157174,65.74791466075254,66.09526062011719,26068400
2012-08-13,65.99601150625281,66.16968445694394,65.24342241028059,65.98773956298828,31544800
2012-08-14,66.40951300521749,66.50875107486351,65.557679613015,65.83059692382812,26052900
2012-08-15,65.6486543983766,66.40951538085938,65.5907634191311,66.40951538085938,27061400
2012-08-16,66.31026619423797,67.23652810470765,66.02081131897964,67.10420227050781,46037700
2012-08-17,67.17039319366691,67.69968413186298,66.98017630510628,67.57563018798828,33453500
2012-08-20,67.47638449464759,67.53428180238693,66.97190940248512,67.42676544189453,32657000
2012-08-21,67.75756194368802,68.40263475471387,67.14557059856662,67.38540649414062,43743800
2012-08-22,67.21173730441366,67.40195418449117,66.81477227329293,67.06287384033203,37611400
2012-08-23,67.03804380788051,67.03804380788051,66.3268081759046,66.5914535522461,32208500
2012-08-24,66.44261382541549,67.04633965746561,66.25240324534398,66.77342224121094,25676100
2012-08-27,67.1786400739188,67.32750348909637,66.64107739079735,66.97188568115234,23628400
2012-08-28,66.96365137243914,67.41024186895659,66.78170639500833,67.27791595458984,28505600
2012-08-29,67.41849434333218,67.78238422714664,67.10422982253966,67.48465728759766,30858800
2012-08-30,67.13733301835445,67.19522403590717,66.69074246452732,66.8147964477539,24562900
2012-08-31,67.38540387387177,67.42675097241123,66.44259790636659,67.08767700195312,34088500
2012-09-04,67.13732891621885,68.14629199733024,66.61630979007899,67.90645599365234,69560700
2012-09-05,67.98086462982762,68.23724445344789,67.69140964475197,67.9229736328125,35103700
2012-09-06,68.29511627540515,69.41986073846053,68.24549092786434,69.1717529296875,46332500
2012-09-07,69.353693360712,69.80028360203576,69.2213675219598,69.68450164794922,32012900
2012-09-10,69.61835473709739,69.84164675428295,69.29581831802676,69.37024688720703,30671300
2012-09-11,69.37848205707888,69.93258214386687,69.32886303725948,69.51907348632812,33164100
2012-09-12,69.8747329711914,70.00705884936615,69.38679549212365,69.8747329711914,29751700
2012-09-13,69.99878825395706,71.24758693731275,69.62663275629546,70.792724609375,69437600
2012-09-14,71.00773254807784,71.91745065777312,70.9829230293038,71.4543228149414,46040200
2012-09-17,71.10700520310148,71.30548774184886,70.76792481933046,71.12354278564453,30183000
2012-09-18,70.90849772224048,71.04082358639853,70.59423325933184,70.89196014404297,32991100
2012-09-19,71.07392034221404,71.14834892458103,70.6356018647751,70.7679214477539,29342000
2012-09-20,70.41228276275504,70.62730912012434,69.97396441439592,70.4536361694336,34939800
2012-09-21,71.15662001985281,71.1897014926136,70.68522007489163,70.71002960205078,38826000
2012-09-24,70.47921752929688,70.9275488081885,70.23844667576758,70.47921752929688,54635300
2012-09-25,70.92754327733817,70.99396412849266,69.39159751627649,69.46631622314453,74752200
2012-09-26,69.61575401568635,69.68217486115871,68.77720826075901,69.02628326416016,42167400
2012-09-27,69.31688590100924,70.03089435361224,68.96818586627073,69.77352142333984,33252800
2012-09-28,69.5576392068157,69.74029336959552,69.12591636826026,69.27536010742188,43944300
2012-10-01,69.70708396918248,70.1886256173539,69.16742566238628,69.50782775878906,43705600
2012-10-02,69.86483192620958,69.93955062979474,69.21724449150864,69.64066314697266,25792500
2012-10-03,69.69046594778308,69.92293252898946,69.05117651522623,69.44139099121094,38568500
2012-10-04,69.70705911981246,69.95613404469384,69.07607395522116,69.91461944580078,43327200
2012-10-05,70.22187217590383,70.77813281387053,69.60748851516296,69.83165740966797,40981400
2012-10-08,69.42480435696783,69.65727098976365,69.23384600331944,69.39159393310547,21062200
2012-10-09,69.42479943679751,69.49121394557473,68.44511417213114,68.57794952392578,45221200
2012-10-10,68.63606989117305,68.76891158439457,68.22925329060314,68.47002410888672,32465600
2012-10-11,68.99308988612303,69.27537538199881,68.5779690007261,68.71910858154297,38978500
2012-10-12,68.69417290758375,68.92663949031923,68.00507734711479,68.1628189086914,31847100
2012-10-15,68.36208528291658,68.61116027832031,67.88055000430445,68.61116027832031,34413700
2012-10-16,68.97645996352405,69.20892655192496,68.81040787592379,69.11759948730469,29234800
2012-10-17,69.25875375496356,69.86483291880826,69.11761420113699,69.74029541015625,35466500
2012-10-18,69.6904810815112,69.86483105527718,69.28365814181657,69.35838317871094,31431700
2012-10-19,68.78551040081273,68.81041663356277,67.639779354629,67.95526885986328,53565500
2012-10-22,67.78089654146943,68.05487767983834,67.54012581389416,67.93864440917969,30682000
2012-10-23,67.37410416641164,67.68959368031594,66.77632922702206,67.5982666015625,40737600
2012-10-24,67.83073971809878,67.95527723143132,67.17485439408014,67.41561889648438,24472200
2012-10-25,67.98018904501482,68.19605366355349,67.1416494772052,67.68960571289062,27794000
2012-10-26,67.61486629162088,67.99677660176933,66.80122687661621,67.36579132080078,41402800
2012-10-31,67.38238257230924,67.78919900930192,67.14990970264682,67.77259063720703,24879800
2012-11-01,67.93035020212352,68.66926453167612,67.68127525170033,68.48661041259766,77113300
2012-11-02,68.81871852462936,68.86853098846615,67.39070210840087,67.40731048583984,39322100
2012-11-05,67.39901642090825,67.94697260813983,67.18315182145776,67.85565185546875,26861600
2012-11-06,68.10469539053247,68.55302646952646,68.05488293761269,68.36206817626953,27342500
2012-11-07,67.55675318751595,67.55675318751595,66.34460135668832,66.70159912109375,65095500
2012-11-08,66.56047424925434,66.83445552504077,65.71363051910885,65.76344299316406,42653100
2012-11-09,65.48117564722305,66.39444039664924,65.34002972159266,65.90459442138672,33030000
2012-11-12,66.05403414244458,66.13706338803007,65.61400701150673,65.71363830566406,20155100
2012-11-13,65.41472135848593,66.05400445618713,65.24037142274923,65.33999633789062,34408200
2012-11-14,65.48944898306242,65.67210313140322,63.978409666206765,64.12785339355469,54653100
2012-11-15,64.00332150711276,64.33541941190381,63.33913203177134,63.79576110839844,55966400
2012-11-16,63.74596015676482,64.49317899398594,63.20630175575837,64.32713317871094,62748300
2012-11-19,65.02450975428006,65.73851790410629,64.94148687658296,65.68870544433594,45621100
2012-11-20,65.57248788178424,65.87967323639168,65.29020242879676,65.8049545288086,36928500
2012-11-21,65.92949354376421,66.19517062273387,65.6970205572047,66.15365600585938,19254500
2012-11-23,66.33629478056379,66.88425085746066,66.30308436162463,66.80953216552734,20093300
2012-11-26,66.7099024343769,67.07521071682262,66.47743583072594,67.02539825439453,31180700
2012-11-27,66.9838897950997,67.44052519007441,66.89256271610476,66.94237518310547,39942000
2012-11-28,66.685012871704,67.50695037841797,66.11214407362745,67.50695037841797,51316900
2012-11-29,68.03833517945614,68.42025210622141,67.76436011007314,68.27910614013672,53043500
2012-11-30,68.41189434750399,68.42019853529983,67.85563411573067,68.1462173461914,35722500
2012-12-03,68.66930070222412,68.71081532724159,67.87226930898007,68.07152557373047,24959800
2012-12-04,68.1379542230562,68.34551470336699,67.63150614435841,68.15455627441406,37225000
2012-12-05,68.47834862932571,68.5032548706392,67.58168593658522,68.07152557373047,40376100
2012-12-06,68.06321765698982,68.33719260518968,67.75602594629119,68.17945098876953,31829500
2012-12-07,68.49495571506912,68.53647034313907,67.93869517069233,68.22927856445312,24123400
2012-12-10,68.38699766599404,68.62776847177294,68.2541559796718,68.52813720703125,29173000
2012-12-11,69.00138273966292,69.37498894143538,68.84363480217452,69.25045776367188,40262100
2012-12-12,69.46630221761535,69.57423766254011,68.71908362838126,68.8602294921875,40570000
2012-12-13,68.89345692238112,69.08440896030027,68.17114438539333,68.42021942138672,33439300
2012-12-14,68.26247455283774,68.75231412232908,68.17945164851194,68.37870788574219,28508000
2012-12-17,68.64438920525325,69.35009343682165,68.51154748276217,69.34178924560547,35849400
2012-12-18,69.49952049855915,70.37957452863468,69.31686634116828,70.28825378417969,53500700
2012-12-19,70.41138715818145,70.77985343293724,70.14340878149159,70.44488525390625,49010900
2012-12-20,70.46160301900515,70.85519750048675,70.2187467136419,70.79657745361328,50304600
2012-12-21,69.73302832205094,70.50347137451172,69.57392043035921,70.50347137451172,54923200
2012-12-24,70.2522362210283,70.31923237759356,69.93401406100102,70.16011810302734,10103000
2012-12-26,70.31924182687834,70.35273990966233,69.57392705497581,69.65766906738281,24671600
2012-12-27,69.72469253367454,69.86705464941898,68.71139909185067,69.60745239257812,35567700
2012-12-28,69.24734227188193,69.8167970123248,69.10497379494078,69.11334991455078,34262200
2012-12-31,69.22219256547686,70.70444568716108,68.96258407444726,70.6123275756836,67461100
2013-01-02,72.30393853144723,72.78128131904126,72.05271254698711,72.68916320800781,116410600
2013-01-03,72.7310639037268,73.091160394502,72.32909959115906,72.5217056274414,45872900
2013-01-04,72.86504931656343,73.22514577298823,72.57194903554486,73.05765533447266,29852500
2013-01-07,72.68920050624972,72.91530464719273,72.53846228258507,72.78131866455078,23693400
2013-01-08,72.75615528553026,72.8650256324548,72.3458150254816,72.73103332519531,23760000
2013-01-09,72.87342066968701,73.14977510756242,72.82317673156678,73.08277893066406,27425500
2013-01-10,73.36749185686396,73.43448801766236,72.81478311393549,73.25025177001953,39753000
2013-01-11,73.19163825908963,73.30887835639795,72.85666381430609,73.14138793945312,27322400
2013-01-14,72.99068251154698,73.29215259272416,72.89856434623147,73.18328857421875,24351900
2013-01-15,72.71429000256805,73.60196670707359,72.66403969105097,73.50147247314453,34704100
2013-01-16,73.33400400385398,73.48474219212002,73.10789991600814,73.28376007080078,20881400
2013-01-17,73.61873770335004,74.12119622284354,73.55174153032245,73.96208190917969,34219400
2013-01-18,73.9788429435854,74.21332959731525,73.78623689297807,74.17145538330078,23256900
2013-01-22,74.23006090460008,74.74927166674702,74.01232653478276,74.7073974609375,31589000
2013-01-23,74.73251440594028,74.7743886089354,74.45616638913405,74.53153228759766,32818900
2013-01-24,74.65713583397084,75.24333624175335,74.4728995946377,74.77437591552734,39814600
2013-01-25,75.1428502005861,75.31871032714844,74.77437771306192,75.31871032714844,34620300
2013-01-28,75.3773260068517,75.56156223995106,74.84973926859351,75.36894989013672,42633600
2013-01-29,75.33546298271273,75.50295339632173,75.07586082800127,75.41083526611328,37055100
2013-01-30,75.34385705043066,75.38572487197791,74.27194370438662,74.50642395019531,39299300
2013-01-31,74.42268096358049,75.1009997215578,74.33056281260734,75.01725769042969,36924200
2013-02-01,75.33546717385283,75.95516576591689,75.24334903851957,75.67881774902344,33925100
2013-02-04,75.21821331587095,75.5196896328969,74.65713487716911,74.76599884033203,27006300
2013-02-05,75.12611398031332,75.68719255929526,75.02561971981083,75.43596649169922,26551000
2013-02-06,75.07583204560213,75.80439430089231,75.00883590584336,75.754150390625,24297800
2013-02-07,75.69557386057186,75.82956621708192,74.99213315621566,75.50296783447266,30206500
2013-02-08,75.60341088319475,76.08912330387645,75.56991281393015,76.03887939453125,25189600
2013-02-11,75.96353053611693,75.99702861569804,75.5866883217639,75.95515441894531,15722100
2013-02-12,75.98864668179249,76.4073630608466,75.93840276081956,76.29012298583984,19792700
2013-02-13,76.36550399618925,76.66698033473959,76.18964386355248,76.60836029052734,22591300
2013-02-14,76.35713356149465,76.94333404724452,76.34038771437584,76.80097198486328,22359300
2013-02-15,76.76746790766211,77.06894424511081,76.59998389312645,76.82608795166016,29339100
2013-02-19,76.94332494677663,77.51277951805548,76.93495521876021,77.50440979003906,21162300
2013-02-20,77.57142448906598,77.61329869902673,75.98867646698196,76.06404876708984,41753800
2013-02-21,76.01377443133103,76.05564862806744,74.84137359197578,75.32707977294922,45067400
2013-02-22,75.71228694864074,76.23149108886719,75.67878887683517,76.23149108886719,24762300
2013-02-25,76.62512318918645,76.65024515813889,74.50641861943656,74.54828643798828,53492800
2013-02-26,74.8748677067005,75.18471374536338,74.35565708454733,74.84136962890625,47522800
2013-02-27,74.83298913200144,76.08076210855236,74.7911149399334,75.62854766845703,41192300
2013-02-28,75.62019687415538,76.24827157779752,75.51970262149439,75.77093505859375,31208800
2013-03-01,75.26847917255495,76.25665041318496,74.70740057035248,76.11428833007812,49278200
2013-03-04,75.93002827173747,76.34874465976615,75.5364338447337,76.31524658203125,27577000
2013-03-05,76.7172595996995,77.33695840812432,76.70888347835215,77.20297241210938,35612300
2013-03-06,77.43739058650281,77.54625452026738,77.14429046551864,77.40389251708984,28483000
2013-03-07,77.44580916227734,77.83102758807469,77.31181681116159,77.77240753173828,27907700
2013-03-08,78.38369101201418,78.50930718132506,77.81423658169481,78.49256134033203,38066100
2013-03-11,78.23296522802063,78.50931956627909,78.15759934800731,78.46744537353516,26716100
2013-03-12,78.28325815327268,78.50936230550491,78.03202563825177,78.30838012695312,21489000
2013-03-13,78.33348500857113,78.73544927796765,78.09062866747009,78.6014633178711,28662200
2013-03-14,78.74382201490823,79.39701871645198,78.60983606056658,79.3886489868164,24747300
2013-03-15,79.26302160252817,79.52262374502607,79.04528726963326,79.34676361083984,35361700
2013-03-18,78.50094637076184,79.22951518352312,78.44232633220209,78.91129302978516,36700800
2013-03-19,79.06204471726353,79.3132707587617,77.88963735628703,78.57633209228516,51516400
2013-03-20,79.0201541689116,79.33837631128786,78.93641217240257,79.30487823486328,27958600
2013-03-21,78.75221776041903,79.11231428679686,78.33350116644984,78.60985565185547,37122600
2013-03-22,78.92803464098255,79.02852886845459,78.66843253972729,78.85266876220703,33429900
2013-03-25,79.04080188660778,79.54467310570413,78.33537705421675,78.89803314208984,36680500
2013-03-26,79.22554880707952,79.35151821211417,78.73007726289865,79.14997100830078,26348000
2013-03-27,78.64609154627063,79.25913276229835,78.30177563576153,79.20034790039062,28461800
2013-03-28,79.16677074606707,79.4942937901469,79.05760066942089,79.30113983154297,24160700
2013-04-01,79.16678524113212,79.33474662872992,77.85671845322834,78.23462677001953,59660300
2013-04-02,78.7552627823174,78.87283250789476,77.68033591585615,77.74752044677734,47917200
2013-04-03,78.04987397471821,78.0834662528952,76.3534991656755,76.52985382080078,65441400
2013-04-04,76.63900473317648,77.21006045733846,76.38706593451951,77.18486785888672,37706300
2013-04-05,76.01755066961366,77.05049196410117,75.93357321319198,77.03369903564453,46418300
2013-04-08,77.25204991680222,77.69713626428448,76.69779350145058,77.67194366455078,28886500
2013-04-09,77.79793789963993,77.95749962497123,77.29406652294422,77.44522857666016,36828400
2013-04-10,77.68874416600711,79.02400322845281,77.63835255871484,78.84764862060547,50119600
2013-04-11,78.79726235937503,79.4187033130032,78.7300778219368,78.95681762695312,32619000
2013-04-12,78.68807287431859,78.88962645330923,78.03303976027169,78.63768768310547,41931800
2013-04-15,78.15061084809665,78.2261950433107,75.40450895865742,75.6732406616211,100204000
2013-04-16,76.26108923198719,77.09248334369418,75.99235752912095,76.98330688476562,58061700
2013-04-17,76.35348982325034,76.4374673048816,74.93425308459018,75.6480712890625,77710600
2013-04-18,75.70683560653441,75.89158986019049,74.85024886814156,75.22815704345703,58516600
2013-04-19,75.54728411144477,76.16033181675637,74.9174434749372,76.09314727783203,44931600
2013-04-22,76.16872417463487,76.47944785816868,74.90904291657318,76.31149291992188,49190300
2013-04-23,76.92454925293262,77.54599033444842,76.30310817141681,77.52079772949219,55313200
2013-04-24,77.50396502325637,77.98264349300044,77.20164110477927,77.92385864257812,41020800
2013-04-25,78.12544872971093,78.85606633547971,78.00787896424079,78.43617248535156,36543300
2013-04-26,78.17582879426979,78.40257504636988,77.68035715913545,78.01627349853516,32405600
2013-04-29,78.36057951474895,78.75528071494789,78.1590322831624,78.57892608642578,20791400
2013-04-30,78.58731539648007,79.0575943438765,78.24299944780043,79.02400207519531,30488500
2013-05-01,78.78045867975158,78.85604288197152,77.05889825049884,77.10928344726562,120177800
2013-05-02,77.5459706653556,78.49493459181754,77.40320833543348,78.33537292480469,38830300
2013-05-03,79.3851083921871,80.17451066303849,79.2339463915362,79.57826232910156,51981000
2013-05-06,79.63702923702967,80.19968517648765,79.5614450502139,80.09051513671875,26893800
2013-05-07,80.20810384821884,80.76236025223292,79.88898050593286,80.74556732177734,29920800
2013-05-08,80.56080394016554,81.01428989601789,80.35085709433034,80.98069763183594,37669300
2013-05-09,80.87155940948003,81.04791406054622,80.40967360401727,80.70359802246094,32331100
2013-05-10,80.79594935037126,81.40059733617011,80.67837962058479,81.31661987304688,39288900
2013-05-13,81.24101316778687,81.56013640915667,80.98068118209505,81.2578125,22522300
2013-05-14,81.40900633331123,82.32437167826527,81.40060666391545,82.29917907714844,33539600
2013-05-15,82.13119988834387,82.86181073335372,82.03882277346953,82.46710968017578,34000200
2013-05-16,82.32437906609734,82.76946547795824,82.04724761480134,82.25719451904297,42053300
2013-05-17,82.63509840541364,83.19775454122357,82.26558982329573,83.18096160888672,35675100
2013-05-20,82.93740584805563,83.6428241923203,82.92900618003264,83.3153076171875,25027400
2013-05-21,83.30692379387264,83.60085456695704,83.03819202964998,83.33212280273438,23596700
2013-05-22,83.48328346696017,84.29787200897042,81.55176953806614,82.11442565917969,68650700
2013-05-23,81.16545283129145,82.2403796694179,81.0478831088132,82.2151870727539,44524500
2013-05-24,81.71133049920397,82.25718727651412,81.21585251714231,82.19840240478516,33332500
2013-05-28,83.30690098877673,84.06271087096111,82.70225949009813,83.2649154663086,46121100
2013-05-29,82.76105655941346,83.29012035147663,81.77010710256273,82.49232482910156,40491500
2013-05-30,82.71906847167541,83.24813228835002,82.55950679694985,83.04658508300781,30620300
2013-05-31,82.61830517395846,83.15576874746232,82.10603420435773,82.13123321533203,38953700
2013-06-03,82.4167306849341,83.00457927187465,81.48456620630759,82.9122085571289,87088500
2013-06-04,82.87019793398812,83.30688444191938,81.39217072540885,82.03041076660156,68206900
2013-06-05,81.9296550684661,82.05562445738107,80.7455581896316,80.98069763183594,58967500
2013-06-06,80.92192261898944,81.83728790283203,80.39285880964583,81.83728790283203,46335300
2013-06-07,82.21517733630185,82.67705650360502,81.68610724073629,82.46710968017578,44757500
2013-06-10,82.83662399011457,82.97099304199219,82.13959894940477,82.97099304199219,32136500
2013-06-11,82.03046441120587,82.69389747614774,81.34183873989828,82.07245635986328,43461300
2013-06-12,82.57627816774016,82.70224753106676,81.14863606181855,81.2578125,58446900
2013-06-13,81.23264968204838,82.88702571559557,80.93032566208424,82.69387817382812,47768600
2013-06-14,82.53431215015631,82.83663615420647,81.81209440793313,82.05563354492188,37838400
2013-06-17,82.79463341672674,83.02137959371956,82.09761477166111,82.59308624267578,33308600
2013-06-18,82.73585134912948,83.81078459683455,82.57629610086187,83.56724548339844,40520200
2013-06-19,83.56724334212936,83.72679858630863,82.43353166916674,82.5427017211914,43193500
2013-06-20,81.21586404360977,82.47554553692677,80.02336710096681,80.35928344726562,76262300
2013-06-21,80.31726711644728,80.7707530852085,79.46908004114933,80.59439849853516,66115300
2013-06-24,79.70423147905531,80.216495938847,78.7972594780148,79.53627014160156,58774600
2013-06-25,80.27528469647129,80.48523157316306,79.67064307353797,80.30048370361328,32418400
2013-06-26,81.05626934609951,81.14864646390924,80.32565847787372,80.6783676147461,33752300
2013-06-27,81.1654613356362,82.08082661470822,81.13186906754134,81.9296646118164,40852300
2013-06-28,81.79526671512801,82.26554545175438,81.33338123660765,81.4593505859375,46135800
2013-07-01,82.00523712164325,83.22292623283847,81.99683745404995,82.78623962402344,37805800
2013-07-02,82.79468223969535,83.37666980159679,82.19581530744628,82.72720336914062,36848900
2013-07-03,82.43199413994448,83.19954540423902,82.31390289491351,82.8958969116211,19153600
2013-07-05,83.82370751497344,84.1357924703608,82.92119851981474,84.06831359863281,29427500
2013-07-08,84.45630661931729,84.71778563588066,84.25387644128381,84.40570068359375,30905300
2013-07-09,84.93708196386584,85.35881525352781,84.5997004802477,85.19012451171875,36010700
2013-07-10,85.2238622462748,85.51063778865483,84.97081970347193,85.4262924194336,36061100
2013-07-11,86.38783203812554,86.53121978981649,85.98297174686422,86.43000793457031,34434200
2013-07-12,86.43845647772558,86.96983809742545,86.43002001023025,86.60714721679688,28584000
2013-07-15,86.83486873018515,87.45060207210834,86.74208690557839,87.36625671386719,30786600
2013-07-16,87.40002672390305,87.4421962002088,86.72525075160515,86.92768096923828,38630800
2013-07-17,87.41686939663673,87.67834195793021,87.07948150246328,87.26504516601562,28476600
2013-07-18,87.49279907667139,88.21817448065465,87.43375666814461,87.84705352783203,32034100
2013-07-19,87.77112798935072,87.98199462890625,87.5012189481252,87.98199462890625,22806600
2013-07-22,88.12539492234909,88.36156454534398,87.83017645846587,88.16756439208984,25854900
2013-07-23,88.48807667768614,88.52180967593586,87.93138567948172,88.10851287841797,26309700
2013-07-24,88.48806909583605,88.5471114904226,87.24817237438049,87.37468719482422,31809700
2013-07-25,87.27350856600319,88.26879962163952,87.15542373187184,88.17601776123047,46093900
2013-07-26,87.6867662250401,87.86389339693113,87.18068767176032,87.82172393798828,23036800
2013-07-29,87.5855662968573,87.94825718249729,86.87705746080113,87.20600891113281,30360800
2013-07-30,87.45905623480083,87.6108804844101,86.9698440488221,87.28192901611328,26311000
2013-07-31,87.62774768853492,88.29408709854785,87.3915780617232,87.43375396728516,38330400
2013-08-01,88.29408777215953,88.85920887421898,87.50966354275623,88.62303924560547,34487100
2013-08-02,88.32781675638952,88.80015595771599,88.19285902164539,88.69894409179688,22983000
2013-08-05,88.60617768775404,89.09538347354395,88.47965639818386,89.00260162353516,14985000
2013-08-06,88.74954924252455,88.83389460842672,87.84704031357956,88.10851287841797,24689300
2013-08-07,87.82175533847031,88.00731260741276,87.27350069508246,87.48436737060547,23362200
2013-08-08,87.97357481328652,88.22661094905558,87.3662777912169,87.84705352783203,27640300
2013-08-09,87.66147537046601,88.2012934265426,87.31565100962443,87.75425720214844,27686900
2013-08-12,87.15542193947871,88.25192486745418,87.15542193947871,88.21818542480469,18960800
2013-08-13,88.294074897648,88.294074897648,87.53495374840952,88.1000747680664,22812900
2013-08-14,88.12538452887816,88.26033582532789,87.7289542362603,87.75425720214844,23629000
2013-08-15,86.74210797676596,86.84332629232605,85.94081722611995,86.12638092041016,50044500
2013-08-16,85.87333547895949,86.35411120030625,85.65403878861865,85.76368713378906,36059500
2013-08-19,85.729942833619,85.93237301135126,84.844300348939,84.89491271972656,25184600
2013-08-20,84.99613816244138,86.31195061564642,84.94553221871284,86.11795043945312,32450400
2013-08-21,85.77211316030633,86.45531898769636,85.1985556647385,85.59498596191406,41452900
2013-08-22,85.88176555703653,86.86861989556223,85.85646258965986,86.8011474609375,24006100
2013-08-23,87.03731208199285,87.08791801384605,86.41314222515538,87.02043914794922,20801100
2013-08-26,87.18069384916186,87.5686876486732,86.68304529132577,87.02886962890625,23376100
2013-08-27,85.98297688247011,86.36253423259015,84.81898899650979,84.98768615722656,47269300
2013-08-28,84.86963458451633,85.49379823565056,84.76841624846435,85.15641021728516,28927500
2013-08-29,85.09734764849273,86.33724462221318,85.02986877376816,86.00829315185547,27628600
2013-08-30,86.02514153509192,86.07575389804566,84.54907524585151,84.66716003417969,43334600
2013-09-03,85.91552150145972,86.34569133494239,84.45632122932541,85.2407455444336,37995800
2013-09-04,85.32507641262613,86.04202166894747,84.97925204990874,85.99140930175781,22580800
2013-09-05,86.0589020433701,86.4806353721606,85.90707778759992,86.12638092041016,22770200
2013-09-06,86.62399847002209,86.7842591485299,84.97080506457175,86.3625259399414,36792000
2013-09-09,86.65774299499357,87.74581550935456,86.64931296362546,87.66990661621094,27358500
2013-09-10,88.20976597597246,88.54715400781443,87.88924444990892,88.53028106689453,25126300
2013-09-11,88.386854554848,88.74954540416624,88.16755146487591,88.57241821289062,26412500
2013-09-12,88.48807821981397,88.58085361932596,87.89764777793117,87.9229507446289,32707600
2013-09-13,88.21815339139485,88.42058997378389,87.80485663050935,88.40371704101562,29478700
2013-09-16,89.44964331557446,89.47494628616182,88.43747944609986,88.59774017333984,28755900
2013-09-17,88.61462058132797,89.47496032714844,88.5977540766696,89.47496032714844,28901400
2013-09-18,89.44962091552226,90.76542653768001,88.78328163798024,90.32682037353516,46237100
2013-09-19,90.55456188204876,90.61360427829175,89.93039848817448,90.23404693603516,34775900
2013-09-20,90.45336019093388,90.4870996285713,89.87137258832263,89.90510559082031,49522500
2013-09-23,90.01476201593277,90.14128330059891,89.23877424151883,89.91354370117188,47759700
2013-09-24,90.03447557975397,90.8463581165832,89.46785023409224,90.21207427978516,45267000
2013-09-25,90.2966555571761,90.89711667641423,89.92454671352796,90.0429458618164,37106600
2013-09-26,90.27973204904477,90.88864555986504,89.94990497272859,90.54190063476562,29490600
2013-09-27,89.97527613633973,90.53344901057574,89.8230477572089,90.1359634399414,30296400
2013-09-30,89.16338349772586,90.35583362227597,89.00269621232728,90.16132354736328,45771700
2013-10-01,90.1190604471448,91.2776881044333,90.02603161943632,91.21002960205078,39344400
2013-10-02,90.56724149187366,91.12541417929424,90.3642725383874,90.83787536621094,30622900
2013-10-03,90.6687344585325,90.79559248142617,89.3071383474923,89.9075927734375,57799200
2013-10-04,89.93298004973359,90.76178036366002,89.77229921254501,90.50806427001953,25902800
2013-10-07,89.63701593024638,90.20364789203147,89.40867652196783,89.45095825195312,32924200
2013-10-08,89.51011107255844,89.67079833845777,87.8863463776623,88.00474548339844,61365000
2013-10-09,88.20774718935354,88.25848783485274,87.10831922022935,87.64957427978516,52604900
2013-10-10,88.80818781923921,89.90760916277576,88.73207041072067,89.76383972167969,53157800
2013-10-11,89.51014047907455,91.10854183616539,89.50168800607892,91.06625366210938,43197100
2013-10-14,90.54189760655163,91.6328665349052,90.43195740221284,91.5229263305664,38774800
2013-10-15,91.32841599682247,91.53139147561507,90.42350462374647,90.62648010253906,42263500
2013-10-16,91.2607357995683,91.84427237731919,91.03239006944517,91.7512435913086,34333600
2013-10-17,91.33686815592296,92.57160652524007,91.3114978360204,92.55469512939453,38967200
2013-10-18,93.21435372419035,93.67949133332718,92.88452664510953,93.6118392944336,39496400
2013-10-21,93.7471800257272,93.94169663741673,93.2566654851805,93.42581176757812,29198900
2013-10-22,93.8317318974316,94.28841709368055,93.34122390347798,93.67105102539062,38112600
2013-10-23,93.23125810159095,93.49343312203938,92.83377256127386,93.35811614990234,32275300
2013-10-24,93.42577141316785,94.09388442244352,93.3073722927664,93.85708618164062,24711800
2013-10-25,94.07699145919443,94.25459018677232,93.51036602564547,93.94168090820312,21321900
2013-10-28,93.98393052875355,94.11924748579209,93.41730528875686,93.89936065673828,22512200
2013-10-29,94.15306388957119,94.39832100156795,93.47649210114788,94.16997528076172,30026900
2013-10-30,94.21228091293368,94.27993939477959,92.62233885089455,92.88451385498047,46076600
2013-10-31,92.83379260617113,93.18053758294103,92.08956845552783,92.3432846069336,47370000
2013-11-01,92.52932103610246,92.71537219189021,91.26920594600234,91.9457778930664,117030400
2013-11-04,92.38554964241554,93.15515043099693,92.03881118054915,93.00292205810547,31960000
2013-11-05,92.6477186531091,92.96908677399348,92.0641755195579,92.6815414428711,26643500
2013-11-06,93.32429476472564,93.34121261380143,92.10647417429425,92.28407287597656,31773400
2013-11-07,92.70694319017295,92.86762406777079,90.60957478511834,90.72797393798828,60459700
2013-11-08,90.86328076811327,92.57161581985238,90.82099259585071,92.37710571289062,48147500
2013-11-11,92.21639790735512,92.6899943605543,91.87811196124096,92.50393676757812,19897700
2013-11-12,92.24178448983885,92.61389974140903,91.90349848407223,92.58007049560547,28075100
2013-11-13,91.89506787825864,93.49346302226853,91.86123862440543,93.46808624267578,36465900
2013-11-14,93.42580932180628,93.53574956328343,92.80843669869115,93.37506866455078,33226800
2013-11-15,93.53572331615018,93.86555040029937,93.16361451357639,93.73023986816406,27518500
2013-11-18,94.14464603403745,94.22921593141332,92.81687864320044,93.07059478759766,35509600
2013-11-19,93.1213235607263,93.61183793613336,92.17412405500255,92.49549865722656,36081300
2013-11-20,92.96909569649029,93.19743503677309,92.0557254308215,92.461669921875,43376700
2013-11-21,92.86759344151307,94.17844906890657,92.7576532507532,94.1277084350586,45585000
2013-11-22,94.11927603089387,94.69436036818766,93.95858870874324,94.5928726196289,28786400
2013-11-25,94.8296570644623,94.95651511856619,94.40680118562845,94.71125793457031,22968600
2013-11-26,94.71125049673945,95.5823325063667,94.63513954161544,95.41319274902344,30760700
2013-11-27,95.43011444199168,96.0474868822265,95.26097466639605,95.94599914550781,29099600
2013-11-29,96.36039855798717,96.54645617476753,95.94599515615141,95.99674224853516,15675500
2013-12-02,96.15744579439487,96.2081928987593,94.77047871747625,95.03265380859375,43155200
2013-12-03,94.82967558684201,95.22716122294675,94.10236281700567,94.57596588134766,36930700
2013-12-04,94.13618509520718,95.07492577622142,93.34122033415335,94.3222427368164,40609500
2013-12-05,94.28842008377266,94.73664636867485,94.00088112827689,94.38990783691406,37926700
2013-12-06,95.24403997355152,95.64997791659826,94.8803837379274,95.12564086914062,36471900
2013-12-09,95.25252441330962,95.47241130341654,94.62669944391084,95.10029602050781,31236500
2013-12-10,94.91424295356471,95.21024080808188,94.0769835835842,94.2376708984375,34938800
2013-12-11,94.3222340691034,94.33915191802383,92.4532118040657,92.69001007080078,47181600
2013-12-12,92.77460620423146,93.23975039709805,92.48706721392898,92.89300537109375,37706200
2013-12-13,93.07058186935771,93.47651990132537,92.53777933053071,93.19743347167969,32980300
2013-12-16,93.55263778493425,94.35606138092977,93.15515222294555,94.3053207397461,33991200
2013-12-17,94.25454514124795,94.33066253227227,93.55260949217222,94.16997528076172,32399800
2013-12-18,94.32222632981778,95.48085369958307,93.33274517403373,95.46393585205078,52979000
2013-12-19,95.32860890416278,95.43854908510221,94.62666675471735,94.75352478027344,32871100
2013-12-20,94.80431988127296,96.59723175702591,94.79586095410438,96.35197448730469,48770500
2013-12-23,96.93517762688886,97.47851669109325,96.73991211454388,97.4445571899414,37049100
2013-12-24,97.55494477877795,98.00489691522692,97.52098527150262,97.81812286376953,17371200
2013-12-26,98.1661735308435,98.4548260366508,97.71622149957633,97.82659149169922,19670000
2013-12-27,98.03035181688685,98.25957036394989,97.44456172967381,97.76717376708984,20069700
2013-12-30,97.72471614306873,97.94544965731588,97.50398262882159,97.70773315429688,28917400
2013-12-31,97.93696594238281,98.23410349836864,97.77565992179925,97.93696594238281,38357200
2014-01-02,97.70774815788225,97.73322264495178,96.47674684450483,96.87576293945312,44247700
2014-01-03,97.232318423946,97.54643896229268,96.87575336557155,97.36815643310547,26468000
2014-01-06,97.81809820796933,97.86054272352972,96.53615465918298,96.57860565185547,36198000
2014-01-07,96.94367886023487,97.76717903383485,96.87575985110817,97.38513946533203,28545300
2014-01-08,97.44457030740108,97.69926336176903,96.84180365431791,97.51248931884766,30763600
2014-01-09,97.84355469556729,97.96240968852533,96.91818275366387,97.53792572021484,29872800
2014-01-10,97.56341248869113,98.08128354781341,97.12195192666049,98.07279205322266,29174600
2014-01-13,97.88602721971397,98.0473267587247,96.15413147070943,96.73143005371094,45370800
2014-01-14,97.15591675998208,98.06431241766981,96.93518322829627,97.91998291015625,39125300
2014-01-15,98.17464263297865,98.72647303639323,98.10672364979607,98.65006256103516,31644100
2014-01-16,98.52274113173516,98.80289565521792,98.33596713133869,98.76893615722656,23091900
2014-01-17,98.74348876129034,98.84536727652697,98.21713262535097,98.42088317871094,28722300
2014-01-21,99.10004746899851,99.2189024827979,98.29352390151699,99.00666046142578,29828700
2014-01-22,99.06608493020543,99.64338346971772,98.9047789262335,99.5075454711914,24011500
2014-01-23,99.09156896540901,99.14250498454001,98.19166474949022,98.83687591552734,36057500
2014-01-24,98.21713848141235,98.25958300745667,96.1201858768351,96.31544494628906,53591900
2014-01-27,96.59558010219376,96.64651611062457,94.36279654544697,94.90613555908203,60368200
2014-01-28,95.02501597305728,95.92492024056504,94.90616093686243,95.90794372558594,43722200
2014-01-29,94.98256012251696,95.5768417502758,94.2524469505163,94.52411651611328,61904600
2014-01-30,95.36458831274082,96.4852259466579,95.11838678626727,95.93339538574219,40851600
2014-01-31,94.4477192797841,95.93341374036497,94.37980026422164,95.22028350830078,49293400
2014-02-03,94.97409675073116,95.25425139868132,91.81593328265446,92.24041748046875,91686000
2014-02-04,92.69882866525897,93.34403975602277,92.0281430907883,92.93653869628906,53138100
2014-02-05,92.3762490556696,92.66490167828304,91.06883694914781,92.24041748046875,60644600
2014-02-06,92.43565067605367,93.3610293360198,92.41018266766146,92.97050476074219,57611700
2014-02-07,93.3610070204009,94.09960499568369,92.9619910453297,94.02320098876953,44068600
2014-02-10,94.05717478811701,94.31186132700756,93.3525297240061,94.26941680908203,38211600
2014-02-11,94.33734377478477,95.37307948376227,94.12510173590107,95.10990142822266,44394100
2014-02-12,95.2542115862754,95.94188010375504,95.05895256407551,95.48343658447266,42307500
2014-02-13,94.55806083627627,96.84178700593569,94.54108432488982,96.69746398925781,42082400
2014-02-14,96.47671748559722,96.96062895884421,96.05223350986788,96.83328247070312,32428200
2014-02-18,97.1219756463583,98.0133884827164,96.90124207287784,97.84359741210938,33630400
2014-02-19,97.54641125629337,98.17464567743724,96.7653623568052,96.84176635742188,44024300
2014-02-20,96.95218461027281,98.08980558651162,96.70598948449158,97.88605499267578,35919600
2014-02-21,98.15768326370998,98.57367577339019,97.97090926590323,98.19164276123047,34814100
2014-02-24,98.34448587053421,99.59247032192718,98.2765733283761,98.91329956054688,43102800
2014-02-25,99.04061883119277,99.53301539254812,98.633111304882,99.01514434814453,28474200
2014-02-26,99.0830875139238,100.27164440533365,98.84537743106463,99.62642669677734,40794800
2014-02-27,99.29531783678175,100.2291815420041,99.12552679114613,100.16975402832031,29906200
2014-02-28,100.1442847625829,100.78101089139672,99.1594850514497,99.77073669433594,47362700
2014-03-03,98.92176507575353,99.55000616448083,98.12373942655022,99.23588562011719,50892800
2014-03-04,100.34804256386198,102.36859110403874,100.33106604912957,101.73186492919922,112793900
2014-03-05,101.7573121975958,101.84220770817986,101.4262151723393,101.67241668701172,34691300
2014-03-06,101.97805331642975,102.08841684071317,101.38377174377125,101.65544128417969,35087600
2014-03-07,102.22424057363772,102.27517658125323,101.05266058158584,101.62146759033203,36931800
2014-03-10,101.33284214588403,101.51961618120083,100.59423749998025,101.28190612792969,32089000
2014-03-11,101.37527615229313,101.71485818454963,99.76223559062642,100.22916412353516,50359500
2014-03-12,99.66036915248104,100.5517882877864,99.26135309147985,100.53480529785156,37159100
2014-03-13,100.89984257086402,100.9932295663177,98.80289063549606,99.3717041015625,53542800
2014-03-14,99.01517072158632,100.06789607949374,99.00668570208926,99.78773498535156,46888100
2014-03-17,100.36500211812742,101.11209165704864,100.0763496181749,100.22916412353516,41561600
2014-03-18,100.36501153328436,101.77429523526638,100.26313302778303,101.68939971923828,41606600
2014-03-19,101.60452034837026,101.65545637065841,100.26314895979652,101.0272216796875,47423000
2014-03-20,100.7979912272044,101.48565335553552,100.31407964113566,101.16304779052734,33212900
2014-03-21,101.6384687585512,102.09691234043217,100.6536625877447,100.69611358642578,47110800
2014-03-24,101.08661777404257,101.2224557607357,98.64159230757143,99.54998779296875,66747000
2014-03-25,100.15605630403839,100.70079851447123,98.85378175428991,99.52619934082031,47699700
2014-03-26,100.12199798112397,100.16455859970802,97.58554356317784,97.61959075927734,69052500
2014-03-27,97.63658401969137,98.20685978498969,96.76840348847875,97.37272644042969,65234900
2014-03-28,97.44082866631032,98.7345893941871,97.01524853961125,97.27910614013672,50558000
2014-03-31,97.91746722736728,99.31336939366437,97.56848843887462,99.02397155761719,44599200
2014-04-01,99.27083511495191,100.48799474671445,99.23678791969104,100.32627868652344,47906600
2014-04-02,100.68374612115755,100.8454686456726,100.19007162072857,100.77737426757812,33856500
2014-04-03,100.77738537721028,100.81143257001087,99.31338855597558,99.75598907470703,38473500
2014-04-04,100.40288381829828,100.53907260451356,97.04930963689262,97.44935607910156,86345900
2014-04-07,96.98969404442956,97.23653126095337,95.39802876019989,96.02788543701172,68537700
2014-04-08,96.0193714278742,97.2024834797103,95.50016323317361,96.70030212402344,60087900
2014-04-09,97.03228667087514,98.09623718261719,96.60670646617832,98.09623718261719,42744900
2014-04-10,97.9685645665331,97.9770779891403,94.81927356110063,95.2959213256836,74860200
2014-04-11,94.51282923432363,95.53421887513608,93.5084599401954,93.97660064697266,70998200
2014-04-14,94.94692781789294,95.30441356186012,93.32972205548873,94.24046325683594,62657700
2014-04-15,94.50435711201031,95.0916599837363,92.48711071580327,94.60649871826172,76968000
2014-04-16,95.27036862451949,95.70446217750344,94.67455903715913,95.63636779785156,49353800
2014-04-17,95.32144249261714,96.5300950832734,95.09163206332718,96.11302185058594,50275100
2014-04-21,96.29174644054054,96.63221180287482,95.56826160422811,96.56411743164062,31970700
2014-04-22,96.7173668624021,97.90047945728601,96.5811845569665,97.56002044677734,40541900
2014-04-23,97.44083334266074,97.68766411341514,96.83650381916836,96.94715881347656,33859500
2014-04-24,97.53443540827803,97.60252977666023,95.90872294963042,96.70030212402344,44318900
2014-04-25,96.32580134552973,96.3598485338753,94.65752807961974,94.99799346923828,58386300
2014-04-28,95.33848425770643,95.78959825925018,93.04886055873278,94.44476318359375,66050100
2014-04-29,94.83626114779233,95.31291524153632,94.39366073271202,94.68305206298828,34487600
2014-04-30,94.3766533344632,95.38102276533186,93.5850739822206,95.31293487548828,43929700
2014-05-01,95.1171547382124,95.9853353067225,94.08725164961392,95.27887725830078,78690900
2014-05-02,95.40654391348046,96.2832443762564,95.05757160749833,95.35547637939453,43450300
2014-05-05,94.58092995597161,95.48315774903149,94.07874202828765,95.23632049560547,28108400
2014-05-06,94.82779138141613,95.08313562692504,93.61913857485341,93.6872329711914,45354700
2014-05-07,93.8233881874323,94.01063796959241,92.29129728730976,93.74678039550781,64243800
2014-05-08,93.65313911358815,94.68304199319043,92.5125877654427,92.8019790649414,58520300
2014-05-09,92.51259341858496,93.67867860043174,92.16361466027364,93.65314483642578,48409900
2014-05-12,94.20640664064746,96.21514513502709,94.06171097216472,95.78105163574219,76291700
2014-05-13,95.65337954898312,96.0534258761869,94.76817217457912,94.84477996826172,58122800
2014-05-14,94.56388969373812,94.58091653298547,93.1339404072753,93.3041763305664,65720700
2014-05-15,92.83604655829912,92.95520847167494,91.44865771323073,92.67432403564453,75870500
2014-05-16,92.7169003330673,93.3042030725349,91.9508546932918,93.26164245605469,44666200
2014-05-19,93.00625621531954,94.5128131469945,92.73388525787489,94.26597595214844,35336900
2014-05-20,94.03619006273904,94.06172383198141,92.28279547999226,92.8275375366211,89567900
2014-05-21,93.32971009560094,93.73826332382663,92.3934352459276,93.3041763305664,55278500
2014-05-22,93.59360515452903,94.52137345009427,93.30421370975397,94.2745361328125,41295000
2014-05-23,94.21491369234123,95.34695169177171,94.06170461435147,95.30439758300781,42643800
2014-05-27,95.93427762229872,96.89608643342814,95.88321008180057,96.67478942871094,46373900
2014-05-28,96.46199766921109,96.57264616963995,95.7810668365348,96.17259979248047,37055400
2014-05-29,96.46196264800365,96.68325956851797,95.92572770145777,96.49600982666016,25556800
2014-05-30,96.46197407471877,96.54708878452492,95.61932091428042,96.06192779541016,38856000
2014-06-02,96.24067565634482,96.2662094212355,94.78519261304812,95.542724609375,40369700
2014-06-03,95.02353699176112,95.63637345721831,94.57242306408786,95.31293487548828,31143700
2014-06-04,94.88736026762172,95.81512194764846,94.6149892108045,95.68744659423828,28835500
2014-06-05,95.94278654574326,97.78128934970127,95.40655142030083,97.69617462158203,67182000
2014-06-06,98.11325320153887,98.93887980121113,97.97707091884477,98.63246154785156,45854000
2014-06-09,98.63247641069957,99.99433840588809,98.44522655550846,99.50066375732422,44025700
2014-06-10,99.27083104099967,99.44106701031775,98.70055515492011,99.30487823486328,39799900
2014-06-11,98.75161539514104,99.01547950460916,98.22390016388032,98.81970977783203,30144700
2014-06-12,98.54733743092045,98.66649935212678,97.80683213397221,98.21538543701172,39481200
2014-06-13,98.45369159856094,98.65797470723207,97.59402453479018,98.3855972290039,33779400
2014-06-16,98.30049005991835,98.86225891113281,97.96853810014142,98.86225891113281,30051100
2014-06-17,98.76863949230943,99.96877210814918,98.54733600163408,99.56021881103516,62573000
2014-06-18,99.50061442323032,100.27516671746433,99.16014909324167,100.23261260986328,37448900
2014-06-19,100.58161427615575,100.63268831158204,99.67087298608186,100.31775665283203,30915900
2014-06-20,100.326273012957,100.69227222401558,100.0624088880667,100.64971160888672,30104400
2014-06-23,100.86250116926519,100.90506178417142,100.17306336588321,100.45394134521484,21388700
2014-06-24,100.2156108042566,101.21147327964763,99.28784920447721,99.38147735595703,41788300
2014-06-25,98.78565064955686,100.25816065158682,98.77714372312674,100.22411346435547,34620800
2014-06-26,100.25817833795045,100.28371210941908,99.2367820223384,100.05390167236328,28018300
2014-06-27,99.63682654232403,100.87101292196452,99.61129277133801,100.72631072998047,38525100
2014-06-30,100.57311659332376,101.18594663023028,100.29223210109251,101.1263656616211,34195600
2014-07-01,101.50938046884811,102.96486382083427,101.45830643439817,102.15625762939453,65733200
2014-07-02,102.15540332215247,102.49717580492297,101.58293816180343,101.76236724853516,30796700
2014-07-03,102.17249496614772,102.4544577517805,101.89053218051497,102.37755584716797,15933900
2014-07-07,102.05288392743095,102.07851572481016,100.56617449175361,100.62598419189453,32279000
2014-07-08,100.40380682162285,100.56614366151346,98.85728815991585,99.40412139892578,52537600
2014-07-09,99.68610777823274,100.04496595422684,99.13072830466018,99.53231048583984,27891700
2014-07-10,97.5158699733895,99.15637676638738,97.37916487658804,98.47283172607422,50834300
2014-07-11,98.41302133465001,98.58390433414709,97.84055611568935,98.34466552734375,33923700
2014-07-14,99.47246049757608,99.50663838412687,98.60094720620972,98.8487319946289,28823400
2014-07-15,98.73769288714583,99.11364327523005,97.29371406874309,97.87472534179688,49534700
2014-07-16,98.30193910067703,98.33611048245523,97.25098984487806,97.60984802246094,63433000
2014-07-17,96.99465552201731,97.63547646804186,95.86681091776482,96.1060562133789,62221500
2014-07-18,96.28546828287281,97.78925647698608,96.08894702589176,97.60128784179688,46164100
2014-07-21,96.98611302142022,97.39623476404014,96.55889907024338,97.20825958251953,32720500
2014-07-22,97.80635797895873,98.47281066540513,97.56711922164641,98.02851104736328,31326500
2014-07-23,98.26772878910948,98.63513295034232,97.84051495133949,98.14810943603516,26417600
2014-07-24,98.44718412864037,98.81458838806165,97.69528340121026,97.95161437988281,31905100
2014-07-25,97.20826235246844,97.41332974838936,96.72978479952178,97.0630111694336,46514500
2014-07-28,97.28518089326894,97.30226658646713,95.89246548132223,96.57600402832031,37373400
2014-07-29,96.88359772900168,97.49878697855166,96.57600310422669,96.84087371826172,30574500
2014-07-30,97.55857577858102,97.66964905642904,96.81522117485757,97.22534942626953,30219000
2014-07-31,96.2342015654991,96.54179609755192,94.88421058456379,95.00382995605469,61507700
2014-08-01,94.97819767153702,95.43958294845301,93.86743892058583,94.56806945800781,67805300
2014-08-04,94.97821965458017,95.52505305334108,93.89309244354926,95.40543365478516,34646200
2014-08-05,94.93549079162571,95.89245244989816,94.46555280792765,95.16618347167969,44375000
2014-08-06,94.55952727857367,96.09749999466946,94.52534938279743,95.46522521972656,33658300
2014-08-07,95.77280976741989,96.14021398521814,94.64496532281518,95.00382995605469,40852200
2014-08-08,95.1234777959192,96.0377155623634,94.83296886480777,95.9266357421875,32667200
2014-08-11,96.45638369667738,97.59277458716451,96.22569098748053,96.84087371826172,31000700
2014-08-12,96.49908709682066,96.95193283136109,95.73010069912584,96.17440032958984,31188400
2014-08-13,96.48199390413058,97.10572911999805,96.29401872897141,96.92630004882812,23122900
2014-08-14,96.99463894238247,97.17407451311341,96.74686062212223,97.07154083251953,20882100
2014-08-15,97.78927459432242,97.78927459432242,95.91808184864847,96.88358306884766,53713800
2014-08-18,97.83198132204329,98.37881458260402,97.48166280140177,98.29337310791016,33287300
2014-08-19,98.37030808909665,98.88297018122068,98.31049838085143,98.63518524169922,22692600
2014-08-20,98.13102733843479,98.44716795769929,97.75508355523986,98.21646881103516,26266900
2014-08-21,98.15667518959026,98.60098134983983,97.26806938785869,98.43009185791016,33018200
2014-08-22,98.29337798432836,98.79748727316812,97.9259737580275,98.43862915039062,30100100
2014-08-25,99.07946876819159,99.46396527429299,98.53263537703106,98.90003967285156,27808600
2014-08-26,99.01112427048861,99.89973026228468,98.94277497786503,99.79720306396484,34831700
2014-08-27,99.87408059747293,99.91680460164314,99.3614251412694,99.54940032958984,19070100
2014-08-28,99.13928561685859,99.31017513815145,98.69498589903452,99.03675842285156,22817800
2014-08-29,99.25034374980119,99.80571664604354,98.81458371417614,99.59210968017578,26231100
2014-09-02,99.95099310250268,100.39529280666554,99.54086478277902,100.13896179199219,38816400
2014-09-03,100.61744234876548,100.65162025076071,99.34433994482409,99.50668334960938,33266600
2014-09-04,99.78007602302202,100.38671897014899,98.87438465389818,99.1221694946289,26523500
2014-09-05,98.92567609068891,99.47250950739405,98.40447447183423,99.4383316040039,26935300
2014-09-08,99.33578523239484,99.79717706092126,98.96838099035162,99.59210968017578,20347300
2014-09-09,99.42125028097156,99.44688207994848,98.25922758971345,98.41302490234375,36390100
2014-09-10,98.39592162289514,99.05382824786675,98.01142515065636,98.9940185546875,23060600
2014-09-11,98.40445607263031,99.73736798054993,98.37882427957234,99.63483428955078,27075600
2014-09-12,99.58354994787518,99.59208953126978,98.23355263221062,98.57532501220703,32892900
2014-09-15,98.56679886759896,98.60097676439545,97.15699158888832,97.49876403808594,41644400
2014-09-16,97.21681441852546,98.0541567062974,96.89213413322557,97.7721939086914,51365900
2014-09-17,97.82344366786651,98.66078583722688,97.56711922164641,98.02851104736328,45543000
2014-09-18,98.46426642010536,98.71205128593219,98.18231017581796,98.6266098022461,24714600
2014-09-19,99.01965817873946,99.03675038886655,97.07156342541353,97.37915802001953,52459600
2014-09-22,96.92629963265657,97.0031950119275,95.73864541517835,96.0120620727539,45800600
2014-09-23,95.61047601973289,96.22566510380358,95.00383303926513,95.11490631103516,51616800
2014-09-24,95.23060735112138,96.05311112634234,94.75937816583279,95.97599792480469,34323100
2014-09-25,95.72752782927475,95.81320407045172,94.03110949258671,94.35668182373047,49733600
2014-09-26,94.71648770902922,95.29052544382937,94.416611201688,95.20484924316406,26473300
2014-09-29,94.09104940525286,95.40191437641334,94.00537319513518,95.12774658203125,30619000
2014-09-30,95.03351433463058,95.12776014019524,93.65410558410423,93.6883773803711,55596900
2014-10-01,93.63699094587983,93.72266718467057,92.04338806499564,92.36039733886719,88621100
2014-10-02,92.35182688973117,93.62842048479709,91.6235690618081,93.24287414550781,71825900
2014-10-03,94.03109553998753,94.51945723257778,93.45705761893319,93.94541931152344,44034600
2014-10-06,94.20244474296267,94.30526013557444,92.96869271500633,93.14004516601562,35571200
2014-10-07,92.54885091506242,92.96010587247893,91.54642553574664,91.60639953613281,40271900
2014-10-08,91.40079194854275,93.42278223883254,90.61256021820658,93.36280822753906,51589200
2014-10-09,93.29428096985112,93.30285055487282,90.82676995452533,90.84390258789062,60783400
2014-10-10,90.62113272145635,91.5807235389631,89.6101374708131,89.73865509033203,66579500
2014-10-13,89.82433505520078,90.91244353741978,88.98469877460201,89.37881469726562,72054300
2014-10-14,90.1584816027855,91.66640165698662,89.8414723396807,90.42407989501953,70034800
2014-10-15,89.26743473101719,91.6749716134273,88.71052939051594,91.33226013183594,117497300
2014-10-16,90.08994105918353,93.02011156790168,89.91858204492404,92.36039733886719,100532300
2014-10-17,93.52559492426519,93.57699935054987,91.70922893431072,92.08621215820312,72675000
2014-10-20,91.68350839520399,93.16572570800781,91.67493881364386,93.16572570800781,34914400
2014-10-21,93.67125870224866,94.75079103039792,93.3970908279552,94.69938659667969,44748100
2014-10-22,94.93069673063195,95.15345358081491,93.26855071664859,93.34565734863281,48798300
2014-10-23,94.27954141887528,95.5989759780591,94.04820846016061,94.99922943115234,60795100
2014-10-24,95.0335459540411,95.37625749405935,94.62229733536236,95.16206359863281,41927400
2014-10-27,94.60514058115807,95.17917854541531,93.825478345776,95.11064147949219,31133700
2014-10-28,95.53901993646632,97.85231073841041,95.3590978995753,97.81803894042969,84912900
2014-10-29,97.98081626260925,98.43490609066573,96.79846879314087,97.58670043945312,67133500
2014-10-30,97.23543149203176,98.85473636145949,96.93556143041128,98.41778564453125,59046200
2014-10-31,100.16559157561552,100.20842641352695,99.28310763051675,99.86571502685547,53133300
2014-11-03,100.02850061744593,100.55970357349987,99.30024303377613,99.6943588256836,39729600
2014-11-04,99.30024066295627,99.81430444288063,98.76903771958493,99.23169708251953,37347600
2014-11-05,99.9599643464844,100.01993835101607,99.00038027397775,99.41162872314453,31073500
2014-11-06,99.36881953889849,99.84004211425781,99.00896888212553,99.84004211425781,31720900
2014-11-07,99.72006437692839,99.99423217773438,99.1288874009159,99.99423217773438,28657700
2014-11-10,99.96855452926737,100.50832068128038,99.78006289427557,100.4911880493164,29371800
2014-11-11,100.34550622832059,100.61967401022821,100.13131244443416,100.55970001220703,23536800
2014-11-12,99.97710432413346,101.168021378567,99.95140211293618,101.01380157470703,34594700
2014-11-13,101.048121427736,101.31371978533011,99.91717784043671,100.15707397460938,25135200
2014-11-14,100.19129034985706,100.42261676933876,99.70292876501719,99.97709655761719,23321400
2014-11-17,99.8914399077653,100.18274694038617,99.11177769939883,99.14604949951172,29847300
2014-11-18,99.5230228544671,100.34552636524656,99.17174184079546,99.72007751464844,33717200
2014-11-19,99.60013591784399,99.60013591784399,97.98940058910762,98.65768432617188,38258700
2014-11-20,98.20357829306566,99.78004156384834,98.20357829306566,99.76290893554688,26555000
2014-11-21,101.16802885399845,101.20230065035265,99.52302184905786,99.88286590576172,43240400
2014-11-24,100.01994737220427,101.14232746778048,99.88286672234359,101.07378387451172,24573200
2014-11-25,101.28799663599305,101.76778880521421,100.69681947271839,101.15090942382812,26745900
2014-11-26,101.15943605411695,101.5278496095257,100.9623749044761,101.4850082397461,14640700
2014-11-28,101.51072489445573,101.54499014893942,99.87428118413877,99.97709655761719,21110700
2014-12-01,99.66010727267772,99.78862488099423,98.36637467919839,98.41778564453125,36244100
2014-12-02,98.52059701715035,99.93427767137025,98.51203396994049,99.60013580322266,31812100
2014-12-03,99.62581171539088,100.85100042068832,99.40304834987984,100.55970001220703,29148000
2014-12-04,100.40549669610006,100.4997424994035,99.57442363242966,100.07991790771484,28631900
2014-12-05,100.45691717818852,101.08236610584122,100.20845152400747,100.83390045166016,30261400
2014-12-08,100.47404256989736,101.41650068566052,99.25742313986498,99.57443237304688,32295000
2014-12-09,98.49490687067639,101.33083157380986,98.30641522212768,101.24515533447266,52645900
2014-12-10,100.87671491141593,101.23656548003316,99.00894462704355,99.0946273803711,45413600
2014-12-11,99.56586091502072,100.8253217035803,99.27456043866991,99.48875427246094,36021800
2014-12-12,98.34068233132953,99.37737981218704,98.18646249321235,98.28070831298828,44816000
2014-12-15,98.7519273913005,99.1631758934309,96.95270048695654,97.2868423461914,66361200
2014-12-16,97.08978337162114,98.8204667197934,96.84131773323473,97.1497573852539,62849700
2014-12-17,97.36394077178242,100.23413660750678,97.23542317445937,100.1484603881836,70379400
2014-12-18,101.49361671339001,101.73351278806336,100.64541086745842,101.63926696777344,54315600
2014-12-19,101.65639637290748,102.36752148072748,101.21943911504881,101.87059020996094,49041800
2014-12-22,102.12761034463136,102.56456756591797,101.78490546337096,102.56456756591797,27043400
2014-12-23,103.19000827749103,103.19000827749103,102.34179611406086,102.69307708740234,34533000
2014-12-24,102.877984185677,103.25637225930338,102.55980017925124,102.98978424072266,19175400
2014-12-26,103.31654922672517,103.9099292131267,103.25635173252753,103.66053771972656,18261900
2014-12-29,103.73795238364893,104.38292847632253,103.72075590803352,104.0991439819336,27692500
2014-12-30,103.87556079783337,104.26254386763782,103.42837365477736,103.48857116699219,23996000
2014-12-31,103.88415507377093,104.40873616979711,102.80059336841761,102.86939239501953,35688700
2015-01-02,103.25637173626298,103.67775427728037,101.38164097530255,102.27600860595703,46133100
2015-01-05,101.67404627557669,102.08682734999272,100.43568993025484,100.9086685180664,51141900
2015-01-06,101.14946439933327,101.27845438350504,98.34596616501635,99.16293334960938,67446000
2015-01-07,99.80791812417995,100.4098998667355,99.30914149993806,100.38410186767578,32252100
2015-01-08,101.18385985164454,102.20721753084844,101.00326075898376,102.08682250976562,28361700
2015-01-09,102.17280387783349,102.19860187006189,100.88285177812767,101.1064453125,26975200
2015-01-12,101.21822996820566,101.48482450705627,99.95408253205669,100.77104949951172,27316800
2015-01-13,101.55362324118732,102.67158432362193,99.60149866673038,100.84844970703125,49991400
2015-01-14,99.73912406293277,100.7022843380645,99.3693374398626,100.44429779052734,34224200
2015-01-15,100.81407763459055,100.94306761916685,98.44916502215116,98.75015258789062,46199400
2015-01-16,98.38895515811627,100.56467343867402,98.20835608030657,100.3582763671875,41895700
2015-01-20,100.48725335115462,100.68504886593095,99.03391198141237,99.93687438964844,36444400
2015-01-21,99.58430517101458,100.4614697159165,99.14571961804577,99.61869812011719,27333500
2015-01-22,100.23788428186973,101.68263101926617,98.98233158500699,101.64823150634766,37877000
2015-01-23,101.68262923176466,102.13841128810928,101.08925568720096,101.57943725585938,28173400
2015-01-26,101.37303145589682,102.56838652150293,100.67645943435188,102.5597915649414,23006800
2015-01-27,101.35585068715139,102.55120593798162,101.14946016008972,102.06962585449219,26919100
2015-01-28,102.49099673627384,102.72318523260263,100.03148748580648,100.34967803955078,38086100
2015-01-29,100.63345780254497,101.7514188861646,99.83368725774888,101.73422241210938,39299900
2015-01-30,101.0290627462826,101.44184379062898,99.41231839965613,99.4983139038086,49739800
2015-02-02,99.85950250856901,100.4786740564232,98.36315322507181,100.40988159179688,44819100
2015-02-03,100.90004304555971,102.33618797441787,100.8484405060857,102.20719146728516,43920000
2015-02-04,101.83742949147678,102.54260313103012,101.56223993850564,101.8288345336914,28597100
2015-02-05,102.13841690807011,103.41117268956698,101.99222389346959,103.14458465576172,32337100
2015-02-06,103.28216741503073,103.90134549630031,102.63719134054756,103.03277587890625,31694900
2015-02-09,102.68021158977078,103.3853853007598,102.09543291033815,102.21582794189453,32367900
2015-02-10,102.7919918498333,103.05857987662039,101.5622371337281,102.86939239501953,28960800
2015-02-11,102.6543825951658,103.04136557102765,102.00940659470592,102.72317504882812,23794200
2015-02-12,103.33377194523091,103.98734298930185,103.05857584957657,103.89274597167969,27854600
2015-02-13,103.97874870744909,104.64952279237323,103.75515515879567,104.51192474365234,20446900
2015-02-17,104.62369973258456,104.9676816499029,104.27971125423171,104.83869171142578,16868500
2015-02-18,104.53771294183487,104.95910200577933,104.16792642184336,104.95050048828125,20450200
2015-02-19,104.70971491560344,105.24289092439764,104.52052088885618,104.9591064453125,16620500
2015-02-20,104.78709218702885,105.38047216521791,103.97012526836292,105.24287414550781,30331600
2015-02-23,105.00208846303416,105.37187495482326,104.2883134689472,105.34607696533203,25778200
2015-02-24,105.32029231896703,105.8190753824385,105.0795023051631,105.48368835449219,20023600
2015-02-25,105.40628465989967,105.81047069712967,105.11389866932896,105.60408020019531,17059600
2015-02-26,105.50950873738371,106.03408990493593,105.19991963649922,105.9910888671875,24379000
2015-02-27,105.8018388479716,106.08562980054583,105.38905797243973,105.41485595703125,23821700
2015-03-02,105.38906792936089,106.44682476375029,105.37186489731876,106.18023681640625,29683500
2015-03-03,105.93944921394592,105.93944921394592,105.1396787930793,105.55245971679688,23068400
2015-03-04,105.09671146740611,105.44070005481097,104.5807318668171,105.2257080078125,22822500
2015-03-05,105.37187467652517,105.70726166109517,104.83869873235484,105.53527069091797,19725600
2015-03-06,104.89893319623694,105.50950988488935,103.95296284378098,104.20235443115234,37319900
2015-03-09,104.37431948663497,104.84729795438531,104.15932748464795,104.6581039428711,17556300
2015-03-10,103.720750602794,103.79814458065886,103.04997655048882,103.45416259765625,32440300
2015-03-11,103.60035647781454,104.17653352138453,103.0929718948088,104.09053802490234,20914500
2015-03-12,104.76130534300884,105.90506439964099,104.69250632583501,105.8190689086914,41063300
2015-03-13,105.72448013408099,105.93947215871609,104.2367324367504,105.44068908691406,26371000
2015-03-16,105.87067382620901,106.27485988492305,105.67287827539978,106.05986785888672,19906300
2015-03-17,105.75027835844416,106.44685042025307,105.57828080173856,106.34365844726562,23142600
2015-03-18,106.12006248201703,107.59920863074608,105.64707741316678,107.19502258300781,40292600
2015-03-19,106.94562333431071,107.46160283334244,106.90262230896002,107.40140533447266,34008200
2015-03-20,107.80559644697473,108.49357351888159,107.7625954195922,108.34737396240234,34165600
2015-03-23,108.3129746014062,108.6311651457812,108.1753831234573,108.25277709960938,17132400
2015-03-24,108.15818309529408,108.62256664822512,108.06359264215675,108.22698211669922,30115600
2015-03-25,108.2813332544237,108.34171452070807,105.56416310949822,105.64179992675781,42514000
2015-03-26,105.31402889876652,106.02136183045876,104.83960646005457,105.5124282836914,26899200
2015-03-27,105.56415825517037,106.29736777341849,105.1156126664076,106.18522644042969,23066800
2015-03-30,106.72003635963469,107.81552687521335,106.70278080949474,107.6257553100586,20487000
2015-03-31,107.20309438193796,107.57400976456428,106.8753112967821,107.28073120117188,24507800
2015-04-01,107.15996429370307,107.3238525390625,106.0127136708653,107.3238525390625,31955200
2015-04-02,107.27207926501839,108.04841437718373,107.21169801079792,107.52223205566406,23586400
2015-04-06,106.88392651847195,108.23819757856496,106.85804319439102,107.99666595458984,22045600
2015-04-07,107.7982803712336,108.25545374443504,107.2807257332898,107.30660247802734,20214700
2015-04-08,107.28933848324179,108.39346329330274,107.28933848324179,108.22956848144531,19314400
2015-04-09,108.13468525984167,108.45384711651145,106.76315863470474,107.84140014648438,22325300
2015-04-10,108.20368835089297,108.50559464139052,108.01391680227637,108.35895538330078,14966300
2015-04-13,108.41934206315028,109.02315467434035,108.32445628409701,108.42796325683594,22819200
2015-04-14,108.46248851143268,108.75577367941449,107.63439966588162,108.40210723876953,22600800
2015-04-15,108.82474492968447,109.66145467994971,108.61771785440588,109.1611557006836,37282300
2015-04-16,109.09214889878513,109.33367391046934,108.82474714742946,109.10077667236328,24439900
2015-04-17,107.9276958645899,108.29861131487716,106.80632173644723,107.33250427246094,48283500
2015-04-20,107.86729488413673,108.6436235899091,107.67752330501384,108.38484954833984,24602300
2015-04-21,108.7298850423736,108.90240106510046,108.18644706676157,108.272705078125,13844600
2015-04-22,108.27268966764781,108.58322372920932,107.36697080564632,108.43658447265625,21991300
2015-04-23,108.23822814430089,109.1525750881172,108.04845653383357,108.92829895019531,18025800
2015-04-24,108.97137588096771,109.08351060241453,108.41931688435471,108.56595611572266,14992500
2015-04-27,108.86789963548824,109.47171889430568,106.99607375338984,107.36698913574219,32924600
2015-04-28,107.42737846522765,108.14333253762261,106.31463223466642,107.96218872070312,35654900
2015-04-29,107.36693711654992,107.73785231919416,106.64235567324101,106.78900146484375,26437900
2015-04-30,106.15071021747099,106.47849982414189,104.08049193627761,104.52903747558594,72393800
2015-05-01,104.82233170278795,105.3743974524216,104.29615586051845,105.21050262451172,47996200
2015-05-04,105.34851047794156,106.40087528816633,105.06385970914543,105.59004211425781,37675100
2015-05-05,105.53830543545074,105.77120934825206,103.75273728859165,104.24441528320312,56891600
2015-05-06,104.4686779435082,104.79646103727978,103.71821938282285,104.606689453125,34348300
2015-05-07,104.49454556529135,105.43477562802619,104.0028676770372,105.00347900390625,29826100
2015-05-08,106.03857442992837,106.31460397009705,105.5814011209987,105.78842163085938,26357100
2015-05-11,105.7539148897692,106.66826806944636,105.61590341312144,105.84880065917969,28406700
2015-05-12,105.53827221262803,106.02995005246223,104.26163801635069,105.6590347290039,34961600
2015-05-13,105.89193856848848,106.2801028595447,105.23636592168836,105.6590347290039,27214700
2015-05-14,106.16796281160454,106.84078439237733,105.62452493400865,106.78040313720703,23293200
2015-05-15,106.58200065051406,106.72001870454437,106.04719714380424,106.65963745117188,22055600
2015-05-18,106.44402158544857,107.96218773668693,106.24562221764118,107.86730194091797,30846000
2015-05-19,107.65163963183753,107.86728794313443,107.22896420332938,107.72064208984375,23256800
2015-05-20,107.97079798486837,108.22095082279978,107.25484399158861,107.9190444946289,20838500
2015-05-21,107.80688369372048,108.22955245104727,107.37558716308337,107.79825592041016,16229300
2015-05-22,107.61716169313702,108.03120286769698,106.96158882217367,107.33250427246094,22601400
2015-05-26,106.90980368782027,106.99606169190916,105.68491633792813,106.30598449707031,44037800
2015-05-27,106.4095238211214,107.71204171582119,105.91784583956876,107.60852813720703,32086300
2015-05-28,107.34971603364987,107.57399209774725,106.76315242213145,107.51361083984375,18631900
2015-05-29,107.4877598658581,107.59127343896357,106.37501363396841,106.86669158935547,33468900
2015-06-01,107.55675324046612,107.73789703120399,106.12484530263711,107.20308685302734,35649400
2015-06-02,106.78905643614057,108.09156762058174,106.51302683494707,107.41011810302734,29477600
2015-06-03,107.61713545082945,108.62636797141823,107.32385032438972,108.47972869873047,30774800
2015-06-04,107.89316608072221,108.35896722886602,107.03057282439613,107.39286041259766,25820600
2015-06-05,107.15995698058522,108.27269642606412,106.37499400345612,108.169189453125,36626500
2015-06-08,108.06566870695697,108.35895379991437,107.45322836059304,107.66887664794922,18798700
2015-06-09,107.57397693641377,107.70336720827477,106.53024015057693,107.34107971191406,23928300
2015-06-10,107.76377672034401,109.10079891179086,107.69476767977781,108.6781234741211,42563500
2015-06-11,108.83339243568277,109.15255431810684,108.60912292150152,108.95415496826172,17489400
2015-06-12,108.61773025783901,108.81612958237118,108.19506144773922,108.62635803222656,23578600
2015-06-15,107.91905392726368,108.51424544129763,106.90982129299606,108.28134155273438,30618300
2015-06-16,108.15194393996283,109.2474410996979,108.10019044869061,109.04904174804688,32800900
2015-06-17,109.32505724657744,109.51482879820347,108.66086339695003,108.88513946533203,32467000
2015-06-18,109.39409746601049,110.61898512631403,109.32508841282554,110.34294891357422,39642100
2015-06-19,110.25667132181574,110.54995645527356,110.06689974976618,110.29117584228516,23310900
2015-06-22,110.77423389704971,111.13652151631811,110.54133001247371,111.0502700805664,25230000
2015-06-23,110.99851519877376,111.35218166062121,110.7569900936416,111.28317260742188,23378500
2015-06-24,111.06752422881962,111.36081599538844,110.17906063859188,110.34294891357422,26436800
2015-06-25,110.71385786745402,110.7742325555361,109.76499995076847,110.28255462646484,24100900
2015-06-26,110.49819013315856,110.70520406980616,109.39406534955043,109.98062896728516,38219900
2015-06-29,109.23017965154813,109.60972278322602,107.05644758162967,107.20308685302734,49224900
2015-06-30,107.97942160122793,108.10018412784487,107.21171414727843,107.7033920288086,39631300
2015-07-01,108.48833171593282,108.82474908082752,107.01329829888742,108.02253723144531,28627700
2015-07-02,108.11695506091132,108.24689423685678,106.86955615518562,107.22471618652344,31486400
2015-07-06,106.49707314500695,107.85708916108781,106.39312047682282,107.19007110595703,27852200
2015-07-07,107.31135559082031,107.40664389300275,105.27566357043374,107.31135559082031,39347100
2015-07-08,106.37581763136656,106.85225257675286,105.05911003146484,105.67414855957031,40724500
2015-07-09,106.85224090883094,107.00816661787212,105.91668665458387,106.05529022216797,29770400
2015-07-10,107.27670955857481,107.70983582121566,106.86091204746967,107.52792358398438,28735800
2015-07-13,108.08233070280983,108.83597282109433,108.06500855928975,108.74068450927734,21349900
2015-07-14,108.68002783392318,109.58093114391535,108.62805480359064,109.3470458984375,21009500
2015-07-15,109.41635197750969,109.56361992643623,108.51544857770173,108.76666259765625,22238300
2015-07-16,109.24311869633023,109.78885546899228,109.1218438579609,109.41636657714844,33568400
2015-07-17,109.41635343759401,109.47699084949687,108.59341618905765,108.9399185180664,24739900
2015-07-20,108.9572193372738,109.02652111130946,108.07364484975233,108.35084533691406,23271100
2015-07-21,108.342218466445,108.97458580770287,107.51061671709417,107.83979034423828,28118700
2015-07-22,107.48461526279372,108.359525557626,107.31136079180048,108.23825073242188,20654200
2015-07-23,108.27290850264795,108.61941085765727,106.80894613143221,107.04283142089844,39712100
2015-07-24,106.96485837805463,107.1640927460086,105.2410111966406,105.31897735595703,39533000
2015-07-27,104.92915288853236,105.09374296263101,104.18417528121829,104.44405364990234,35627200
2015-07-28,104.74725174080305,105.51821594464315,103.37857119122859,105.3363037109375,53474800
2015-07-29,105.12841602225798,105.96868210135585,104.79057803711305,105.63084411621094,32411300
2015-07-30,105.36229116310693,106.06396019531641,104.82521883282716,105.93402099609375,29383900
2015-07-31,106.07259848544135,107.12942741856162,105.87336414433369,106.51438903808594,31812700
2015-08-03,106.5750367263058,106.68765377334972,105.21502065870963,105.9859848022461,34033200
2015-08-04,106.02063662262076,106.51440025381066,105.34496077035895,105.73477172851562,21728900
2015-08-05,106.19385797993897,107.00813719313312,105.6048128066258,105.977294921875,25673500
2015-08-06,106.08993236317666,106.254522433861,103.75971129498802,104.54800415039062,42225300
2015-08-07,104.0715561955575,104.33143454263983,103.14466645080259,103.84632873535156,42261400
2015-08-10,104.23616348610769,105.26699945290696,104.21883473531462,105.04177856445312,28798900
2015-08-11,104.36610427088614,104.89451221644755,103.64711310860797,104.14087677001953,33383800
2015-08-12,103.57780306702651,104.24481453195382,102.19180049712577,103.9416275024414,46500100
2015-08-13,104.03691387383495,104.46137570729898,103.42187545135154,103.59512329101562,35698300
2015-08-14,103.50850398112905,104.3747564359926,103.10136426990611,104.26214599609375,21091500
2015-08-17,103.97628674744305,105.40560469739954,103.60379790726023,105.36228942871094,22328200
2015-08-18,105.21503175166973,105.21503175166973,104.40075225665325,104.52203369140625,26360400
2015-08-19,103.86367849817046,104.383428688516,102.85882240238448,103.43921661376953,45178900
2015-08-20,102.51231747464344,102.74620935021014,100.82312774658203,100.82312774658203,51879800
2015-08-21,99.73163581952656,101.0570075349213,99.07328875804123,99.64501190185547,79168300
2015-08-24,94.86330004588754,99.54972198805915,93.78048457018473,95.75553894042969,83809200
2015-08-25,98.79610286082442,98.8394115215715,94.90662427530441,95.01924133300781,59240200
2015-08-26,96.87301550417045,97.61799315861101,94.78534387489397,97.43608093261719,51605300
2015-08-27,98.14641767106824,99.72299706557924,97.33213814996411,99.17725372314453,49533700
2015-08-28,99.064640257592,100.22541548014486,98.9347010557734,100.15612030029297,41601400
2015-08-31,99.70567342465519,100.46797994612342,99.41115071153003,99.79229736328125,29250900
2015-09-01,97.98183492695135,98.85675192857805,96.67379161289325,96.93367004394531,45129200
2015-09-02,98.24171650815292,98.72681587875638,97.08959889398646,98.67484283447266,26865800
2015-09-03,98.82207740528236,99.73163847855129,98.36296468130163,98.51889038085938,33334500
2015-09-04,97.47936605770374,98.49287961883999,97.26280299204316,97.77389526367188,31154600
2015-09-08,99.23787831833538,100.11279514124499,98.84806736036604,100.00884246826172,29916300
2015-09-09,100.63254884509699,100.84911196473041,98.76144692813494,98.85673522949219,40963000
2015-09-10,98.53621057475083,99.86157569031926,98.51888843468947,99.30717468261719,29877900
2015-09-11,98.8913887354012,99.7922855209827,98.45826248468688,99.77496337890625,27949400
2015-09-14,100.06948474078035,100.08681349161095,99.1252726989546,99.31584930419922,22365800
2015-09-15,99.49776478582851,100.64988222138314,99.38515433767726,100.43331909179688,26745300
2015-09-16,100.44198101851629,101.36887098717516,100.30338404651158,101.29957580566406,27127800
2015-09-17,101.28226310221692,102.98878196187884,101.07436430677602,101.64608764648438,50405400
2015-09-18,100.2773724441965,101.21291994591475,99.96552107396347,100.24272155761719,42736100
2015-09-21,100.95307588683374,101.61142969437012,99.68834792037087,100.06083679199219,33021700
2015-09-22,99.14258576795022,99.38514199450755,97.92983768007059,98.54487609863281,35786900
2015-09-23,98.77010876830427,99.11661109580587,97.9471715233474,98.25035858154297,25506800
2015-09-24,97.70461645332767,98.25035312778654,96.90766577059928,98.08576965332031,39810300
2015-09-25,98.87980379460745,98.95799369664361,96.3691503647958,96.79483032226562,43750300
2015-09-28,96.47340412751988,96.56027664387203,93.71949830072505,94.0843734741211,56765300
2015-09-29,94.04092847738767,94.78804400522677,92.94631627623659,93.41543579101562,49980700
2015-09-30,94.24075530317316,95.06605422617812,93.74557462378043,94.86624145507812,50834500
2015-10-01,95.01391056485437,95.28321731778367,93.32855613645162,94.70116424560547,44985900
2015-10-02,93.80637664767667,96.10852813720703,93.059261083092,96.10852813720703,58019200
2015-10-05,97.00332259117557,98.55835832891576,96.89907160822067,98.40198516845703,45220500
2015-10-06,98.34986552169964,98.74948435805555,97.10756944496275,97.72437286376953,34140000
2015-10-07,98.25433774247367,99.47057315025009,97.84602952583911,99.45320129394531,36371000
2015-10-08,99.3662829192076,100.55645675891623,98.99272519053608,100.34796142578125,43072200
2015-10-09,100.53040341776605,100.89527193585626,100.25240740951432,100.54777526855469,26497200
2015-10-12,100.59120129250205,100.76494628878366,99.96570870117344,100.40007781982422,22984000
2015-10-13,100.00047040162303,101.03427114255538,98.97535889987725,99.02748107910156,37445300
2015-10-14,99.07089588546951,99.687699154602,97.91547259650002,98.05447387695312,39987400
2015-10-15,98.33248320110732,100.40007781982422,97.87205299580897,100.40007781982422,42503400
2015-10-16,100.59990784891083,100.59990784891083,99.40973387285915,100.26978302001953,33685600
2015-10-19,99.8180424290518,100.95608760006265,99.60085783135062,100.46090698242188,24949500
2015-10-20,100.4087642804056,101.03425685443116,99.93095561192871,100.32189178466797,20531400
2015-10-21,100.70416018358414,100.75628899792565,98.73212680564713,98.79293823242188,34060300
2015-10-22,99.39238292268662,100.26980410580029,98.80164043028026,99.66168975830078,36882600
2015-10-23,100.46958080534303,100.817077433932,99.67034319915126,100.64332580566406,40172500
2015-10-26,100.42614308361456,100.66070612909263,99.84409003111972,99.95702362060547,19783300
2015-10-27,99.54870885614747,99.79196112377547,98.25429077187331,98.86241149902344,38189200
2015-10-28,99.15777743080734,101.76399202589346,98.96665396669626,101.74662017822266,65529900
2015-10-29,101.41651899154236,101.73795458570306,100.39140741410738,100.66072082519531,27252000
2015-10-30,100.39138744756961,100.79969547496043,99.97439681002551,100.20026397705078,28018700
2015-11-02,100.29583625726941,102.57193303865428,100.26977516817621,102.28524780273438,33836900
2015-11-03,102.15491978361798,103.40590488839997,101.9811747981522,102.8151626586914,28626300
2015-11-04,103.07578490580886,103.37984193886332,102.24179706031107,102.7630386352539,25696000
2015-11-05,102.71960185389891,103.03234813291253,101.7205516086024,102.84122467041016,27141300
2015-11-06,102.51981131166681,103.69260672165386,101.89431865888776,103.57098388671875,35141300
2015-11-09,103.44068222897013,103.63180573967026,101.87695043955827,102.3547592163086,32983100
2015-11-10,101.92037202506539,102.65879821777344,101.60762572237424,102.65879821777344,21892200
2015-11-11,102.780452941766,102.80651403708725,101.71190826590045,101.76403045654297,22037600
2015-11-12,101.06034278532732,101.1993374870891,99.67036262796852,99.81804656982422,39916100
2015-11-13,99.41845106041661,100.2003105260184,98.74083598865519,99.09701538085938,43883000
2015-11-16,99.00141320164394,99.98308506809798,98.48017156129619,99.9483413696289,28979100
2015-11-17,100.03522057032937,100.90395890506441,99.42709975924635,99.56610107421875,34441000
2015-11-18,99.84409870309187,101.33832972365498,99.48791279863195,101.25145721435547,35554300
2015-11-19,101.1558846669179,101.33831890535554,100.54776391084555,100.82575988769531,25512500
2015-11-20,101.19063921081843,101.95512652203749,101.10376007922432,101.4773178100586,31697700
2015-11-23,101.39045120419239,102.41556271392913,101.36439011437709,101.98119354248047,22716400
2015-11-24,101.53814324975725,102.87600120013465,101.26014722292223,102.72831726074219,24994500
2015-11-25,102.77176675262733,103.65787710246241,102.60670431740415,103.5275650024414,20772600
2015-11-27,103.6144314201103,104.16174088235388,103.27562395679205,103.91849517822266,14129300
2015-11-30,104.2659735286678,104.30941309721268,103.42330289924647,103.46673583984375,30165400
2015-12-01,103.90979996414991,104.17042413384907,103.29299649900639,104.15304565429688,27899900
2015-12-02,104.0140655457793,104.28337236507737,102.90207467665907,103.03238677978516,22238300
2015-12-03,103.31905332507114,103.77079435555946,100.89527250754244,101.29489135742188,39485400
2015-12-04,101.29487309190662,102.45029649200717,101.06899930341824,102.31998443603516,32669900
2015-12-07,102.19838990890513,102.22445100172457,100.34797941129285,100.7823486328125,29621400
2015-12-08,99.87016296119418,100.7823409076445,99.43579377296982,100.22634887695312,30946000
2015-12-09,99.93099662195243,100.92135806127195,98.68870020204122,99.10569763183594,41980400
2015-12-10,98.94059523709667,99.97439583870624,98.7320999203503,99.43577575683594,31278800
2015-12-11,98.40200589824019,98.46281732745452,96.89040278066336,97.22052764892578,52609300
2015-12-14,97.18576333833816,97.62881513263808,95.80446589060644,96.52552032470703,53400400
2015-12-15,97.06414453359204,98.132689055981,96.95120429948972,97.9155044555664,48273900
2015-12-16,98.59312040603832,99.60086014418758,98.01975650132601,99.40973663330078,44560600
2015-12-17,99.8267357046529,99.852796796959,98.14138103741168,98.3498764038086,41318000
2015-12-18,97.87207357578596,98.07187970072921,96.81221164294489,96.84696197509766,49876600
2015-12-21,97.4463709772449,97.84598978946241,96.864317922142,97.5766830444336,26479300
2015-12-22,97.8546931117087,98.6191805197251,97.11626679529144,98.47149658203125,28108700
2015-12-23,98.96667535129183,99.87016406816664,98.80161956494159,99.71379089355469,29609700
2015-12-24,99.84988855145156,100.47809582260157,99.59686025297655,99.90223693847656,13370500
2015-12-28,99.44855391703325,99.52707651220308,98.5585912314929,99.43982696533203,22125500
2015-12-29,99.88482255536047,100.59155263954956,99.5270907084356,100.51302337646484,22841500
2015-12-30,100.38214368124459,100.64389233654744,99.46600674589935,99.50090789794922,21273200
2015-12-31,99.08209371908039,99.43982550974309,98.16596350527404,98.2619400024414,39517700
2016-01-04,96.50819938586015,96.70015238789966,95.1732619802212,95.98469543457031,66665900
2016-01-05,96.33368875469183,96.4820136360691,95.58333074021344,96.19408416748047,28253300
2016-01-06,94.84171813717143,95.6269775064157,94.23096454815636,94.7282943725586,35569200
2016-01-07,93.11411178176336,93.79466737297712,92.04092335635656,92.1979751586914,52482000
2016-01-08,92.37247139561796,92.91342237079562,90.44422853249607,90.61000061035156,60299300
2016-01-11,90.92413719288541,91.42146692042998,89.26636921549901,90.2174072265625,47144800
2016-01-12,90.93285819500487,91.60468696812408,88.94353941497974,90.48787689208984,53702900
2016-01-13,90.6623658366644,91.10734040045907,86.94547758213406,87.58240509033203,70591600
2016-01-14,88.00122473666266,89.61536444019647,86.54413685954749,88.79520416259766,69373400
2016-01-15,86.44816569268477,87.50390044651381,85.07832726669184,87.35557556152344,85759200
2016-01-19,88.18444582553404,88.29786954954828,85.27899052765885,86.17767333984375,51391100
2016-01-20,85.00853287477608,87.53880973280131,82.9406846168979,86.5354232788086,94385800
2016-01-21,86.66628961755688,88.04485494285868,85.83740236953784,86.33473205566406,65798200
2016-01-22,87.81801299015916,88.65562064830793,87.36430468154904,88.44622039794922,46056700
2016-01-25,87.8965147911299,88.1931711776025,86.24747406420721,86.4830551147461,35019600
2016-01-26,86.83207442691952,88.47239526106135,86.53542462474476,88.21063995361328,33349600
2016-01-27,87.76564613389831,88.63815482590667,86.43070890019962,86.99784088134766,47973900
2016-01-28,87.73075045353585,88.07974860023252,86.57031231130185,86.98039245605469,41951100
2016-01-29,87.2857574289724,89.85093473397723,87.21595514633138,89.83348083496094,42245300
2016-02-01,89.11803941946675,89.94692003418899,88.34150719737994,89.42341613769531,33615700
2016-02-02,88.41129196424481,88.5334426273195,87.05017411515088,87.49515533447266,39692700
2016-02-03,88.17574513562418,88.18447208828968,85.62802080788381,87.6086196899414,55262500
2016-02-04,87.25088854438877,88.96973211378756,87.22471434289977,87.94889831542969,51188400
2016-02-05,87.55626486915563,87.63479412993011,85.47096917628978,85.540771484375,53366600
2016-02-08,84.64206582990039,84.64206582990039,82.83597319430658,84.1360092163086,61107700
2016-02-09,83.00174621495073,84.74676353044252,82.90576973006166,83.56887817382812,55857200
2016-02-10,84.15346949595623,85.43605847262403,83.48164066169457,83.61251831054688,42756100
2016-02-11,82.08562063093412,83.23733185620456,81.70171467027292,82.7051010131836,57923200
2016-02-12,83.46419273532938,84.45012525612258,83.05411254539789,84.27561950683594,40097300
2016-02-16,85.3226350001138,86.46561937987147,84.8253052582553,86.27366638183594,38882100
2016-02-17,86.87568724488443,88.2018974827175,86.8407860995845,87.62604522705078,40940400
2016-02-18,87.69586963253819,87.8092933908312,86.84953495154905,87.20726013183594,35043600
2016-02-19,86.86699171210547,87.73950069003088,86.47436533472512,87.64352416992188,32424800
2016-02-22,88.42001711728058,89.00460293037219,88.33276758981852,88.62069702148438,28867400
2016-02-23,88.3327689663615,88.55089611677202,87.7307425577929,87.80926513671875,29857100
2016-02-24,86.91931120976747,88.83882751304685,86.35217927484459,88.65560150146484,36909600
2016-02-25,88.81268979875024,89.51941994181048,88.463684875699,89.46707153320312,22612600
2016-02-26,89.92076452971594,90.27849637165488,89.6066607951843,90.03419494628906,27474700
2016-02-29,89.98181827798672,90.76707742574513,89.62409317866583,89.63282012939453,32014400
2016-03-01,90.40935444898118,91.56106567382812,89.92947199833114,91.56106567382812,36422700
2016-03-02,91.43017510550526,92.56443226806454,91.25566939508,92.50335693359375,24937100
2016-03-03,92.52955837382476,93.4893166962515,92.41612797262798,93.47186279296875,28216300
2016-03-04,93.41951651089165,94.51015250576837,93.07051166118833,93.98664855957031,38180900
2016-03-07,93.54165433560394,95.09471871348526,93.54165433560394,95.0074691772461,38739900
2016-03-08,94.4839833275931,94.4839833275931,92.60808798538228,92.7127914428711,46193900
2016-03-09,93.02690046470889,93.36717840006362,92.54701791140629,93.18395233154297,25627200
2016-03-10,93.44567637142968,93.78595421708202,91.44763073658915,92.42484283447266,47051200
2016-03-11,93.17521497467237,94.51887931716972,93.0617912277907,94.40544891357422,33625000
2016-03-14,94.11751899946982,94.527592510486,93.70743883174032,94.16114044189453,24422700
2016-03-15,93.54163151535795,93.60270684149684,92.51207126279427,92.69529724121094,34258400
2016-03-16,92.25035233369498,93.64636499126352,92.25035233369498,93.3497085571289,37952200
2016-03-17,93.34971806717105,95.1907122351369,92.77386569957095,94.78063201904297,41724500
2016-03-18,94.90275522557539,95.93231561524505,94.84167989130313,95.63566589355469,36512600
2016-03-21,95.48735798290564,95.92361234992299,95.17325430611608,95.40882873535156,29903700
2016-03-22,94.91149656368047,95.70548268629909,94.64102099328711,95.29540252685547,23602100
2016-03-23,94.98646927873384,95.03022170742676,93.46374722015715,93.53375244140625,39243300
2016-03-24,92.97368934130373,93.83131857222496,92.53612490601202,93.81381225585938,30924300
2016-03-28,94.01507042792582,94.32136411777677,93.24495962534318,93.92755889892578,21096400
2016-03-29,93.67379302050823,96.56171422304104,93.43750449176356,96.53546142578125,46761100
2016-03-30,97.04301250132625,97.2442950224292,96.3079076625882,96.544189453125,35683500
2016-03-31,96.68424960932893,97.28808404639129,96.56172541341199,96.81551361083984,28555900
2016-04-01,95.9228772497287,97.33183528329116,95.80911289872991,97.24432373046875,29981400
2016-04-04,97.06051356484033,97.41931280910043,96.35165487815374,96.430419921875,21529400
2016-04-05,95.71283058032343,96.1416417839618,95.2490067499528,95.3365249633789,32515800
2016-04-06,95.32776801920895,96.50043725346174,95.0302207941271,96.41292572021484,28157800
2016-04-07,95.71283450884633,96.15914536746733,94.62767004348308,95.10899353027344,33298400
2016-04-08,95.92286253040982,96.32542095298332,95.06523342026452,95.48529815673828,26151700
2016-04-11,96.03662003344475,96.74547880853346,95.17024450467189,95.187744140625,25842100
2016-04-12,95.20525528876492,96.42168368870088,94.89020841199134,96.21165466308594,25058700
2016-04-13,96.771736601895,98.39072341765826,96.71047785784026,98.28570556640625,40534700
2016-04-14,98.24195781038577,98.62700992989302,97.90940460394896,98.16319274902344,25538600
2016-04-15,97.9269092030546,98.56574945644641,97.89190325158481,98.4082260131836,21176100
2016-04-18,97.99691473400465,99.23084272874502,97.9006500428977,99.15208435058594,19428300
2016-04-19,99.33588335017302,99.87845899531044,98.79330102833195,99.23086547851562,23228100
2016-04-20,99.23085312095924,99.94845846282647,98.8633006309864,99.37962341308594,21422500
2016-04-21,99.30086308926187,99.69466836702043,98.59201091861539,98.88079833984375,20535700
2016-04-22,98.87205352723379,99.93095856080797,98.87205352723379,99.86094665527344,29094500
2016-04-25,99.58964870045313,99.68591339156008,98.72326648049057,99.15208435058594,16369600
2016-04-26,99.47589683962366,100.22850820036456,99.0383324055512,100.12349700927734,30564100
2016-04-27,100.18475381319274,100.68357699125914,99.67717747713827,100.47354125976562,24360300
2016-04-28,100.00095647104887,100.63980337806736,99.05582252231382,99.32711029052734,26126500
2016-04-29,98.89829590082535,99.29210114372832,97.76937908068082,98.43447875976562,33284500
2016-05-02,98.74080380821025,99.33589177801656,98.17196863936971,99.30963897705078,21881000
2016-05-03,98.49573178535037,98.5044782645858,97.07802097511168,97.6818618774414,37929600
2016-05-04,97.1305582108004,98.00568714205798,96.5879825465112,96.87677001953125,30767200
2016-05-05,97.2705632832067,97.4280867275183,96.35167541193853,96.49169921875,26249200
2016-05-06,96.08916084121186,97.0780541455465,95.86162544601218,97.06055450439453,25497400
2016-05-09,97.0692741044765,97.91815001439758,96.81548597948036,97.34056854248047,23427000
2016-05-10,97.716897706418,98.36449123306475,97.20056817546038,98.32073211669922,18635300
2016-05-11,98.10194785946456,98.25071816930472,97.02554305685203,97.10430145263672,23604600
2016-05-12,97.30558763155757,97.56812230391014,95.8266176068338,96.58798217773438,34803000
2016-05-13,96.31669503146286,97.08681281998021,95.70410740578257,95.94914245605469,24510300
2016-05-16,96.1941793828005,97.59438446645828,96.15042693822949,97.16557312011719,27337000
2016-05-17,97.034286069619,97.50685645754369,95.18776363181642,95.62532806396484,46676300
2016-05-18,95.22279413110776,96.8417882887126,95.2052944870608,96.12417602539062,35734400
2016-05-19,95.42408450608238,96.06292505458651,94.50519621645184,95.35407257080078,36995600
2016-05-20,95.64282742884465,96.95552062988281,95.59032183734806,96.95552062988281,37404500
2016-05-23,96.93803966689457,97.48062206883702,96.70175776666271,96.84178161621094,23721700
2016-05-24,97.41057961794839,99.08207874542379,97.37557366653135,98.83704376220703,41124300
2016-05-25,99.15210766834463,99.6771836763278,98.95957824085328,99.41464233398438,26202900
2016-05-26,99.56339215555592,99.7821743369159,99.10832815607615,99.30085754394531,15157200
2016-05-27,99.37962960336104,100.28976440429688,99.3358771670882,100.28976440429688,21265100
2016-05-31,100.48230806131158,101.11240198794023,100.20226705799932,100.63983154296875,32764400
2016-06-01,100.29853415500301,101.47120379768481,100.13225751023003,101.32243347167969,26806100
2016-06-02,101.06862036137733,102.10127258300781,100.96360918146071,102.10127258300781,23303300
2016-06-03,101.92623467300162,101.92623467300162,100.63979449252061,101.4886703491211,28733200
2016-06-06,101.58494955824901,102.8976427175681,101.52369081121556,102.58259582519531,26946000
2016-06-07,102.64384514390035,103.24768607826631,102.35505107296862,102.880126953125,21038500
2016-06-08,102.96767131256368,103.82529391005009,102.95891815393928,103.64151763916016,27999900
2016-06-09,103.21269079305432,103.21269079305432,102.6438557488217,102.97640228271484,23440700
2016-06-10,102.02251229963221,102.2850469212412,101.24364823846452,101.5761947631836,32686800
2016-06-13,101.20865296658644,101.67247018940392,100.28101184424818,100.47354125976562,36169500
2016-06-14,100.10601121998253,100.73610520252197,99.47591723744308,100.18477630615234,34267600
2016-06-15,100.5435319162315,101.12986652012252,100.16722632273242,100.2547378540039,24197700
2016-06-16,99.51966644590136,100.28102436836593,98.79330780635351,100.24602508544922,36306600
2016-06-17,100.12348485627686,100.56979571763105,99.4846379223249,99.81718444824219,30096400
2016-06-20,101.33993109597849,101.90875954974884,100.9023666381836,100.9023666381836,28219800
2016-06-21,100.93732934860536,100.99859476013512,100.05345427132403,100.70980072021484,34706800
2016-06-22,100.90236622561603,101.40993592028791,100.19350726672812,100.31602478027344,27226100
2016-06-23,101.35742272826143,102.31131664277281,101.27866433689887,102.23255157470703,30240300
2016-06-24,97.96190228353157,99.7996710956691,97.57684354465833,98.34695434570312,74945400
2016-06-27,97.20056402663624,97.20056402663624,94.68019526642605,95.11775970458984,58358800
2016-06-28,95.95788828136202,97.0342931237449,95.8878763647198,96.58798217773438,42040600
2016-06-29,97.75186335098411,98.93329231928571,97.60309308925922,98.78451538085938,34031600
2016-06-30,98.99458182313302,100.65732136240216,98.51325826595287,100.62232208251953,42973800
2016-07-01,100.68356143116841,101.47117193408684,100.4647792522017,100.9811019897461,24401900
2016-07-05,100.65730142656794,100.86733712448589,98.95080311037334,99.4933853149414,29347200
2016-07-06,99.02791666321,100.32142259171866,98.8255285960571,100.21582794189453,24678300
2016-07-07,100.50619961207408,101.18374676214916,99.79345424839639,100.427001953125,20780600
2016-07-08,101.41254559165827,103.03162335742675,101.32455340236628,102.76764678955078,37964800
2016-07-11,103.44517949317844,104.2107255305104,103.3659885479576,103.9555435180664,26987300
2016-07-12,104.71233155365111,105.96183843661059,104.5627441197846,105.34588623046875,44153000
2016-07-13,105.88260550340989,105.93539946776691,104.66829061621519,104.9322738647461,28050200
2016-07-14,105.85620466968186,105.90899863211799,104.97626949109222,105.0378646850586,19345400
2016-07-15,105.49543691661678,105.6274285472058,104.95867587536185,105.3282470703125,23857300
2016-07-18,105.17866347131346,105.90021013599421,105.00267909978096,105.50424194335938,17422400
2016-07-19,105.38104963028827,105.56583523105968,104.65070174625845,104.97628021240234,19734100
2016-07-20,105.19624836633528,105.97939010158736,104.65948739542692,105.66261291503906,22390500
2016-07-21,105.6010317752114,106.12019035296161,104.93227910202839,105.16106414794922,19018700
2016-07-22,105.22264444104552,106.16417476147136,105.02025640729165,105.9441909790039,17796100
2016-07-25,105.72420193165196,105.99697966004862,105.38102778516199,105.78579711914062,13694600
2016-07-26,105.76822179669486,106.44577574629372,105.52184098352207,106.29618835449219,19551100
2016-07-27,106.47215415836014,106.8857247569165,105.90019496276882,106.59534454345703,21064700
2016-07-28,106.36654063467891,106.6833177724976,106.05856472662498,106.32254791259766,16540100
2016-07-29,106.2169752381468,107.14090986654897,105.63622150775294,106.53375244140625,30267900
2016-08-01,106.64811633547477,107.08808382318443,105.97937058778327,106.62171936035156,34771700
2016-08-02,106.61295792886081,106.65695066326116,104.80028675188797,105.1346664428711,28691000
2016-08-03,105.03786480546268,106.03218914159459,104.80027854748245,105.98818969726562,17830300
2016-08-04,105.98821328549968,106.63937029694914,105.82103012926191,106.08500671386719,17526700
2016-08-05,106.77134507933243,107.8624696747396,106.44577331794152,107.6160888671875,28643400
2016-08-08,107.66010215345895,108.10006988331646,107.37852307488512,107.56330871582031,14625700
2016-08-09,107.58968207189714,107.90645930487999,107.47529290407628,107.67768096923828,12487700
2016-08-10,107.6864543796429,107.88004117444935,106.6041379735842,106.90331268310547,19138100
2016-08-11,107.37849807326435,107.70407653436732,106.97372866164545,107.4136962890625,21144600
2016-08-12,107.20253271258996,107.75688960459787,107.02654160239938,107.5193099975586,12251200
2016-08-15,107.7568735811146,108.839196929378,107.73047659685486,108.58401489257812,22048000
2016-08-16,108.30244259980721,108.33764081879802,107.58089589392999,107.70408630371094,20244300
2016-08-17,107.73928168062844,107.79207565103509,106.76255294786345,107.3873062133789,20632600
2016-08-18,107.42249254455487,108.205634348005,107.38729433038743,108.17923736572266,16244600
2016-08-19,108.02964327716779,108.29362652673717,107.59847690201919,108.17923736572266,17379500
2016-08-22,107.950432411009,108.5311860541773,107.64245648558857,108.42559814453125,16929700
2016-08-23,108.76882518544949,109.5167690005378,108.76882518544949,109.1823959350586,21539400
2016-08-24,109.05917091932686,109.33194868325528,108.02964163237955,108.29362487792969,21533400
2016-08-25,107.897648213674,108.83917853560267,107.88884698261703,108.50479888916016,17023200
2016-08-26,108.62801769876121,109.4727615536243,107.61609740367082,108.28484344482422,26734400
2016-08-29,108.46960429696455,109.26154728420596,108.44320731628525,108.84797668457031,14013900
2016-08-30,108.9623770856457,109.26155183028894,108.56640221886327,109.05036926269531,14031300
2016-08-31,108.91839338381071,109.01518680656791,107.83607669425106,108.43443298339844,29236300
2016-09-01,108.53117606779702,108.78635801491414,107.36966217496423,108.51358032226562,22964700
2016-09-02,109.12076239513134,109.57832572999831,108.78638273371645,109.56072998046875,23083300
2016-09-06,109.9215104597686,109.96550990787443,109.08557465274333,109.66632843017578,13711000
2016-09-07,109.59593158433402,110.37907337339905,109.53433638901562,110.35267639160156,17830500
2016-09-08,110.26466769754569,110.35266658021042,109.78950192731932,110.13268280029297,16265500
2016-09-09,109.27034897182098,109.2967459526105,106.65694045969812,106.692138671875,54239000
2016-09-12,106.19938313407106,108.205634348005,106.10258972345382,108.17923736572266,33408100
2016-09-13,107.40485424409474,107.49285310683811,105.48659584893878,106.10255432128906,47536200
2016-09-14,106.2697808679148,106.8857395922646,105.84741569278056,106.12019348144531,30545500
2016-09-15,106.19059365275466,107.51929785276918,106.04100626102004,107.3873062133789,29499800
2016-09-16,107.38730097037619,107.38730097037619,106.56015966972959,107.22891235351562,31940500
2016-09-19,107.63366680276894,108.71598998635933,107.34328659334562,107.94164276123047,22807000
2016-09-20,108.40799761695393,108.4344013082079,107.48406982421875,107.48406982421875,16877900
2016-09-21,107.86243239224558,109.08554148795155,107.44006064431024,109.04154205322266,30784700
2016-09-22,109.75432520871323,110.69585564500206,109.69273001057743,110.60785675048828,36287700
2016-09-23,110.48466608766715,110.76624509466188,109.82471466064453,109.82471466064453,26118000
2016-09-26,109.2370723119386,109.56354389816609,108.61941117477352,108.73412322998047,20028000
2016-09-27,108.68116277555613,109.30764265878409,108.3635100556198,109.17529296875,16939500
2016-09-28,109.36941874542354,110.08414080086698,108.59293798323296,110.0135498046875,19426400
2016-09-29,109.96062223883143,109.97826662388847,108.26647180042275,108.40765380859375,26657700
2016-09-30,108.90175268687439,110.101772556586,108.4076292341439,109.59882354736328,31764500
2016-10-03,109.26351763341665,109.50175378406212,108.64585663542658,109.25469207763672,18674300
2016-10-04,109.43120717287825,109.68709453883852,108.22236808601508,108.71649169921875,26057300
2016-10-05,109.14000465077395,110.01354632207634,109.10470915380152,109.36941528320312,24317300
2016-10-06,109.19292665103038,109.43116280167582,108.372324993588,109.25469207763672,18937100
2016-10-07,109.44882805257703,109.69588979091952,107.8517455783434,108.38116455078125,28732700
2016-10-10,108.3811496062714,110.06646722153756,108.3811496062714,109.67823028564453,21481700
2016-10-11,109.45767113464936,109.51061102079105,107.06644972101181,107.67528533935547,31931300
2016-10-12,107.72821138836663,108.18704611575485,107.23408789603563,107.5870361328125,20210400
2016-10-13,106.75759672839338,107.12819603771182,105.98111608072637,106.69583129882812,26302500
2016-10-14,107.08408289749735,107.50761537953207,106.23701120150048,106.26348114013672,24554600
2016-10-17,106.39580267576035,106.63403877729118,106.0252101925234,106.1399154663086,17119500
2016-10-18,107.22524396375984,107.27819056595597,106.46641447283177,106.74877166748047,19158900
2016-10-19,106.91643426322838,107.60467961663522,106.32524984242276,107.19879150390625,18477400
2016-10-20,106.88996721996261,107.64880358708152,106.24584290280474,106.88114166259766,20485600
2016-10-21,106.11345567158477,107.09288356506298,105.97227372243346,106.82817077636719,21093700
2016-10-24,107.68406868539911,108.18701760237424,107.16346865867698,107.5075912475586,15421600
2016-10-25,107.48114685291146,107.6399732187429,106.41348334501643,106.70466613769531,16459800
2016-10-26,105.98111005372087,106.76641621293128,105.4075701078446,105.64581298828125,24975300
2016-10-27,105.98993385563193,106.0075782348151,104.19872306588832,104.43696594238281,29525700
2016-10-28,104.39285181659791,105.02815722012821,103.8987283835974,104.14579010009766,35473700
2016-10-31,104.27815911417261,104.68404723059794,103.9428619915415,104.56051635742188,20311800
2016-11-01,104.70169386600082,104.73698262946064,102.60165564798926,103.28108215332031,34147200
2016-11-02,103.12225229673332,103.23695760391055,101.81634593935385,101.96634674072266,29859900
2016-11-03,102.27518639517544,102.56636245779127,101.36634251536478,101.47222900390625,22717500
2016-11-04,101.73695369556475,103.14874004739652,101.51636186771829,102.12519073486328,35237200
2016-11-07,104.1192969117521,104.84283751931946,103.86340969625658,104.62224578857422,32370900
2016-11-08,104.38403752331944,105.40757992638117,103.86343739930206,104.89580535888672,26196800
2016-11-09,104.1899178573135,108.38116194731894,104.16344791911658,108.12527465820312,77416800
2016-11-10,109.6429167438376,110.64881450674136,108.1958355153822,109.85468292236328,83440700
2016-11-11,110.32237105655216,112.69594100281526,109.8988385661408,112.37828826904297,95612800
2016-11-14,113.78122429646653,114.93712293601443,113.28710092052413,113.95769500732422,83119400
2016-11-15,113.69302221060929,114.61067819957518,113.20771754458414,114.31067657470703,38704500
2016-11-16,114.04598400760088,114.70775954342835,113.85186210664953,114.30186462402344,42325500
2016-11-17,114.66363156483702,115.44011912180294,114.48716079203301,114.97246551513672,42576900
2016-11-18,115.31655549456787,115.66949693997115,114.97243287295107,115.58126831054688,41380600
2016-11-21,115.86362808197686,116.47246356848332,115.24597377097543,116.11952209472656,32293100
2016-11-22,116.57838127495137,117.26662679756295,116.18131862173063,117.17839813232422,39681500
2016-11-23,116.89597544628815,117.92834321229044,116.56068514441463,117.91070556640625,37939200
2016-11-25,117.99894279272264,118.32542775931553,117.8312908976336,118.29895782470703,13373400
2016-11-28,118.21075377599317,118.23722371912021,116.60483875238056,116.763671875,32505700
2016-11-29,116.92245792178517,117.43423244821571,116.56069764842582,116.70186614990234,27993700
2016-11-30,117.28425590298062,117.43425672320541,116.03129599534758,116.12835693359375,32491200
2016-12-01,116.69306575306555,116.95777861389652,114.96362006431127,115.56363677978516,39815900
2016-12-02,115.53717906362324,116.00483266623048,115.1665864047943,115.50187683105469,24054100
2016-12-05,116.44601851063399,117.64603862719535,116.37542750802956,117.4872055053711,27547100
2016-12-06,117.81366377742972,119.04015355800749,117.12541848840645,118.7577896118164,27820000
2016-12-07,118.75779741904284,120.16075802629472,118.39602363814748,119.9136962890625,31825800
2016-12-08,120.22253995400918,121.95198571891211,119.8254773772075,121.80197143554688,49048900
2016-12-09,122.11960909255714,122.49021514653508,121.546075826287,122.04019927978516,34313500
2016-12-12,121.72253355646872,122.26961029053695,120.45192283248853,120.75193786621094,34592900
2016-12-13,121.35195709958342,121.81079180272731,120.21370936231153,120.76077270507812,32624600
2016-12-14,120.37252502879245,121.19313347977926,118.95191337824905,119.25191497802734,45923700
2016-12-15,119.44603460708105,121.00782820395625,119.08427431471267,120.14311218261719,41352500
2016-12-16,120.31078250988891,121.3519694246251,119.6754769991205,119.92253875732422,39348200
2016-12-19,120.03723225299143,121.05196264756206,119.92253366831449,120.70783996582031,33393900
2016-12-20,121.13138276647142,121.95199136277103,120.87550217166799,121.73139953613281,31753600
2016-12-21,121.63436423584199,121.8990637125244,120.89316530955291,120.93728637695312,23215900
2016-12-22,120.99304861578193,121.16139201825101,119.44253720055751,119.8944091796875,34737900
2016-12-23,120.01844624313092,120.60320025744532,119.8501028453032,120.53231811523438,17081400
2016-12-27,120.70064809932592,121.64868143673078,120.68293770528108,121.07276916503906,13571700
2016-12-28,121.28547869012269,121.36521606297747,119.46030671913486,119.83242797851562,22712400
2016-12-29,119.86782329617918,120.72725075342215,119.33622746408462,119.93870544433594,21312900
2016-12-30,120.14247876852352,120.16905788019409,119.07926022415883,119.47797393798828,28399300
2017-01-03,120.93105228621003,121.23229130196076,119.16789418921867,120.07162475585938,29792400
2017-01-04,120.54122481627574,122.23350100642509,120.50577697430718,122.07401275634766,34499400
2017-01-05,121.81701016525874,122.05622213055763,120.06270797010137,120.66519927978516,30286900
2017-01-06,120.86017780085649,121.12598251607417,120.21338317263596,120.22225189208984,23436000
2017-01-09,120.08929848162471,120.24878665968623,119.16785779737121,119.43366241455078,24077900
2017-01-10,119.61090843672362,120.83360204917042,119.39826195474468,120.57665252685547,21684900
2017-01-11,120.70068530675879,121.1968468806574,119.98302206455622,120.78929138183594,27428800
2017-01-12,120.63866076897992,120.69181900137922,118.361617339034,119.85897064208984,41844200
2017-01-13,120.18678460247475,121.35631975240356,120.18678460247475,120.72724914550781,27784500
2017-01-17,120.1424846447446,120.22222198365633,118.84005403164228,119.088134765625,28197800
2017-01-18,119.39822308359116,119.55771127300002,118.68056002971477,119.47797393798828,21289700
2017-01-19,119.73493613325338,120.00074082767574,117.98950198045888,118.50338745117188,34105900
2017-01-20,118.50336893036389,119.50456059781094,118.50336893036389,119.11471557617188,29286100
2017-01-23,118.75144872731535,119.3273475378386,117.94517957707386,118.6185531616211,20537000
2017-01-24,119.02613572247705,120.74499086753728,118.91981924567389,120.43488311767578,34313800
2017-01-25,121.43607586901334,121.87022401802864,121.33861459145437,121.56898498535156,29127300
2017-01-26,121.6841430369523,121.82590733741618,120.86901858836667,121.0816650390625,22255600
2017-01-27,121.17908455236208,121.41829651766098,120.1867483104211,120.66519927978516,19467800
2017-01-30,119.81466751144588,119.82353622976369,118.05152304782366,118.98181915283203,40464400
2017-01-31,118.60971235656187,120.10706583955567,118.26417028505479,119.81468200683594,32945000
2017-02-01,120.69182324862662,121.26772214573553,119.34508939643861,119.74378967285156,30010500
2017-02-02,119.87671408559243,120.20453225171015,119.15905079252933,119.44256591796875,19935700
2017-02-03,120.48806160321146,121.36519962459312,120.06276863347313,121.26773834228516,24534100
2017-02-06,120.85131757107769,121.18800446863125,119.99188992582067,120.35515594482422,23691500
2017-02-07,120.33742519400393,120.91332408722097,119.40711554240188,119.82353973388672,30342200
2017-02-08,119.82352441857414,119.82352441857414,118.62741023091237,119.61087799072266,32956900
2017-02-09,119.61091172884875,121.60442692432956,119.61091172884875,121.29431915283203,28267600
2017-02-10,122.08284254731609,122.59672799377783,121.56010190190057,122.21575164794922,27287600
2017-02-13,122.95113026743678,123.34097530473397,122.34863879541744,122.53470611572266,23245100
2017-02-14,122.21576517351323,123.11062706483757,121.92338134302766,122.9422836303711,27145000
2017-02-15,122.4372769071223,123.83716921687625,122.33096042162389,123.67768096923828,20253500
2017-02-16,123.56250847110994,123.89918184610599,122.45500002314476,123.33213806152344,24613600
2017-02-17,122.66761276235458,123.29668340558393,122.49041414378186,123.25238037109375,26703200
2017-02-21,123.49156048872369,124.3244085607988,123.49156048872369,124.21807861328125,21353500
2017-02-22,124.04092914851738,124.05865306668163,123.37642417093603,123.66880798339844,14890800
2017-02-23,124.005492230467,124.04978174586604,121.994253421746,122.93341827392578,24596200
2017-02-24,121.79045128948675,122.84478759765625,121.64868701431953,122.84478759765625,24512300
2017-02-27,122.57014233182417,124.0409164428711,122.45497067402465,124.0409164428711,28269000
2017-02-28,123.49160927986445,123.5802018318515,122.05626933603514,122.12715148925781,40184100
2017-03-01,123.73080035708041,124.8028741536264,123.61562870708767,124.35987091064453,35719800
2017-03-02,124.33331035299328,124.35988946998795,122.83595700514931,122.93341827392578,25937000
2017-03-03,122.97769667539502,123.52701634243623,122.16257237226164,122.84478759765625,30989800
2017-03-06,122.07401784865577,122.2423613065525,121.37407841357002,122.00313568115234,23892100
2017-03-07,121.73729191275514,122.03854440793285,121.03735270201892,121.20569610595703,29711300
2017-03-08,121.63094190267341,121.93218079536587,120.30193247321293,120.40824890136719,34115100
2017-03-09,120.34630250285234,120.9310702220783,119.51345396687424,119.92987823486328,35223800
2017-03-10,120.75384950654713,120.7715734263155,119.46914247082665,120.46147918701172,39516600
2017-03-13,120.1867761790476,121.19682304711074,120.1867761790476,120.74496459960938,21295000
2017-03-14,120.27540674633532,120.34628890302449,119.22105663459118,120.1690902709961,30037800
2017-03-15,120.7538418488932,122.28664310599892,120.47032674752641,122.02969360351562,31230400
2017-03-16,122.46382306788209,122.7207590118135,121.87905551624782,122.18916320800781,25306600
2017-03-17,122.39299260401033,122.91573343026555,121.6576052548107,122.67652130126953,33324600
2017-03-20,122.51701869300251,122.72966519106429,121.71074926383292,122.1448974609375,19091200
2017-03-21,122.72076716828575,122.8005180356358,118.6540001895479,118.69830322265625,61869000
2017-03-22,118.46797852006172,118.99957450343047,117.64398514272284,118.72491455078125,46332600
2017-03-23,118.72489335942657,120.23110198921317,118.40593041858091,119.41597747802734,37764600
2017-03-24,119.91091878970342,120.37297282079226,118.9423936669944,119.50218963623047,33514400
2017-03-27,117.96494216226718,120.01752230441706,117.64506077528567,119.72429656982422,35596700
2017-03-28,119.3155472344799,120.7550066154865,119.191149677582,120.65726470947266,26891900
2017-03-29,120.57729845280079,121.27926675231107,120.22188073341727,121.04823303222656,22119500
2017-03-30,121.12825245309257,122.07012191449624,121.07492757557054,121.96348571777344,25792900
2017-03-31,122.10564712072757,122.77206566650544,121.67914304775934,122.1589584350586,29434300
2017-04-03,122.59433365762054,122.7098505224435,120.488455788571,120.87052917480469,38834900
2017-04-04,120.78166671144497,121.33258181939657,120.2663150698423,120.72835540771484,25642600
2017-04-05,121.58140343465318,122.11453014643871,119.13786872025538,119.3600082397461,44968800
2017-04-06,119.54658001032229,120.51511847514529,118.91571146173666,120.47068786621094,41012100
2017-04-07,120.14190003428885,120.87051034315633,119.73315750127878,120.41735076904297,24300200
2017-04-10,120.37294400295643,121.59915828645649,120.09749321366422,120.68394470214844,22779900
2017-04-11,120.19527503385717,121.66139068350752,120.02644680157643,121.64361572265625,32589200
2017-04-12,121.41255041342642,121.46586171787595,119.88422974705796,119.99085235595703,25700800
2017-04-13,119.84870844847065,120.28409319503282,118.76466659412861,118.81797790527344,30207000
2017-04-17,119.12901458966113,120.23971243483217,118.78246384597738,120.21304321289062,18278800
2017-04-18,119.70655238653396,120.36409028388482,119.20896200294781,120.23969268798828,24553300
2017-04-19,120.56841705929806,121.69688932721833,120.43512524656093,120.65726470947266,34627600
2017-04-20,121.14598313314931,122.32776678959519,120.97715495961165,122.19448852539062,31934400
2017-04-21,121.94574593532197,122.22119683890509,121.47481112113336,121.9190902709961,29386000
2017-04-24,123.58070256472476,123.8117228652334,123.05645636838297,123.43852996826172,33836900
2017-04-25,124.61142111784008,125.1800978886245,124.47812923758399,124.63807678222656,32751700
2017-04-26,124.54914708109166,126.01527560823628,124.51361073421371,125.27777099609375,41669200
2017-04-27,125.58882386851948,125.99756664241974,124.82466320643726,125.2422866821289,23004300
2017-04-28,125.31332645502428,125.43772402554383,123.54509125562947,123.5628662109375,31113900
2017-05-01,124.07822832968317,124.65578555865339,123.31406797046465,124.27371215820312,20925200
2017-05-02,124.38033460009333,124.7002159955673,123.23410084199709,123.64282989501953,17993900
2017-05-03,123.05643037293997,123.29633132567703,122.3455810991154,122.87870788574219,27050300
2017-05-04,123.09195048287931,123.26965938829102,121.83019962863966,122.70987701416016,25799100
2017-05-05,123.23413936108871,123.5007095336914,122.20340859146346,123.5007095336914,23806500
2017-05-08,123.20741469492302,123.49174611035087,122.40770462500828,122.98527526855469,16680000
2017-05-09,123.14525972490688,123.3585185428019,122.42552985720144,122.93201446533203,23988400
2017-05-10,122.65654218534726,123.93606789377898,122.49660825095295,123.6961669921875,19791500
2017-05-11,123.21635541286714,123.35852796899431,121.71468998978675,122.83428192138672,28617300
2017-05-12,122.3633380005194,122.52327194540695,121.87462834949605,122.18561553955078,24111200
2017-05-15,122.60325796633185,123.731730688873,122.60325796633185,123.13639831542969,31132200
2017-05-16,123.48290786131554,123.54509987175346,122.2833491232546,123.18080139160156,18520900
2017-05-17,121.13713856108492,121.76800727755108,119.73321500673461,119.85761260986328,50791200
2017-05-18,119.5732542122994,120.75502439769673,119.27113419392892,120.29298400878906,44805100
2017-05-19,120.52399213865328,121.51917264076657,120.3285083174071,120.87052917480469,44450500
2017-05-22,121.07490400135886,121.91015066173205,120.98605633943065,121.6880111694336,20062700
2017-05-23,121.99011818802667,122.34554951233592,121.15488508211695,122.08786010742188,16681400
2017-05-24,122.18561570854732,122.64766970272849,121.58140272704287,122.16785430908203,21256000
2017-05-25,122.74541599165957,123.1630393853666,121.91016920424549,122.2478256225586,22804200
2017-05-26,122.07012127575307,122.43441980782586,121.53698096989253,122.2122802734375,20047300
2017-05-30,121.83905479143537,122.12339982715265,121.03935810553627,121.25261688232422,25544100
2017-05-31,121.59029058513288,121.66137686213966,119.63546542156992,121.12825012207031,34345400
2017-06-01,121.48364557980051,123.50955664733594,121.08379720879299,123.46512603759766,44618600
2017-06-02,123.90942305981304,125.3044657704689,123.55400524679422,124.26485443115234,46680200
2017-06-05,124.36259508295349,124.49587337188309,123.46514274309298,123.4917984008789,20808900
2017-06-06,122.7187591253326,124.09602688517316,122.45218898498918,123.37629699707031,25460900
2017-06-07,123.38517576973523,123.98050805748804,123.05641361816197,123.4917984008789,20542200
2017-06-08,123.49174776594305,125.69538066704635,123.27850259109194,125.18001556396484,33956400
2017-06-09,125.69542655105037,126.97493874217604,125.02011376199877,125.82870483398438,56979400
2017-06-12,125.87310846818893,126.1663341861137,125.18891512636448,125.62431335449219,34665500
2017-06-13,125.99749093898699,126.45065050789432,125.70426525617098,126.2640609741211,22046800
2017-06-14,126.20189366252367,126.21077436167003,124.79797037319655,125.5177001953125,33021900
2017-06-15,124.12270147302313,125.26893562549247,124.12270147302313,124.87796783447266,27376800
2017-06-16,124.42472205849523,124.59355017510237,123.75830384555965,124.56689453125,35608400
2017-06-19,124.89573363482445,125.80206676041063,124.85130301486326,125.4910659790039,25163300
2017-06-20,125.18007286786938,125.26003984504517,124.13156723105422,124.22042846679688,20111900
2017-06-21,124.44256410927949,125.10898268156232,123.70505926228802,123.909423828125,23351400
2017-06-22,123.8383424617496,124.74467555230653,123.5184609920425,124.38036346435547,17917200
2017-06-23,124.52250218488747,125.35774877096998,123.99825628368842,125.20669555664062,20772500
2017-06-26,125.36665352675999,125.75762124278857,124.57583739509128,125.35777282714844,22988300
2017-06-27,125.37551192369735,125.8375522211016,124.17595346156507,124.25592041015625,24610100
2017-06-28,124.99350715733716,126.40631174415165,124.75359259558516,126.15751647949219,25085400
2017-06-29,126.38849865990865,126.48624058522567,124.08712306532017,125.41107940673828,38794900
2017-06-30,125.50881719695434,125.88200992905497,125.0823131543135,125.21559143066406,22798500
2017-07-03,125.58874841067266,126.61947864875643,125.55321206653521,126.2640609741211,12968200
2017-07-05,125.90865499981759,126.04194682328203,125.02009707665964,125.8109130859375,21865500
2017-07-06,124.87300924995269,125.35491088330248,123.8913814780806,124.16802215576172,30563400
2017-07-07,124.426820616652,125.5423160906601,124.20372152185038,125.37277221679688,20511000
2017-07-10,124.8640589927144,125.72968428738199,124.37323842096212,124.828369140625,17206000
2017-07-11,124.73915767700267,125.27460092072292,124.02523789100478,125.19427490234375,16192900
2017-07-12,125.87250604885891,126.91660812905299,125.8368025699243,126.15806579589844,19358600
2017-07-13,126.00638750495804,126.32765080092403,125.2746294300241,126.26519012451172,16559300
2017-07-14,125.91713152432033,126.98800443023461,125.91713152432033,126.47933197021484,15465300
2017-07-17,126.36331668352207,127.13077801678241,126.05989160431766,126.77381134033203,15374600
2017-07-18,126.30977403927436,126.60426647032033,125.86357586197217,126.44364166259766,16653300
2017-07-19,126.61313443500094,127.73754836501983,126.61313443500094,127.70185852050781,16985500
2017-07-20,127.71978248838927,128.07674925786867,127.43422268969569,127.79117584228516,17047800
2017-07-21,127.6216230137209,127.90719643978744,126.9434065521485,127.21112823486328,21662700
2017-07-24,126.9969460153838,127.45207695336114,126.69353446799236,127.38960266113281,16694000
2017-07-25,128.1659147221848,128.72812858397486,127.80004269514454,128.54965209960938,21066400
2017-07-26,128.63891319721697,128.63891319721697,127.65728549840397,127.83576202392578,13574900
2017-07-27,128.04102822343964,128.21950477527272,126.31870975376248,127.02369689941406,24355800
2017-07-28,126.73811190570075,127.04152334509517,126.24729127321837,126.6845703125,19933300
2017-07-31,126.91661217158212,127.05939885809363,125.80111671487568,126.28300476074219,16417700
2017-08-01,126.87199798896997,126.8987687923437,125.8011250033543,126.52396392822266,19835900
2017-08-02,126.35439905159191,126.55966002132455,124.69454125488913,125.14073944091797,19934300
2017-08-03,125.3281361314708,125.4173675896162,124.18586997887111,124.51605224609375,19624900
2017-08-04,124.85518028022763,125.2210660625756,124.48037543619606,125.1229019165039,16473500
2017-08-07,125.32811737060547,125.69400305982468,124.67667199442621,125.32811737060547,9176200
2017-08-08,125.30139455735583,126.53289245533274,124.65886799454623,124.93550872802734,27248700
2017-08-09,124.150174800072,124.39112562525392,123.40056514049216,123.85568237304688,26534300
2017-08-10,123.40060781323973,123.40060781323973,121.59796276545615,121.60689544677734,40983500
2017-08-11,121.5533135757207,122.02628255479104,121.16065700059337,121.78533172607422,32779600
2017-08-14,122.49027959163668,123.67716799804094,122.46350879890363,123.6325454711914,21710900
2017-08-15,123.86461265918172,123.88246439841387,122.56170803297988,122.61524963378906,16646000
2017-08-16,122.85619490359188,123.49872131804695,122.44570023800968,122.65094757080078,21858600
2017-08-17,122.24047211721665,122.8740796410638,120.40213745538992,120.41105651855469,32722900
2017-08-18,120.00053162689078,120.88400886653356,119.6881874749368,120.40210723876953,42401900
2017-08-21,120.19689577482097,120.49138827592577,119.70607493964633,120.32183074951172,21504100
2017-08-22,120.70548979720259,121.76744331918465,120.59840662419049,121.6246566772461,25170600
2017-08-23,120.94645840191373,121.87455809459404,120.66089869277909,121.42835998535156,18381900
2017-08-24,121.9370614303319,122.1958504328459,121.38377993861137,121.80320739746094,15726600
2017-08-25,122.15119934082033,122.53492318053976,121.74069108688057,122.15119934082031,17163000
2017-08-28,122.58845146565193,122.80263143796053,122.05302196020678,122.66877746582031,16333300
2017-08-29,121.80318317542486,122.98113928110978,121.57115140873695,122.6955795288086,20277600
2017-08-30,122.57960317875498,123.60585386936847,122.48143900354822,123.48091888427734,15915500
2017-08-31,123.96275364438958,124.88192059828715,123.74857366427263,124.69451141357422,29260600
2017-09-01,124.91762688897082,125.49769263844338,124.69452781999364,125.39952850341797,17412500
2017-09-05,125.49771373322159,125.7297319018784,123.66829833672696,124.19480895996094,21908400
2017-09-06,124.70344497107024,124.93546307183941,124.11446023425064,124.45357513427734,18399700
2017-09-07,124.5695510899719,124.65879613437352,123.67715511348344,124.14120483398438,18159800
2017-09-08,123.98061546888272,124.73023873418,123.70397478555672,124.23941802978516,21870500
2017-09-11,125.28351605701371,125.75648500683147,125.14072938090992,125.54230499267578,22617700
2017-09-12,125.86356291595592,126.44362865691728,125.66724826567211,126.30976104736328,22679600
2017-09-13,126.19374968001763,126.91658842199833,126.11343729021652,126.6845703125,25052500
2017-09-14,126.52390469798323,126.86301953781744,126.20264159100407,126.56852722167969,18353800
2017-09-15,126.39903256178494,127.13972324889242,126.3187201493838,127.086181640625,23184000
2017-09-18,127.27357510982989,128.3355290454106,127.2557369853029,127.9518051147461,24427400
2017-09-19,128.12136261597513,128.22844583069286,127.69300252332629,127.9518051147461,16346300
2017-09-20,128.08561828341368,128.52289729886672,127.8446675102551,128.3622589111328,20244700
2017-09-21,128.5229317734902,128.73709819207,128.0410300979091,128.2284393310547,17395900
2017-09-22,128.2105673781548,129.10296362658647,128.11240324615184,128.7727813720703,25203000
2017-09-25,128.74603132902448,129.34393527783504,128.22843978746718,128.95127868652344,30012800
2017-09-26,129.07559744851656,129.84491685909472,128.9771956524012,129.3618621826172,28238100
2017-09-27,130.27434757562,132.2692059754075,129.85390467007923,131.89349365234375,66351700
2017-09-28,131.72354107636446,132.4481301879514,131.3030981215174,132.2423858642578,29291400
2017-09-29,132.322855300102,132.77907440615434,132.16184160967944,132.55543518066406,21738700
2017-10-02,132.67169922186682,134.18350219726562,132.46595500712283,134.18350219726562,29772400
2017-10-03,134.2819561273178,134.478759765625,133.5842027369039,134.478759765625,28372800
2017-10-04,134.2640165446772,134.72918986698056,133.6378295626452,134.04933166503906,22024700
2017-10-05,134.44295805304364,134.74711779003243,134.06724577190485,134.41612243652344,22538500
2017-10-06,133.92412540095017,134.48768699085954,133.79888797543077,134.228271484375,19350800
2017-10-09,134.35350173426983,134.79182587524957,133.4499905378407,133.6736297607422,13981300
2017-10-10,134.12093098691935,134.4429720685902,133.65577115217263,134.05831909179688,21951900
2017-10-11,134.1298831807067,134.35352243807085,133.70049962852747,133.9599151611328,15137100
2017-10-12,133.700451798332,134.19244706864043,133.30684466220356,133.86146545410156,17185600
2017-10-13,134.1119889572826,134.17461450162105,133.49474241957856,133.61997985839844,15464400
2017-10-16,133.83467435156004,134.49665145063057,133.3158296495626,133.50369262695312,20653100
2017-10-17,133.53050545478604,133.97778388190747,132.84169285505985,133.11900329589844,18046800
2017-10-18,133.73628594431054,134.10305762988963,133.36057360171415,133.75418090820312,20541700
2017-10-19,133.08324109343167,133.5841908007771,132.54650146421542,133.54840087890625,17164900
2017-10-20,134.46080897258165,134.5502700982507,134.0582612067735,134.1656036376953,25224500
2017-10-23,134.3177144724994,134.3177144724994,133.02060968397532,133.1637420654297,14676400
2017-10-24,133.63785891397947,133.98673556986884,133.32475852926996,133.44105529785156,17527700
2017-10-25,133.23533495766748,133.28900619900523,131.69669567331448,132.7969970703125,27235300
2017-10-26,133.23533767989568,133.5931550626969,132.85067102601906,133.07431030273438,15205900
2017-10-27,133.1816452985496,134.1030378803824,132.66280062093935,133.9956817626953,32744100
2017-10-30,133.1816115082545,133.69150175094086,131.84871705481908,132.58226013183594,30524800
2017-10-31,133.10113303623095,134.031479981205,132.96695494313704,133.52157592773438,22449400
2017-11-01,134.63081388198833,134.65764949708603,131.89347194318185,132.63595581054688,31585500
2017-11-02,132.60912866999675,133.49473132452664,132.14395522881725,133.02957153320312,28176600
2017-11-03,132.82384297203558,133.2532402356905,132.44813060373176,132.9401397705078,22312700
2017-11-06,133.0653122175129,133.62888731956335,132.74327125203442,133.09214782714844,15576800
2017-11-07,133.11003690965782,133.15476747369394,131.08833007398061,131.4998321533203,29549300
2017-11-08,131.1957324589911,131.90242648070043,130.46218916950318,131.6787872314453,30682500
2017-11-09,130.84681937764378,131.8487185676479,129.96120328300267,131.2135772705078,40144400
2017-11-10,131.24047181696525,131.58934852314394,130.91843073050356,131.115234375,17823700
2017-11-13,130.54266474881845,131.33883338928874,130.15801188418308,131.15097045898438,14680000
2017-11-14,130.6589296632683,131.04359608403234,130.23848698584825,130.79312133789062,19682200
2017-11-15,130.02384767591656,130.7931671369829,129.2634688696824,130.27432250976562,23925200
2017-11-16,130.79316836793507,132.7522364832948,130.7752734082475,132.1886749267578,25889000
2017-11-17,131.72353129398337,133.31584181967412,131.6519650889137,132.7969970703125,25816700
2017-11-20,133.07426422648075,133.80780735205354,132.68961135564635,133.76307678222656,22793000
2017-11-21,134.36242958307352,135.33749322602486,134.23719217617932,135.15858459472656,29392300
2017-11-22,135.32853660148845,135.76687429881568,134.95282442514454,134.9796600341797,14136600
2017-11-24,135.26596451820316,135.4090832585376,134.87235727010744,135.0333709716797,6816300
2017-11-27,135.34646084870806,135.63271195698306,134.5771413735525,134.6218719482422,18416900
2017-11-28,135.095992389547,136.840375685975,134.7739513463714,136.74197387695312,35898300
2017-11-29,137.17137605016023,137.94964997282062,136.82249934340123,137.19821166992188,38234200
2017-11-30,137.85124628306946,138.25379422389884,137.11770295323424,137.4486846923828,32230700
2017-12-01,136.8850860595703,137.5023324387106,133.06532468203295,136.8850860595703,62734800
2017-12-04,138.5668600664341,139.02309282699252,136.24102028753782,136.3751983642578,36366800
2017-12-05,135.43588465331754,136.83140463026822,135.0065012410995,135.01544189453125,29667200
2017-12-06,134.51448810514333,135.24803115921998,134.1387759249524,134.38031005859375,21273800
2017-12-07,135.35537159884856,135.87421612093652,134.20139946599653,135.31959533691406,29675200
2017-12-08,136.10687939702072,136.22317620685183,135.32861896165326,135.44491577148438,20832400
2017-12-11,135.46268104648354,136.0888815015859,135.09592326402333,135.39112854003906,26654100
2017-12-12,135.7042477750826,135.90999199278232,134.91704716611537,134.97071838378906,25854800
2017-12-13,134.90811192196873,136.6077780709109,134.90811192196873,135.7758331298828,30082600
2017-12-14,135.8384695566532,136.15155627904744,133.8614928187201,134.2729949951172,32882600
2017-12-15,135.12279223776923,137.09081424740265,134.7023494968657,136.18731689453125,42851600
2017-12-18,137.46654568181572,138.40583307818716,137.27869639245378,138.03012084960938,22714300
2017-12-19,138.43269023073685,138.45058519198324,136.7062018415025,136.93878173828125,24313600
2017-12-20,137.53816562460952,137.7081336717979,136.72411531958056,137.20718383789062,19042800
2017-12-21,137.6013069814223,138.30170405547457,137.45763227352074,137.80783081054688,16772600
2017-12-22,137.72708486293797,137.73605939838808,137.2062740736349,137.5564727783203,13599400
2017-12-26,137.38582885746828,137.77193931606206,137.29602871745325,137.6372528076172,11949600
2017-12-27,137.5743703132625,138.23884186257996,137.2151835418719,137.50253295898438,15949900
2017-12-28,137.60130533518313,138.0592530468695,137.39476780695526,138.04129028320312,10167300
2017-12-29,138.41848898958335,138.41848898958335,136.8381076083827,136.90097045898438,21006500
2018-01-02,137.5654098765918,138.25683256234814,136.90093819301296,138.1939697265625,20489600
2018-01-03,138.1670344436963,138.69683333358734,137.85276136490998,138.337646484375,21836600
2018-01-04,139.15478384088274,139.31640764996828,138.30173732258356,138.705810546875,14207100
2018-01-05,139.07391334062098,139.16369974064645,138.22984171126495,138.9930877685547,19883900
2018-01-08,138.9392467545504,139.42414549780753,137.8347764862482,139.20863342285156,18457300
2018-01-09,139.39723174388126,139.63069292166472,138.93927021995177,139.0200958251953,16571300
2018-01-10,138.7058347676351,139.33439474868933,138.2119613176711,139.03807067871094,18516800
2018-01-11,139.24461634412762,141.57029525925302,139.16379071922145,141.42662048339844,26522400
2018-01-12,141.5881714509362,142.64775525049245,141.39961039356749,142.01919555664062,24089800
2018-01-16,142.64781470355604,143.14168813369642,139.90009996696696,140.2053985595703,27704700
2018-01-17,140.79803840108076,141.82169704085734,140.33110230351886,141.5343475341797,18571600
2018-01-18,141.1751707719379,141.42659473311494,140.42987342217083,140.56455993652344,17903600
2018-01-19,140.7351375305579,142.49511852945005,140.57351375290781,142.414306640625,31040900
2018-01-22,142.2347351223423,143.17758178710938,142.15392321719654,143.17758178710938,12702400
2018-01-23,142.98899079643843,143.94081179569426,142.4771547676453,143.63551330566406,16904600
2018-01-24,143.99472734403997,144.23717677935278,142.23474585687617,142.74658203125,20340900
2018-01-25,143.34820884362898,143.59963282035204,142.06415165547767,142.8004608154297,20290900
2018-01-26,143.24945404083644,143.39312881935513,142.5670193952442,143.31231689453125,16120300
2018-01-29,142.82735060393804,143.545710456267,142.4322520000784,142.50408935546875,18293300
2018-01-30,141.57026067245624,142.07310856351657,140.73516323070595,141.1392364501953,24533800
2018-01-31,141.64212499862776,142.2527222106669,140.0078553400878,140.4029541015625,27468900
2018-02-01,139.8372013926585,141.16617204723042,139.65761483710378,140.84291076660156,21413000
2018-02-02,140.19638308298488,140.2143321467814,137.8437540759756,138.131103515625,33314100
2018-02-05,137.08952678887036,138.09522275050372,132.77040517315157,132.82427978515625,52622200
2018-02-06,130.6782035981452,135.02426305092055,129.51985819376466,134.41366577148438,69232400
2018-02-07,134.3417549829796,135.40132510720127,133.44380862621924,134.54827880859375,37101000
2018-02-08,134.68301069993674,134.69198523305113,130.59735107421875,130.59735107421875,44704500
2018-02-09,131.78260722607922,132.84219109079444,127.95736053834194,131.79159545898438,53315300
2018-02-12,131.9263511407348,133.7222448622829,130.63330546896708,133.03981018066406,36213900
2018-02-13,132.3393848024263,133.6054791957759,131.9083605350599,133.32711791992188,25021200
2018-02-14,132.56387733486585,136.05688949273576,132.15979035363574,135.72463989257812,36286900
2018-02-15,136.68542714138067,137.26908692766224,135.19483255596415,137.20623779296875,23773600
2018-02-16,137.03564958097994,138.5441934948534,136.97278673377875,137.69114685058594,27973900
2018-02-20,136.9817129878737,138.0772085874543,136.19151584677988,136.55967712402344,24046200
2018-02-21,136.86499292091997,139.01108433592356,136.4968315970368,136.703369140625,26735500
2018-02-22,137.2152344223761,138.310730503581,136.40708786483523,136.48789978027344,16340000
2018-02-23,137.36783122197082,138.30170311540897,136.62253409406847,138.26577758789062,18065200
2018-02-26,138.75968329731012,139.4151804613681,137.80786211897401,139.17274475097656,15267700
2018-02-27,139.3433477459021,139.9719213313805,137.1613440700234,137.17031860351562,18125500
2018-02-28,137.51150516299657,137.9245665177117,134.97031531740834,135.00624084472656,29951800
2018-03-01,134.73689487039277,136.10177758745925,133.2373256391591,134.6470947265625,38943200
2018-03-02,133.53362983420632,137.16132765982167,133.255254910319,136.80215454101562,31842300
2018-03-05,136.32627302790291,138.5172514417802,136.0119862058281,138.0233917236328,19603700
2018-03-06,138.6699201109298,139.53195508231912,137.2062761190563,139.5139923095703,17304000
2018-03-07,138.69685375612937,140.91476950679942,138.4813416148687,140.74417114257812,22684600
2018-03-08,140.8877975844138,141.39963365605283,139.630677989894,140.456787109375,23391300
2018-03-09,141.25592038984436,142.77345172305164,140.86082185320197,142.7016143798828,24927200
2018-03-12,142.99796402510378,143.3571371040346,142.31552969450533,142.95306396484375,15310100
2018-03-13,143.67148250309225,143.9408692731016,142.00130097093057,142.2886505126953,17757200
2018-03-14,142.97106785968705,143.12371714722607,141.34578660236016,141.61517333984375,18097500
2018-03-15,141.96534570291362,142.0012575338589,140.41188840840152,140.90576171875,14172100
2018-03-16,140.95963069912938,142.1179892992055,140.75310685087706,141.69595336914062,36000300
2018-03-19,141.1302724291672,141.16619796782027,138.68785646074005,140.3311004638672,25663000
2018-03-20,140.6813223360063,140.99560919401185,139.87317570339306,140.2952117919922,11418500
2018-03-21,140.3670362346408,142.10904134210205,140.25927331240464,141.11231994628906,22213500
2018-03-22,140.09709482860228,140.961106204374,137.98204266242942,138.01805114746094,29774800
2018-03-23,138.2070381844273,138.54905010279225,135.00296989620466,135.0479736328125,35744100
2018-03-26,136.8840162141414,138.04504951568194,135.38997996145525,138.0000457763672,28442400
2018-03-27,138.29703314772718,138.33302789383012,134.74195800868387,135.32696533203125,32820600
2018-03-28,135.6689674965254,136.21798003442396,134.45393547115984,135.28195190429688,26510900
2018-03-29,135.97507021605716,137.79311508934066,135.67806186547966,136.65008544921875,22617700
2018-04-02,136.3709974578898,136.8660110709981,132.46490127435382,133.31993103027344,35040700
2018-04-03,134.12094587063459,135.5429787117486,133.4729305573874,135.22796630859375,29857800
2018-04-04,133.65299026530195,137.3250740700721,133.4459894792155,136.9470672607422,29619700
2018-04-05,137.73901228076426,138.25203011450068,137.09101071515622,138.08102416992188,17301600
2018-04-06,137.13600002104437,138.0630192318194,134.23793543076536,135.32696533203125,25762700
2018-04-09,136.263016126171,137.34305106217042,135.38100041277187,135.48899841308594,18997000
2018-04-10,136.92905983440727,138.55809404628513,136.50604928142917,138.0450897216797,23420000
2018-04-11,137.50501551169225,138.88204462257738,137.370018043257,138.342041015625,14884600
2018-04-12,138.99010108624591,139.87213069523094,138.54009102447623,139.287109375,14413200
2018-04-13,139.76409844386586,139.80010693412802,138.1620639575792,138.55807495117188,19813600
2018-04-16,139.35908063061203,140.24111003704883,138.70206993660426,139.83609008789062,18846900
2018-04-17,140.59210805985177,141.74413237942701,140.3671030953533,141.35711669921875,18624200
2018-04-18,141.77113116540258,142.54514878872354,141.44712346882142,141.73512268066406,16974200
2018-04-19,141.42910417373463,141.7891065835251,140.29508422300415,140.75408935546875,16174500
2018-04-20,140.44811789139544,141.0511296182702,139.63809168523605,139.99810791015625,21480600
2018-04-23,140.20510866991458,140.66411390686605,139.11609220580968,139.79110717773438,13268200
2018-04-24,140.31309687962772,140.970121294368,137.87405064187212,138.9900665283203,24859700
2018-04-25,138.92704172658657,139.32305259271342,137.6670196372837,138.7830352783203,21981400
2018-04-26,138.9810282882394,139.8720526573785,138.5490227152672,139.4220428466797,14862900
2018-04-27,139.39506601176544,139.8360669086695,138.40503877404083,139.22406005859375,17734300
2018-04-30,139.52108944061357,140.088092641862,137.96404511791766,137.99105834960938,15624600
2018-05-01,137.7120288484114,138.86405312884222,136.54201405934546,138.6660614013672,24977500
2018-05-02,138.4050668717768,140.20510677254978,138.3150593834523,139.18807983398438,16786800
2018-05-03,138.70206131722628,139.0530685136604,136.94702533505574,138.4320526123047,20985900
2018-05-04,137.9370599794335,140.85312971754337,137.52305847086433,140.1601104736328,17927900
2018-05-07,140.57409642716001,142.07712786300732,140.49309794016995,141.34811401367188,16303500
2018-05-08,141.23111898790455,142.05014038085938,141.078117255135,142.05014038085938,17281200
2018-05-09,142.21215852222244,143.1931907819974,141.64515524778653,142.81517028808594,15758500
2018-05-10,143.0131527613915,144.1561818488778,142.8871505281168,143.58016967773438,15828700
2018-05-11,143.598222602277,144.12023595515987,143.13920352078068,143.85922241210938,14413600
2018-05-14,144.02115815072995,144.62416970974775,143.14813793148647,143.3101348876953,15028500
2018-05-15,142.84221909023242,143.634227567042,142.35620046745336,143.33721923828125,17544900
2018-05-16,143.54417022835264,145.19120819504437,143.52616598612727,144.83119201660156,21004400
2018-05-17,144.90317606694006,145.80319579406392,144.67817113515912,145.4971923828125,18639700
2018-05-18,145.75817570342628,146.09119230367307,145.3981733462623,145.68617248535156,17579800
2018-05-21,146.13619786476698,146.91922436148118,146.1272026115031,146.6492156982422,15667300
2018-05-22,146.93720293526226,147.00021090262598,145.47018024614002,145.58717346191406,13212000
2018-05-23,145.2002176497704,146.05523384071938,145.0202164095518,145.77622985839844,14235700
2018-05-24,145.73124321795842,146.11825897640188,144.5612144194024,145.8302459716797,12785000
2018-05-25,145.578193861899,145.94720525359386,145.32618943176868,145.56919860839844,11150200
2018-05-29,144.79521884097576,146.01023757458336,144.1021996107695,145.37123107910156,20986900
2018-05-30,146.1272271705214,147.95426641456586,146.1272271705214,147.67526245117188,25169000
2018-05-31,147.6752856182895,147.9452943692664,146.10924584919582,146.4962615966797,28573700
2018-06-01,147.4502027466104,147.9452162397835,146.9551892534373,147.45919799804688,21108200
2018-06-04,147.89131752021444,148.24232482910156,146.99129737094307,148.24232482910156,14836000
2018-06-05,148.09827669333467,149.19630206555584,147.9092664724842,149.16029357910156,13283600
2018-06-06,149.1422990594575,150.2403106689453,149.02529208144747,150.2403106689453,16661300
2018-06-07,150.4023288380952,150.5103268334772,148.71028699996913,149.4213104248047,17571900
2018-06-08,149.45732263794017,149.95233639662345,149.18731388472966,149.871337890625,17569800
2018-06-11,149.97929125512738,150.40230163815838,149.66427884794717,150.09629821777344,15923000
2018-06-12,150.23132177804922,151.14934593184753,150.0603157977794,150.78033447265625,16166700
2018-06-13,150.99630524712876,151.0862989750167,149.96127437733958,150.186279296875,19853700
2018-06-14,150.7443244829839,151.0593231798207,149.9523026473484,150.98731994628906,19248100
2018-06-15,150.5193291853638,151.08633236933358,149.88030903002922,151.03233337402344,24922600
2018-06-18,150.2763104665214,151.75234242221356,150.0603007657326,151.74334716796875,18616500
2018-06-19,150.7983158319069,151.89634105449116,149.88928707120326,151.75233459472656,24605900
2018-06-20,152.5083500016902,153.18336484123725,152.0583401086588,152.9763641357422,19216900
2018-06-21,152.98532645246803,153.07533390498088,150.99629084410017,151.54530334472656,26946200
2018-06-22,152.112332765709,152.28333871525547,150.58230193974356,151.04132080078125,33638200
2018-06-25,150.51933314684453,150.63632639535777,147.72926596120698,148.57528686523438,37005100
2018-06-26,148.71025623509163,149.99729159106192,148.36825807606255,149.43927001953125,20464000
2018-06-27,149.5922689971725,149.86226390006004,146.9822038258453,147.0452117919922,27511800
2018-06-28,146.91015739432535,147.80118151139234,146.03713750989158,147.49517822265625,26759100
2018-06-29,147.88222955402952,148.54824905276578,147.2522185326359,147.39622497558594,24146500
2018-07-02,146.48716685373057,148.4672207129613,146.23516249586623,148.4132080078125,24283600
2018-07-03,148.81524914994876,149.6733616388371,148.77008243307108,149.00494384765625,13561300
2018-07-05,149.81786957961532,150.73017649354543,148.8874932247618,150.7030792236328,18640500
2018-07-06,150.82047346486456,152.14829450145496,150.41400073146667,151.97666931152344,19597500
2018-07-09,152.66318711269005,152.9522430241892,152.10315851284105,152.93417358398438,16565200
2018-07-10,153.17806540643323,153.44001027063328,151.3624794487127,152.2386474609375,18790700
2018-07-11,151.40764310166117,152.3018944006955,150.89278116557162,150.9469757080078,23912600
2018-07-12,151.8141042422587,151.97668784226525,150.522408138341,151.67860412597656,19617600
2018-07-13,151.61540693772687,152.4102831968615,151.22698974609375,151.22698974609375,15409100
2018-07-16,151.5340995644561,151.77798878504296,149.90820818173188,150.63986206054688,15946900
2018-07-17,150.62178617836597,151.75088502528027,150.47725821805417,151.3082733154297,15134700
2018-07-18,151.17277477237508,151.80506731905317,150.4591904231835,151.73280334472656,13780000
2018-07-19,151.54310850464444,152.87995744911143,151.0824274336407,152.8076934814453,18398300
2018-07-20,152.4735194375126,152.93418683055307,152.06704658683626,152.18446350097656,17570700
2018-07-23,152.02189767582615,152.78967675413475,151.57928588977958,152.37417602539062,12335000
2018-07-24,153.06062198792097,153.34063626934693,150.14303471156083,150.74822998046875,25831300
2018-07-25,150.79343646767535,151.2992706298828,150.07081032897304,151.2992706298828,18401200
2018-07-26,151.4437497666257,152.98834902923713,151.30824965641625,152.11216735839844,20944200
2018-07-27,152.2025388720111,152.40126139038475,148.8513671148432,149.27590942382812,28777100
2018-07-30,149.2668815457953,149.96241035987808,148.20101875026884,148.3184356689453,20093700
2018-07-31,148.61654384635247,150.5043942972936,148.49008529420686,149.82693481445312,23567300
2018-08-01,149.6732987618252,150.16107704647584,148.58936692684978,149.7274932861328,17942600
2018-08-02,149.00490977885931,151.03728752714568,148.9868403396503,150.82049560546875,18292200
2018-08-03,150.9831027853415,151.4618396270565,149.59205897379985,150.29661560058594,21734900
2018-08-06,150.18822711594566,151.30828443329978,149.8540044602984,151.1366729736328,16288800
2018-08-07,151.65151109865664,152.19348401304913,151.38956625256463,151.49795532226562,15045700
2018-08-08,151.49792832958795,151.74181747590475,150.38689921427567,151.36244201660156,14789500
2018-08-09,151.43471659248462,152.3922038959669,151.34439696358942,151.75086975097656,10437800
2018-08-10,150.89280006252469,152.35610802334108,150.81150823868987,151.3263702392578,20521900
2018-08-13,151.5159897849753,151.79600400569245,149.83589067773187,150.4410858154297,20517200
2018-08-14,150.7663401842372,152.29288429425384,150.74827074034044,151.9315643310547,17683100
2018-08-15,151.479914787702,151.5883176610317,149.1765501364321,150.025634765625,27479900
2018-08-16,150.72115821302657,151.90445168399182,150.56760241281196,151.41668701171875,15484700
2018-08-17,151.27215707382967,152.17543620424823,150.78437862495406,152.06704711914062,15106700
2018-08-20,152.48252027889095,152.81672908628133,151.59731075007832,152.49156188964844,12547300
2018-08-21,152.78058911028944,154.78586932519136,152.76251967347773,154.243896484375,20661200
2018-08-22,154.0903597190067,154.9033190804208,153.93680394453756,154.623291015625,14329200
2018-08-23,154.5419830214137,154.93040011385548,153.71999591808014,154.15357971191406,12945800
2018-08-24,154.59619212793953,155.1652622966696,154.47877523277842,154.99363708496094,11894300
2018-08-27,155.46335636348334,156.2130796217833,155.02074467134648,155.21946716308594,15880400
2018-08-28,155.50851109769565,155.79755320154987,154.55103759282963,155.36398315429688,13170300
2018-08-29,155.38207320577695,156.05953252451846,154.8762391197212,155.81564331054688,13157900
2018-08-30,155.5175379991121,156.47501149827428,155.2013986306218,155.6891632080078,14199600
2018-08-31,155.32788096818047,156.61956347258226,155.31883935604498,156.2853546142578,12240500
2018-09-04,156.0775778451137,156.37566157957033,154.56910351591375,155.58981323242188,17923500
2018-09-05,155.52654883699583,155.57171553697273,153.88258846478232,155.1742706298828,15166100
2018-09-06,155.5175081203283,155.79752234085805,153.9367702327463,154.12646484375,16647700
2018-09-07,153.74712658844425,154.8671837414492,153.2503203756063,154.04519653320312,17248000
2018-09-10,154.68651800867752,155.0749213358941,153.90969757130165,154.23487854003906,11067100
2018-09-11,154.09938964799753,155.0026685702415,153.55741678147413,154.48779296875,14078400
2018-09-12,154.27097211584882,154.5419584982586,152.95219285529583,154.11741638183594,21572300
2018-09-13,154.71360821693852,154.9484557680586,153.79225988371914,154.15357971191406,14570500
2018-09-14,154.252954352299,155.30074748780237,153.91873175929416,154.803955078125,15734900
2018-09-17,154.84007250541862,154.94846156646213,152.97029228770515,153.15997314453125,20023200
2018-09-18,153.37680351903578,154.19879085929753,153.22324771639558,153.8013458251953,13018000
2018-09-19,153.81032681968145,154.52392485442343,152.7173670916525,153.2412567138672,17593500
2018-09-20,153.89163120294762,154.7316877985017,153.38579719325372,154.659423828125,16918700
2018-09-21,155.13819457714794,155.2014307336922,153.75617857525359,153.91876220703125,32539000
2018-09-24,153.79225296946203,154.00904485663236,152.43733468626584,153.3496551513672,15786700
2018-09-25,153.60260313138627,154.0271453817793,153.42195008041878,153.58453369140625,13758500
2018-09-26,153.90147297063612,153.99204607309292,151.95427564345127,152.18069458007812,17787200
2018-09-27,152.48869413393408,152.78756893193068,151.93623111088374,152.1898193359375,14471900
2018-09-28,151.65540820810295,153.0592084459184,151.65540820810295,152.6516571044922,22740300
2018-10-01,153.3218603124919,153.349043302257,150.13389123422795,150.6410675048828,27893100
2018-10-02,150.50523947245358,150.82223161800755,148.6938873710476,149.01087951660156,28440300
2018-10-03,149.5995412460579,151.00334168046098,148.99274004037767,150.31503295898438,26027200
2018-10-04,149.8350074212475,150.02519160140773,147.74289852238826,148.2047882080078,29463000
2018-10-05,148.3044009786853,148.6757313451476,145.50586628606118,146.8643798828125,31240100
2018-10-08,146.51124723818282,147.08181386441183,145.4063211347238,146.55653381347656,21330700
2018-10-09,146.37533488346293,147.3897012911444,145.79570285886672,145.98590087890625,20620400
2018-10-10,145.65082168039112,145.80478494281735,141.6115006196403,141.79263305664062,46921800
2018-10-11,141.11339191293658,142.48097167795694,139.03033410452096,139.08468627929688,68877400
2018-10-12,140.8869796978742,141.06811216398924,137.56314988536295,139.1118621826172,53492600
2018-10-15,138.89447166901212,140.64241971257522,138.1518107169464,139.62806701660156,32747600
2018-10-16,140.63341032935395,143.87573303958362,139.51036677769437,143.67648315429688,35569100
2018-10-17,143.25981338518412,143.2960481616711,141.18582156564258,143.06057739257812,24140100
2018-10-18,142.56242742340473,142.76167719997466,139.80916532144673,140.37974548339844,31042700
2018-10-19,140.80544710426346,141.61149818162903,138.33295552395415,138.89447021484375,34214200
2018-10-22,139.40164739568857,139.8816545671452,138.1337065313727,138.59559631347656,28218300
2018-10-23,136.69365925389192,138.46879012835126,134.87325563928474,137.3548126220703,37228100
2018-10-24,137.14646380530317,137.64458820125563,132.06563642513123,132.18336486816406,40412400
2018-10-25,132.88985083076005,135.6884004941198,132.60004166371735,135.0453643798828,32311300
2018-10-26,133.6233996154277,135.32607451827806,131.0512836954524,133.56906127929688,36986100
2018-10-29,135.06343296825935,136.42194663297485,131.38639152688526,132.83546447753906,33031300
2018-10-30,132.99850497316865,135.7517534946507,132.7358512360155,135.60684204101562,29017200
2018-10-31,136.9925174107357,137.53592842202391,135.8785400390625,135.8785400390625,36785400
2018-11-01,136.65745902544677,139.26581047920808,136.58500328289563,139.01222229003906,28496400
2018-11-02,139.52841365508516,140.280126238839,138.0612232590566,139.4740753173828,26671600
2018-11-05,139.51025402880836,140.0717822605859,137.97967397539065,139.3653564453125,16940900
2018-11-06,139.15710204458395,140.47939499178884,139.03937357017116,140.05372619628906,15572900
2018-11-07,140.70583082728,142.56246948242188,140.19865445347963,142.56246948242188,22127800
2018-11-08,141.83789137687285,143.00620710947177,141.59335503488094,142.1820526123047,14987700
2018-11-09,141.28546621155706,141.3126353879592,138.523151448004,139.54656982421875,20654400
2018-11-12,139.49220128867543,139.62804714129246,136.6121448375409,136.7842254638672,21886800
2018-11-13,137.30048033915023,138.6499286679362,136.1140332294167,136.34951782226562,18468500
2018-11-14,137.49973293898069,138.0793650092772,134.474764684462,135.353271484375,24549100
2018-11-15,134.48387333067788,137.4816595514836,134.15782932306473,137.28240966796875,24482000
2018-11-16,136.40384783232966,137.92537671074427,135.9057233234972,137.6083984375,29323500
2018-11-19,137.37289187538997,137.68988391742383,134.37510733767283,134.8188934326172,21540900
2018-11-20,133.36079710577397,134.42948820133364,131.85737156025675,132.2196502685547,25907000
2018-11-21,132.9351199844704,135.2808174691429,132.70870098820043,134.0672149658203,17902300
2018-11-23,132.97137865428743,135.217451631381,132.96231304831574,133.94044494628906,11134800
2018-11-26,135.23554888720884,136.21366682001897,134.71025514135496,135.6793212890625,15346400
2018-11-27,135.1087540863988,135.60687870575185,134.30270290945313,134.55630493164062,14461800
2018-11-28,135.12683411148885,137.99782489882375,133.76832033593195,137.88009643554688,26125900
2018-11-29,137.309569709827,138.33298824161477,136.24993021050366,137.50881958007812,15134500
2018-11-30,137.1736545429502,138.44159505929645,136.82949333729258,138.22422790527344,20304700
2018-12-03,139.82732719338773,139.9088347225942,137.68087934049703,139.54656982421875,23379800
2018-12-04,139.2476732984956,139.59183457182056,133.26115488878446,133.60531616210938,41077900
2018-12-06,131.73055788568968,133.31549072265625,129.90108868441192,133.31549072265625,37581200
2018-12-07,133.261159888582,134.27551253915334,129.75619835386124,130.43545532226562,28525100
2018-12-10,130.66187018398946,131.06942158825345,128.10785743010405,130.05506896972656,30776600
2018-12-11,131.9388890855424,132.4007927461851,128.9592207639128,129.9192352294922,29229300
2018-12-12,131.214357275562,132.9170189396094,131.10566674671435,131.16001892089844,27894800
2018-12-13,131.54034965456896,131.94790097429163,129.09501409720278,129.30332946777344,23205400
2018-12-14,128.36141352238667,129.71992707694656,126.88517152370142,127.34706115722656,24037200
2018-12-17,126.9191544517109,128.01869645083912,123.72959663129119,124.5110855102539,36468500
2018-12-18,125.63779526638035,126.47380384577951,123.84764178833302,124.35652923583984,42277200
2018-12-19,124.31110570575598,126.01946523546506,121.08519346322586,121.7667236328125,47676600
2018-12-20,121.43053069914987,122.13932110739516,118.34091832901723,119.75849914550781,57908100
2018-12-21,120.29462707054834,120.8125828071774,116.29631521722882,116.65070343017578,59404800
2018-12-24,116.06914444840218,116.74158566568892,114.35168189507576,114.38803100585938,28575700
2018-12-26,114.75151520016782,120.04019642748872,114.32442181449339,119.88570404052734,40182700
2018-12-27,118.37724836132546,120.38548278808594,116.19635047709481,120.38548278808594,39527900
2018-12-28,120.3855217998625,122.68454982689434,119.53133484295341,120.7308349609375,35994400
2018-12-31,121.51228170689532,121.81215663280656,119.76756620994777,121.67584228515625,29173400
2019-01-02,120.10378524088098,122.8299058485402,119.53129547622729,122.36647033691406,27295100
2019-01-03,121.68497078185497,122.34832308076618,119.63128386694227,120.176513671875,29294600
2019-01-04,121.6940363951018,125.03808527239421,121.50321569523368,124.66551208496094,35355300
2019-01-07,124.7291310890909,127.55521071418059,124.25661338220773,126.84642028808594,30477900
2019-01-08,127.94592492544241,128.84553581648552,126.66464496246877,128.791015625,27320900
2019-01-09,129.23627308688359,130.2994583039778,128.69104349904657,129.85418701171875,25764600
2019-01-10,129.09089855462543,130.5993553195728,128.44572442765602,130.5266571044922,22896800
2019-01-11,129.95420194312828,130.84474491575725,129.6543269257047,130.5630340576172,22428400
2019-01-14,129.7815040463945,130.34489779155342,129.1181381388366,129.26353454589844,29185000
2019-01-15,129.6270356026433,130.5357425157099,129.11816194984874,130.35400390625,25678900
2019-01-16,130.56309115303,131.98976862959037,130.55400906941662,131.326416015625,20827300
2019-01-17,130.84472139720262,132.9710923758905,130.82654337541604,132.51673889160156,19273400
2019-01-18,133.21642391199288,134.41590969117206,132.67119427960608,133.87977600097656,28306700
2019-01-22,133.08921508741693,133.36181605745523,130.89922818966562,131.7624969482422,27741100
2019-01-23,132.05330271637413,132.8347773945866,130.36310720803368,131.39903259277344,20621300
2019-01-24,131.24451238786713,132.4530940581826,131.1536500301514,132.1895751953125,16976300
2019-01-25,133.2346305357179,134.1615156599301,133.0619739682326,133.88890075683594,22266900
2019-01-28,132.6348714805213,133.4981403030831,132.09872384625163,133.17100524902344,22784700
2019-01-29,133.31641577250596,133.41637410141163,132.5621872663575,132.85296630859375,12084800
2019-01-30,133.5617384400038,134.79758039862477,132.38041667774206,134.306884765625,25516900
2019-01-31,134.13425129955368,135.66996846800512,134.06155306998426,135.45187377929688,27252900
2019-02-01,135.71539021244055,136.01525130778498,135.0156819698453,135.56089782714844,17057900
2019-02-04,135.76990723158187,137.18748783944233,135.28829366264895,137.17840576171875,21301700
2019-02-05,137.22383318356944,137.75998082852203,136.52413880697964,137.32379150390625,18295900
2019-02-06,137.2510966284372,137.55097159675665,136.39692371155635,137.15113830566406,13720600
2019-02-07,136.23333647266216,136.94212674378042,134.84301602810194,136.0243377685547,22850800
2019-02-08,135.45179181787324,136.2151019678215,134.94291838457443,136.169677734375,13463000
2019-02-11,136.56955404908544,137.35104253856886,135.96981803241385,137.3056182861328,16374800
2019-02-12,138.05077857095475,139.20484045033086,138.01443638852456,139.02310180664062,20779900
2019-02-13,139.41383361816406,139.72279068665048,138.75956343444625,139.41383361816406,15534500
2019-02-14,138.65052420273167,140.2771037312631,138.4869497225291,139.7318878173828,18251000
2019-02-15,140.6496810191627,141.97639945959935,140.18624539909732,141.95822143554688,27240200
2019-02-19,141.3493383607415,142.75783660262323,141.3493383607415,142.34890747070312,15856900
2019-02-20,142.35808616500697,143.19409520078386,142.23994978126726,143.0214385986328,18317400
2019-02-21,142.78513669237955,143.00321750034252,141.8128135376494,142.47616577148438,17497000
2019-02-22,142.91242875832558,143.82113623512285,142.75795015116313,143.7120819091797,20411800
2019-02-25,144.55708532245157,144.93874053017515,143.65746056196784,143.7483367919922,17957100
2019-02-26,143.58477101008626,143.74834546084136,142.567023728114,142.7578582763672,21497300
2019-02-27,142.2035960600296,143.06686513501214,141.86736496413585,142.95782470703125,18194900
2019-02-28,142.7487684632909,143.10316361175092,142.09449836370823,142.46707153320312,18155300
2019-03-01,143.53025994434375,143.88465510012662,142.4398143777632,143.79379272460938,19247100
2019-03-04,144.06641360577657,144.28450829550843,141.38573050700663,142.49435424804688,23301800
2019-03-05,142.6124515601353,142.62153363672402,141.72192275263777,141.83096313476562,16798200
2019-03-06,141.77649065951167,141.83101086892472,138.92315081880804,139.0503692626953,29604600
2019-03-07,139.05035004608905,139.1593904498459,137.55097516558973,137.83267211914062,26822500
2019-03-08,137.0693573275426,137.90536608398259,136.86035860487465,137.79632568359375,20466800
2019-03-11,138.2233868656696,140.22253897966596,138.03255234368697,140.20436096191406,20854500
2019-03-12,140.30437497273385,140.83142677070043,139.7591590155677,140.27711486816406,18966800
2019-03-13,140.77685493292552,141.51290521791083,140.62237644176017,140.8313751220703,24109100
2019-03-14,140.75867350625919,140.8677277476734,140.12258153869692,140.25889587402344,14217500
2019-03-15,140.42247102959487,141.64013490342916,140.2407324293723,140.6314697265625,22025900
2019-03-18,140.90405706023233,142.16715880405056,140.3770055164124,141.53106689453125,24510200
2019-03-19,142.19451861036296,142.23995674985608,140.45889815422237,140.81329345703125,18633100
2019-03-20,140.80592340901444,141.6077216846196,138.8652273504418,139.63967895507812,29463200
2019-03-21,139.15676279871647,142.19082478972203,139.15676279871647,141.47103881835938,31845000
2019-03-22,140.49613989290972,140.8059205284268,136.27762054924295,136.3231658935547,40663000
2019-03-25,136.19562370261522,137.8721124248026,135.22072243907982,136.92453002929688,26454700
2019-03-26,138.00878054976954,139.23881088303312,137.38920528695908,138.36412048339844,21308600
2019-03-27,138.22743721686604,138.68300188333384,136.19560879445376,137.8265380859375,23477100
2019-03-28,138.30032526207603,139.3390122201138,137.51675342336463,139.0565643310547,19473300
2019-03-29,140.0223346423568,140.2865699069424,138.58276268051438,139.48477172851562,28298900
2019-04-01,140.57814625200743,141.15216221162476,140.0588097336121,141.00637817382812,20075200
2019-04-02,141.10657763478193,141.11569782471415,139.86744134138493,140.64190673828125,18253500
2019-04-03,141.89927573007785,142.2728281600053,140.9790262812053,141.37081909179688,19554700
2019-04-04,141.48015600477078,142.1452764982468,141.07925688999737,142.0632781982422,15909500
2019-04-05,142.4094877687984,143.47550719731217,142.3092630070034,143.3935089111328,21379000
2019-04-08,142.910651800741,143.5028803490254,142.19997198170717,143.15664672851562,14202400
2019-04-09,142.55530421761,142.77396636386152,141.14305094456972,141.4072723388672,18534200
2019-04-10,141.66241945245469,143.3753474663476,141.52575558016906,143.3297882080078,18938800
2019-04-11,143.52110361333587,143.66687374783987,142.87419563731245,143.1475372314453,12218700
2019-04-12,144.0769200540646,144.10425282832006,143.14756402117843,143.66690063476562,14120300
2019-04-15,143.91287397451327,144.04955171477914,142.59173923499068,143.2021942138672,10964000
2019-04-16,143.69421085908758,143.86731375121445,143.02907644698143,143.539306640625,16782900
2019-04-17,144.0404643095317,144.05869079292847,141.4073005193985,142.22732543945312,17108500
2019-04-18,142.2364137004718,142.3913040328777,140.91527882770103,141.8081817626953,23276300
2019-04-22,141.50750811085427,141.96307282122478,140.78772198567077,141.4346160888672,15596800
2019-04-23,141.5621548096096,144.00398856160575,141.55304852159762,143.566650390625,23396100
2019-04-24,143.6122233652553,144.58713857657676,143.38444099656138,144.01312255859375,18053100
2019-04-25,143.34797570998802,143.4755332570113,141.65327464083308,142.81951904296875,19365100
2019-04-26,143.01086010514194,144.40488681276014,142.5006160222029,144.20443725585938,16999100
2019-04-29,144.52331478057857,145.4253377280471,144.40487743390565,144.89688110351562,13698900
2019-04-30,145.0062433755203,145.04269633828835,143.01088160002186,144.22267150878906,24127500
2019-05-01,144.56888456653905,144.62355010017936,142.78307892154945,142.85595703125,17734300
2019-05-02,142.7193197807116,144.09512027693197,141.84462937135314,143.5211181640625,22715700
2019-05-03,144.24090233004478,146.3638356363737,144.13157124391475,146.26361083984375,20178800
2019-05-06,144.12244212723957,146.7920585043752,143.96755179723573,146.4276123046875,21262100
2019-05-07,145.15200618111905,145.6622363633555,142.3639527548057,143.5301971435547,25434500
2019-05-08,143.28420851177725,144.04044760360063,142.72841900587005,142.82864379882812,16113700
2019-05-09,141.6988254637033,142.72839206678657,140.07701650392914,142.3092803955078,25259900
2019-05-10,141.76257268937303,142.89237777323035,140.01320649363458,142.70103454589844,26544700
2019-05-13,140.0314496940719,140.3321239999488,137.72629391841085,138.15452575683594,26936500
2019-05-14,138.45524875173592,140.4688372166812,138.2183461774601,139.8948211669922,15519200
2019-05-15,138.85610549801387,140.68748436445424,138.5554450509894,140.35035705566406,18410600
2019-05-16,140.77857827453482,142.30016248464102,140.71480645515746,141.22503662109375,13772100
2019-05-17,140.14993589624913,141.47107079203394,139.09302241852856,139.25701904296875,21534000
2019-05-20,138.4278931068646,139.2388116782909,137.95411579447492,138.29122924804688,18689800
2019-05-21,139.06568663634667,140.35036854150403,139.02012738518926,140.14993286132812,11659100
2019-05-22,139.6032297691708,139.94034315480377,138.49165093236374,138.97454833984375,13922600
2019-05-23,137.63524762125334,137.63524762125334,135.37564990130042,136.11366271972656,26379400
2019-05-24,137.01563820068128,137.66253226356127,136.47806130987144,137.38919067382812,16093100
2019-05-28,137.58962401946076,138.17274618751318,136.28671585597215,136.2958221435547,14042200
2019-05-29,135.61248605141935,135.6944843544102,134.26401853667005,135.15692138671875,22622300
2019-05-30,135.53047309675142,136.28671202672797,133.97243599470747,134.78334045410156,17739100
2019-05-31,133.19799795331494,133.79022645217069,132.4053198911815,132.89732360839844,25411300
2019-06-03,133.1433373638249,134.1273587375392,132.4144310978072,133.36199951171875,26554500
2019-06-04,134.7742357814306,136.93360763566665,133.4075419187032,136.81517028808594,21217600
2019-06-05,137.3618505181928,137.48030177801104,135.40292805212357,136.84251403808594,18184100
2019-06-06,136.7787367866174,137.1431968768184,135.1295948488092,136.4871826171875,20772500
2019-06-07,136.98830145496478,138.04520092039547,136.6876271052605,137.45297241210938,17107500
2019-06-10,137.99052867075946,139.53033940066143,137.99052867075946,138.2638702392578,18912300
2019-06-11,139.28431693893646,139.61232400842044,137.19783717939143,137.85385131835938,15373000
2019-06-12,137.74456894659394,138.2912522783714,137.23433858506013,138.00880432128906,11957600
2019-06-13,138.77411601357815,139.5667941388429,138.37321685509397,139.46658325195312,14839400
2019-06-14,139.29348907951356,139.34815462769419,138.23657547224306,138.2456817626953,16154800
2019-06-17,138.86096412573332,139.8027342458359,138.67809871486867,139.19927978515625,12509300
2019-06-18,140.14106922086333,141.86002106199737,139.21757574834677,140.8176727294922,22100800
2019-06-19,140.9822853463984,141.4485943803785,140.25994791632675,141.32058715820312,15625000
2019-06-20,142.68299134257174,142.83842772061416,141.21090099552998,141.9880828857422,17595700
2019-06-21,141.84177794720978,141.87834546240657,140.45197519012174,140.76284790039062,19854400
2019-06-24,141.13769033047697,141.18341017503948,138.97984481346163,139.05299377441406,24002600
2019-06-25,139.26336788367132,139.437095021223,138.06558261117817,138.20272827148438,17462200
2019-06-26,138.70554608639603,139.18100737861715,137.84606319529033,137.8826446533203,15726900
2019-06-27,138.2850004578033,140.5982831187797,138.2850004578033,140.47027587890625,22278400
2019-06-28,140.7628523027704,142.65554565139462,140.75371391162085,142.18008422851562,35089900
2019-07-01,144.04533863263,144.49337094317144,141.9240738304736,142.72869873046875,22850500
2019-07-02,142.65556348952947,142.74698926768386,141.0463135344798,141.86007690429688,19024600
2019-07-03,142.2714844265309,142.9480879289474,141.87831048844114,142.87493896484375,9115100
2019-07-05,142.17091786209727,143.31384435929542,141.5948784429528,143.25897216796875,14156700
2019-07-08,142.82923833232192,143.07610039956123,141.6223013077522,141.8966064453125,9735700
2019-07-09,141.3023193714746,142.11608269139188,141.24746111759706,142.08865356445312,12381600
2019-07-10,142.82007941127011,143.14924277082864,141.58572727672927,142.33547973632812,17325400
2019-07-11,142.53662957031077,142.5823494143912,141.009681649841,141.6405792236328,14260800
2019-07-12,141.85091129312514,143.2498523913234,141.61318757344628,142.73782348632812,16678000
2019-07-15,143.14930047669904,143.17672960507454,141.58578435232025,141.9880828857422,12194300
2019-07-16,141.84175894313995,142.82009680067048,141.42115584014988,141.9423370361328,15152700
2019-07-17,141.94231786412436,142.03374360338915,140.56165386936746,140.92739868164062,14155100
2019-07-18,140.88172412719422,141.73205492958726,140.5616990575399,141.457763671875,15705500
2019-07-19,141.6680396993395,142.1160579959829,140.64398193359375,140.64398193359375,17182600
2019-07-22,141.0280188421183,141.4486080620587,140.25996148303457,140.51597595214844,14474600
2019-07-23,141.06460191121613,141.46691439324906,140.38798419582042,141.44862365722656,15493200
2019-07-24,141.07374182689722,143.96306427293388,140.91830544838652,143.78933715820312,23823100
2019-07-25,143.7161260015937,143.77099818651922,141.8051564696207,142.05203247070312,17902500
2019-07-26,142.25320773319058,143.935592218354,142.1800587618696,143.73443603515625,14260300
2019-07-29,143.72530627746522,143.88074261895508,142.27150700846553,142.77438354492188,13192200
2019-07-30,141.77775818461973,144.3196258544922,141.45774710418797,144.3196258544922,1200
2019-07-31,144.26478965248796,145.59058193511763,142.2258121708784,143.1492919921875,40445900
2019-08-01,143.4418387868742,144.62133268811314,140.43364870133308,141.0736846923828,38070200
2019-08-02,140.2142395565928,140.57997048447405,138.32154642786878,139.51019287109375,30148300
2019-08-05,136.95003613180205,137.07804335324045,133.68584500925263,135.322509765625,39221500
2019-08-06,136.14545204352206,136.87692807832622,134.75566292431358,136.56605529785156,24283300
2019-08-07,135.24933304180345,136.88601141414432,134.12469740190895,136.5294189453125,23952100
2019-08-08,137.2883273570133,139.5559036072976,137.14204336646242,139.47360229492188,19415600
2019-08-09,139.06217681369662,139.1170350640908,137.17863580753792,137.7180938720703,19313200
2019-08-12,136.9774835304097,137.26092713343184,135.62426215868672,135.9351348876953,15963000
2019-08-13,135.6333853221829,138.78786002215134,135.02077832435933,137.3980712890625,21912600
2019-08-14,135.2767673889219,135.304196506682,133.23779057557243,133.5578155517578,28235800
2019-08-15,134.06069233002833,134.1064121769831,132.3874463840008,133.02749633789062,24202400
2019-08-16,133.621859585067,136.15458932018856,133.59443045757507,135.89857482910156,22783400
2019-08-19,137.4437923887613,137.96495968045247,137.10547661694443,137.2700653076172,17023400
2019-08-20,137.07805493196196,137.16034230589284,136.22772416452554,136.37400817871094,13324100
2019-08-21,137.718059656043,137.74548877442535,136.95915482674144,137.49862670898438,13446100
2019-08-22,137.763781914604,138.13866514137416,136.36484104567057,137.17860412597656,12979100
2019-08-23,136.4380177903254,137.2517810363036,132.5154855735686,132.97265625,36974600
2019-08-26,134.22529807069859,134.45388338282453,133.22866945824717,134.4355926513672,19167100
2019-08-27,135.28593891160946,135.340797154908,132.28688674446647,132.4423370361328,24546200
2019-08-28,132.1771572191592,134.76474440282811,131.89371368891707,133.987548828125,20115500
2019-08-29,135.45968938883436,136.5020381541886,135.28597622106219,136.33746337890625,18786300
2019-08-30,137.05060673846944,137.12375571125537,135.35906987817776,136.09054565429688,18727100
2019-09-03,134.8195981412437,135.61508441927356,133.49380628017866,134.09727478027344,20688000
2019-09-04,135.3316753887156,135.65170048258085,134.5727702975655,135.17623901367188,13107500
2019-09-05,137.01405490917412,138.89759583082716,136.57516102222735,137.69065856933594,25666700
2019-09-06,137.79119855788207,138.27579821622587,136.99572627941916,137.05972290039062,14645900
2019-09-09,137.67239932633262,139.19934787920224,137.20607625601315,138.89761352539062,25780100
2019-09-10,138.68726925684166,140.7628277283001,137.96494583334842,140.67140197753906,29576200
2019-09-11,141.2840273556504,143.6978879282162,140.40625353301667,143.5515899658203,42970500
2019-09-12,143.7161419745359,144.3744687494318,142.24406604793018,143.588134765625,38648300
2019-09-13,144.32874344573324,145.30708113549613,143.67041675935144,143.83499145507812,31042800
2019-09-16,143.52416568436007,145.15169220363788,143.27728960845508,144.37449645996094,23242600
2019-09-17,143.88073444873123,144.07275224304476,143.04868059293887,143.99960327148438,22986700
2019-09-18,143.99052264357894,144.00881338351354,141.7869698167206,143.11276245117188,19735700
2019-09-19,143.36872370193362,144.30135576741245,142.20750630336875,142.4178009033203,21531600
2019-09-20,142.30807615703483,143.23155582653266,141.22000780235223,142.11605834960938,22707200
2019-09-23,141.59489685410685,142.59152554083477,141.32059166876434,142.00634765625,14944600
2019-09-24,142.358665993053,142.48712314506224,139.3215608985078,139.8629150390625,27576700
2019-09-25,139.72530646681307,141.63382298654895,139.284883885576,141.395263671875,21917500
2019-09-26,141.2300911904331,141.2300911904331,139.42250637133907,139.8170623779297,20641600
2019-09-27,140.22082293636242,140.58783949601727,138.09208768816833,138.6976776123047,20181900
2019-09-30,138.8903032413596,139.7069266746708,138.35811963302055,138.86277770996094,16905400
2019-10-01,139.56937332062898,140.7071472270165,135.84410007980009,136.13771057128906,34093500
2019-10-02,135.45869135808562,135.45869135808562,133.83461458157868,135.11001586914062,24894600
2019-10-03,134.59616513714226,135.7431090571182,132.98125913731675,135.55960083007812,25362800
2019-10-04,135.7889792616848,136.94509360459887,134.99069683371104,136.8441619873047,18640400
2019-10-07,136.5138754670031,137.69752963623097,135.90828561301592,136.6056365966797,15762800
2019-10-08,135.26599228786105,135.73394042166487,134.0639971592572,134.38514709472656,18110600
2019-10-09,135.37608015795868,135.5137218304057,134.55028612639833,134.99989318847656,10929500
2019-10-10,135.19256907825854,136.25693638597258,134.97236480823506,135.54124450683594,16349000
2019-10-11,137.4405728092224,139.43167970473976,135.51371549211174,137.8351287841797,29236300
2019-10-14,137.55063199232964,137.77083616552594,136.8074149062442,137.33041381835938,10692600
2019-10-15,137.78927285968064,139.58768734457672,137.44059737773145,138.90869140625,16801200
2019-10-16,138.74353080160125,139.71613709344984,138.6792952159071,139.0554962158203,13119100
2019-10-17,139.7345010734995,140.85391974445386,139.51429674530115,140.69793701171875,13175800
2019-10-18,140.3216865062776,140.84469960302752,138.96370895801047,140.028076171875,14490200
2019-10-21,141.4594660849207,142.20268346527766,141.2209068025776,141.34017944335938,17450300
2019-10-22,141.48701604856848,142.2669436075156,141.06494847609835,141.49620056152344,12471800
2019-10-23,141.61545064315993,141.991651594,140.89058827517175,141.67050170898438,8728000
2019-10-24,142.17517989361684,142.27611152880988,140.81720207529565,141.46865844726562,9091400
2019-10-25,141.22092228285788,142.70735720651103,141.21173777048205,142.22105407714844,10531500
2019-10-28,142.82667635068645,144.03784219341534,142.2302569426107,143.4506072998047,15392400
2019-10-29,143.14779152256565,144.36814170229792,143.01016383344563,143.91854858398438,11978300
2019-10-30,143.86344319464112,143.88179821497448,142.47794017620566,143.44137573242188,14451500
2019-10-31,143.23039152842114,143.23039152842114,141.52373806751677,142.63397216796875,17344200
2019-11-01,143.50559031183926,145.1480215325992,143.18445447592953,145.06544494628906,18421600
2019-11-04,146.25829499390184,146.53356435728438,145.40497536827556,145.84539794921875,16182000
2019-11-05,146.25827365691933,147.23089379908382,145.8637316942281,146.0288848876953,13760200
2019-11-06,145.88208898898498,145.88208898898498,144.79936670097237,145.1847381591797,16025500
2019-11-07,146.57029058402856,146.96483264782583,145.1297220237649,145.5701446533203,13448900
2019-11-08,145.23064416038386,146.13902890010718,144.92784924714277,145.96469116210938,11967400
2019-11-11,145.00125616457257,145.79952475802747,144.86362847631554,145.68942260742188,10508700
2019-11-12,145.82700710783794,146.69869554458188,145.42329467491936,145.73526000976562,14316900
2019-11-13,144.73520206536378,145.4325391687293,144.23054376651402,145.11138916015625,14514400
2019-11-14,144.909448282222,145.8086622246355,144.7809911477026,145.06544494628906,13054000
2019-11-15,146.1022956778318,146.15734674409327,145.29485670469705,145.81785583496094,13119200
2019-11-18,145.6343749548016,145.65272998059461,144.91868295748077,145.45086669921875,10759500
2019-11-19,145.9921875,146.53354163019435,145.25814064508972,145.9921875,15203700
2019-11-20,145.47837569682622,146.44181143007293,144.29472168144915,145.44166564941406,21314300
2019-11-21,145.72614387264062,145.79036546517543,144.26722026093282,144.7259979248047,15388300
2019-11-22,145.25817475989774,145.46920855498408,144.3773295277567,145.17559814453125,13482400
2019-11-25,145.91879178961523,148.48794896408492,145.79033463093077,148.25856018066406,24753000
2019-11-26,148.41454814016228,149.1394105611525,147.99246660334597,148.3594970703125,15496700
2019-11-27,148.99260531424932,149.49724943114404,148.71733597726487,149.40550231933594,13202500
2019-11-29,149.0201571856049,149.368818673346,148.34116123447527,148.43292236328125,9988200
2019-12-02,148.78160079608983,148.83666588011445,146.72628568426396,146.9832000732422,17190900
2019-12-03,145.72612895237842,146.58861911149307,145.06548806398038,146.5152130126953,14884400
2019-12-04,147.26759131120244,147.9282320932216,147.0840830941481,147.52450561523438,10833200
2019-12-05,148.15764409417434,148.32279731518355,147.22173383944383,147.6713409423828,11470700
2019-12-06,149.18528402834266,149.93768594927428,149.1027074274931,149.39633178710938,16486200
2019-12-09,149.33209571038438,149.70829666959622,149.00177530730718,149.11187744140625,13476700
2019-12-10,149.02010508857458,149.52476311901526,148.58885313535959,149.20361328125,13704400
2019-12-11,149.45136969509065,149.63487790330282,148.5980362257748,149.15774536132812,19612200
2019-12-12,149.33208922929254,151.4883492670165,148.8733116894176,150.4423370361328,24857000
2019-12-13,150.23130479956308,151.22226606810952,149.14859641403584,149.86428833007812,23279600
2019-12-16,151.08635235741255,151.8138880831205,150.79166483657545,150.92059326171875,20115300
2019-12-17,151.1599913795689,151.6757049560547,150.75478384028978,151.6757049560547,12980000
2019-12-18,152.0072743963064,152.20987821563017,151.3258015968942,151.97044372558594,15379300
2019-12-19,152.2098558457385,152.624267578125,151.84149298409326,152.624267578125,11919800
2019-12-20,153.0110807576596,153.2505293084108,152.61509131164038,152.84532165527344,25449500
2019-12-23,153.09394741504943,153.2044534638568,152.2835322514153,153.14920043945312,13372100
2019-12-24,153.2872918440524,153.5175220853478,152.90971087581462,153.4990997314453,4334500
2019-12-26,153.6372463075058,153.77537883142753,153.20441232969935,153.4990997314453,9371200
2019-12-27,153.9043436693941,153.9043436693941,152.34798462114307,152.74398803710938,12261800
2019-12-30,152.85451483433712,153.06633685281378,151.55602646911655,152.3572235107422,14912700
2019-12-31,152.0257057692707,153.19527987703245,151.68496934936698,152.5690460205078,17362400
2020-01-02,153.554455198392,153.56365935457293,151.24293325161483,152.6703643798828,18297500
2020-01-03,150.79168184375422,152.3296189643302,150.75483711690373,152.07176208496094,19295600
2020-01-06,150.89295586216494,152.44930100623026,150.60745846437726,152.2743377685547,17150900
2020-01-07,151.813916928038,152.26515947570428,151.2245277222343,151.7678680419922,11817900
2020-01-08,151.78627580628628,152.90058285981323,151.6941780430537,152.23751831054688,13832400
2020-01-09,152.98343918099303,153.28734489092975,152.1914463147729,152.4216766357422,11895400
2020-01-10,152.45851941996628,152.58744783598587,151.21527008166478,151.8507080078125,15353000
2020-01-13,151.89674651974622,152.90975141875384,151.0955495642909,152.83609008789062,17271100
2020-01-14,152.08094811371484,154.33720256534068,151.93359732816808,153.3978729248047,18323000
2020-01-15,153.01107263684872,154.66873383345796,153.0018684823641,154.1345977783203,15437200
2020-01-16,155.25811106849443,156.43688915118278,155.1107602951226,156.123779296875,19976200
2020-01-17,156.81447165477095,157.07232848442908,155.33178785816503,155.70016479492188,18306400
2020-01-21,155.0462653966783,155.62645014310044,154.04246484504296,154.41082763671875,17935100
2020-01-22,154.8897552264296,155.2857446392017,153.95961572287342,154.3095703125,14916300
2020-01-23,153.88595319167553,154.68715021735107,152.36642463177262,154.20826721191406,15954300
2020-01-24,154.72398178263305,154.72398178263305,151.24290041016442,152.31117248535156,20491400
2020-01-27,149.9720518141815,151.4823623098608,149.57604831509107,150.57984924316406,18539000
2020-01-28,151.49152381507682,152.3203471998956,150.56139854525657,151.83226013183594,16690400
2020-01-29,152.04413473332235,152.46775072476106,150.9390177681958,150.96664428710938,14944400
2020-01-30,149.96284329419385,151.1600439716503,149.12480141475973,150.96664428710938,21889700
2020-01-31,150.40485776438163,150.95740205543032,147.375019134383,147.83547973632812,30439000
2020-02-03,148.82089850438916,150.04571155641688,148.71959659194948,149.4839630126953,17373200
2020-02-04,151.31655866776615,152.23747985890552,151.1784261099521,151.7401885986328,15994200
2020-02-05,153.3149641287385,154.28193424134457,152.58744253194786,154.07933044433594,17807000
2020-02-06,154.6134913506551,154.85292585288892,153.57284568498062,153.72940063476562,14768900
2020-02-07,153.13997990942303,153.20445113834373,151.3994394064142,151.84149169921875,18029600
2020-02-10,151.54678554874863,152.77161239160586,151.45470186299613,152.69793701171875,11428800
2020-02-11,153.60045006360525,154.6779402987188,153.1215811281583,153.75701904296875,15005600
2020-02-12,154.7331757667535,154.98181436004768,154.05168905606138,154.81605529785156,12123000
2020-02-13,153.9964862596852,155.58967643634156,153.89518433792406,155.2213134765625,12649300
2020-02-14,155.35942051456234,155.43309590482673,154.10696698435575,154.6226806640625,16006200
2020-02-18,154.254291773669,154.77000536648012,153.26889940357944,154.29112243652344,13412100
2020-02-19,154.87133717195394,155.7646319792584,154.28194808743652,155.08314514160156,11084600
2020-02-20,154.62265176043482,155.73697250818554,153.41624733117473,155.460693359375,20383800
2020-02-21,154.85289658519306,155.29494888566109,153.1768272820484,153.8859405517578,18729900
2020-02-24,149.06030824787535,153.8490957498533,148.3604131840642,149.2537078857422,28239500
2020-02-25,149.66816257134326,149.889174732737,143.6269199227077,143.94923400878906,45047000
2020-02-26,144.63068537606216,145.95681422672604,142.02447654774357,142.28233337402344,39465000
2020-02-27,139.38145503898483,142.75201657521424,137.05152509590923,137.2725372314453,50530300
2020-02-28,133.3954933968831,137.33703654389788,132.5298248833723,134.75845336914062,72036400
2020-03-02,136.26872921725632,139.2709276698952,133.8927505189009,139.0867462158203,33569300
2020-03-03,139.14196636547538,142.0060315637722,134.73996460826743,136.25027465820312,42941300
2020-03-04,138.39608914014738,140.39448721349555,136.7752722740789,140.12742614746094,36195800
2020-03-05,137.0699257857745,140.42207882578612,133.98484779754833,135.67013549804688,32729400
2020-03-06,131.42465793382476,134.43605984925492,129.8406724987326,132.9810028076172,39688300
2020-03-09,123.52318510030271,125.4018584702658,119.95920992241841,120.05130767822266,56320000
2020-03-10,124.05731700312012,124.1401965492739,117.89635113376168,123.79944610595703,54432700
2020-03-11,120.56701963331885,121.81026905788444,114.35080061477974,115.92557525634766,51354800
2020-03-12,107.53599652000581,110.41848520598722,102.77483422586309,103.1155776977539,70114300
2020-03-13,108.95420404430116,110.47372569618003,100.88693797532784,110.02247619628906,57915100
2020-03-16,100.03047155453815,102.49854085590333,93.40904533003201,95.42586517333984,59095700
2020-03-17,96.65989469112367,101.76179931912039,92.65388861182963,99.80023956298828,59344800
2020-03-18,94.9009537793019,98.33598669199759,88.63868540275602,92.06451416015625,62296700
2020-03-19,91.77904888511767,98.35442846511462,88.12298905449357,95.6561279296875,62654700
2020-03-20,97.72814978361971,100.15938092857498,92.50652180027521,93.38140106201172,76203700
2020-03-23,93.84188850652039,94.09974536457025,88.32557149701182,92.00004577636719,63534700
2020-03-24,97.0375018554123,100.68435018501825,92.0276866020998,100.41728210449219,73386700
2020-03-25,101.21231179967228,105.39096813456483,98.01359726172002,101.6653060913086,56043700
2020-03-26,103.11675845488287,108.71911903725312,102.80243079950839,107.98877716064453,51657600
2020-03-27,103.77312043463148,107.25841500638282,102.49733761789737,104.05970764160156,39931500
2020-03-30,104.6883765035418,106.55583474977526,102.43264442684334,106.35244750976562,41552100
2020-03-31,105.94566535517993,107.39710221809702,103.50503275834151,105.81623840332031,52948000
2020-04-01,100.49121555706087,102.0443459852405,97.56060858139872,98.60527801513672,54224200
2020-04-02,97.73627140253467,102.05360211781276,96.67311533037395,99.53900909423828,43774200
2020-04-03,98.54056938054046,99.84409286742057,94.85188681340144,96.71934509277344,42189200
2020-04-06,100.85175995635161,104.78080931195802,100.78704648438885,104.12442779541016,48708100
2020-04-07,108.05345746428006,109.68054781706203,103.90253511153897,104.39250946044922,57546100
2020-04-08,106.20450240798625,110.23524497755162,104.73457923655991,109.15360260009766,52822300
2020-04-09,112.7128671001379,115.19972645242501,112.16742599268247,114.37693786621094,69528600
2020-04-13,113.57264991386032,114.18281162154975,110.12433486131087,111.27993774414062,40198200
2020-04-14,114.54335678003721,115.44934547156255,112.13970424427352,113.5356674194336,35089700
2020-04-15,108.95949653330959,110.11509953654489,107.85012047150009,108.9040298461914,34809900
2020-04-16,109.17209710461627,109.47717791638563,105.90867614209972,108.08121490478516,49501300
2020-04-17,112.69437930432987,113.45245441082064,110.9933284231559,112.84229278564453,46250200
2020-04-20,110.55881719243101,113.61885791231559,110.05035624068105,111.51103973388672,36700500
2020-04-21,108.55268438743948,110.23524149473248,107.68367602646741,108.84851837158203,31608900
2020-04-22,111.23371118116869,111.85311263566837,109.80076078035037,110.1705551147461,24333800
2020-04-23,111.03953982590812,113.61884559728216,110.64201226143317,111.25216674804688,38571200
2020-04-24,112.3523369570489,114.00716118180661,111.0210801386426,113.16588592529297,27147500
2020-04-27,114.58956396986767,118.74049405741599,114.5063639588013,117.64960479736328,39021300
2020-04-28,121.2181056345045,121.5324403140203,117.66809725243799,119.35990142822266,47292700
2020-04-29,123.40913092075628,126.51539160060868,121.9207140511087,125.23036193847656,50390500
2020-04-30,121.93918433478137,122.90065362619394,120.31210090393832,120.4692611694336,43727500
2020-05-01,117.54790063545393,117.83448782992907,113.97939915882557,115.68968963623047,43352000
2020-05-04,114.26599446663813,116.39230627270533,113.01794495144183,116.18891906738281,28498200
2020-05-05,118.39844053805656,120.108724121244,116.57720244671131,117.0856704711914,31209400
2020-05-06,117.86223680572002,118.51861833861,115.56027804202988,116.22590637207031,29836800
2020-05-07,117.7697978446792,118.79597374635831,116.9932361100248,117.81602478027344,27493000
2020-05-08,120.3305982973319,122.72500364580841,119.43384949622283,122.36445617675781,32122900
2020-05-11,120.5617120374503,122.909890325469,119.5632696933116,121.75428771972656,33983200
2020-05-12,122.27202052739798,122.29975386711013,117.26132829319039,117.38151550292969,44275300
2020-05-13,116.1611944789651,116.55872212296796,111.31690953243982,113.45246124267578,58719300
2020-05-14,110.91015234445327,113.96093996891108,108.33084565583331,113.82227325439453,55904300
2020-05-15,112.79609391276989,116.05026869329842,112.28762579710578,115.6342544555664,40236600
2020-05-18,121.52315416920413,123.31665147805893,120.94997985228272,122.66026306152344,46981100
2020-05-19,122.23505198137285,123.37216127122711,120.23816680908203,120.23816680908203,30270000
2020-05-20,122.70650377227236,124.78658847335497,122.38294350487917,123.88059997558594,35901300
2020-05-21,123.92683941438018,124.86056134059108,122.56784947726932,124.10249328613281,32716500
2020-05-22,124.49999721787489,124.85130491443833,122.97460746280778,124.70338439941406,24035200
2020-05-26,129.51073705494153,129.7788448526923,124.79588524153375,128.29966735839844,36971000
2020-05-27,130.8789766338023,132.66322084690387,126.95916628445241,132.2841796875,42682000
2020-05-28,133.80962321211172,133.80962321211172,127.19032408358264,129.1502227783203,42105000
2020-05-29,127.85587220429757,128.7618606767208,126.10860166852864,128.41055297851562,41536400
2020-06-01,128.74340299728036,130.9714087773656,128.14249513097457,129.64015197753906,25567500
2020-06-02,130.41669747548593,131.13779238970832,129.02072046716307,130.7125244140625,24666200
2020-06-03,132.82035138800683,135.0391170551644,132.3026436309469,133.86502075195312,36111700
2020-06-04,132.97753668103488,134.6046346310209,132.36737494979013,133.6708984375,28904700
2020-06-05,139.46736976113345,140.817119830024,138.25630047072246,138.83871459960938,53513400
2020-06-08,140.8448534563749,141.80630863269738,140.17922521642956,141.52896118164062,33834300
2020-06-09,139.46736884752542,140.30865093610112,137.8032982620123,138.9126739501953,39646000
2020-06-10,138.75549007627694,138.9126503122661,134.88190851612237,135.14076232910156,51774500
2020-06-11,129.56620843687472,130.3797574988616,124.59250249772712,124.8328628540039,72041500
2020-06-12,129.73260204549436,130.3704970855667,124.01929413163253,127.82817077636719,63864900
2020-06-15,123.63167043715167,131.7760726390013,123.63167043715167,130.78353881835938,57354800
2020-06-16,136.07088915242582,136.07088915242582,130.82062179888317,133.92811584472656,48957000
2020-06-17,134.12289794266368,134.49394980287326,131.08962860271964,131.50704956054688,34811400
2020-06-18,130.20840096059555,132.93557222248927,129.68894246388865,131.46067810058594,26974100
2020-06-19,133.9652294544483,134.0487108296625,129.71678045861546,130.78353881835938,50293800
2020-06-22,130.0877922473893,132.23983612931798,128.77986115583295,132.09141540527344,28983200
2020-06-23,133.87246021948806,134.18784370001117,132.32334163007357,132.64801025390625,20344200
2020-06-24,130.88555477460378,131.34935898832785,126.4423024807857,128.34390258789062,42998700
2020-06-25,127.74095489757609,130.4031863909102,126.42373855611538,130.2825927734375,37191200
2020-06-26,129.38281480981817,129.70748340933497,126.60927477090831,126.77623748779297,39100100
2020-06-29,128.66857150813763,131.71112602513898,127.1751213701927,130.9226531982422,33935200
2020-06-30,130.48667979498822,133.22312190909958,130.41246942001322,132.81497192382812,32865900
2020-07-01,133.25094727558493,134.04869110333271,131.01542168345009,131.55343627929688,26457500
2020-07-02,134.09505271733687,134.76293182135802,131.61834027083316,132.09141540527344,24022400
2020-07-06,134.80006858237192,135.15255017332498,132.58307076868851,133.046875,19858200
2020-07-07,131.88737415814109,133.05616996600725,130.31044248610345,130.69076538085938,22661000
2020-07-08,130.570133521465,132.18417698861987,129.03031456775588,131.6647186279297,27358900
2020-07-09,131.73895987671673,132.04507237265184,127.30499248865453,129.0025177001953,34647800
2020-07-10,129.067429044285,131.2565853807603,128.4366621417622,131.08033752441406,24008200
2020-07-13,132.46252300482138,134.16931958764977,129.29937399301798,129.4199676513672,34235500
2020-07-14,129.3364747592954,131.70187978450193,128.60367011123435,131.562744140625,28114000
2020-07-15,134.8928259980841,137.08198261819132,134.30842811536345,136.3862762451172,40770100
2020-07-16,135.5328556435876,136.0523140513119,134.39190134418033,135.57923889160156,30530800
2020-07-17,136.06160025974012,136.90572734381018,134.97630007487072,135.97811889648438,20644100
2020-07-20,135.54215966571994,136.21932411256557,134.64237822083936,135.3937530517578,19663300
2020-07-21,136.79441484044395,138.36207533503568,136.54395660385362,137.31387329101562,24503800
2020-07-22,136.44191227796912,137.90753520678186,136.38625804022112,137.38807678222656,24424800
2020-07-23,137.26752290978402,139.32681522780578,136.08018498010105,137.52725219726562,21704900
2020-07-24,136.62744901187932,136.9799447693465,135.0226902785692,135.5050506591797,20015500
2020-07-27,135.6070772748467,136.99848990577402,134.86498770751587,136.91500854492188,13370700
2020-07-28,136.423376293304,137.32314343338243,135.48648273612878,135.55142211914062,13268000
2020-07-29,136.35844452104772,138.6310824322288,136.3398883885542,138.538330078125,19864400
2020-07-30,136.48832176601906,138.32498273568538,135.73696110361843,137.9910430908203,23618900
2020-07-31,137.4159162767462,137.67564551241503,134.19711379808447,136.6923828125,29881500
2020-08-03,137.5550545459749,139.1134441443316,136.56252083778367,138.91864013671875,20777100
2020-08-04,138.5754381880419,140.00394910111768,138.25076953979683,139.87408447265625,20285000
2020-08-05,141.26549336680313,142.74967264034447,140.7924181235258,142.6569061279297,18190200
2020-08-06,142.66619671622388,143.25986561745998,141.8406256792833,142.60125732421875,18237700
2020-08-07,142.34151266875006,144.93881913854915,142.06322730516771,144.86460876464844,20475200
2020-08-10,145.30985180755783,147.33204550212665,145.30985180755783,146.36732482910156,24000500
2020-08-11,147.7401611195494,148.25034845742337,144.8552990681287,145.52317810058594,30359400
2020-08-12,147.18364171604532,147.38771672215066,145.1614619426886,146.1168975830078,23378300
2020-08-13,145.62530261422353,147.05381385997114,145.3099048823534,145.81082153320312,15799900
2020-08-14,144.96662658875488,146.3394829341795,144.5863037819383,145.71798706054688,13360900
2020-08-17,146.0983226541133,146.5899539726149,145.39334536728745,146.4693603515625,9744200
2020-08-18,146.42297892537357,146.42297892537357,144.43789768739555,145.06866455078125,14670400
2020-08-19,145.56960381416798,146.59924987689476,144.88318254180564,145.07797241210938,14337300
2020-08-20,143.5938327782102,145.1614937806775,143.35264545217782,144.4843292236328,15413000
2020-08-21,143.91844383376886,144.44718743868415,142.48066207481995,143.41754150390625,20685100
2020-08-24,144.57707743216065,144.95740035640117,143.1578374018817,144.9202880859375,13707100
2020-08-25,145.45829531685155,145.46758046108343,143.5845220716531,145.07797241210938,16269700
2020-08-26,145.17071833239163,145.42117657000168,143.94626841890377,144.1688995361328,13772700
2020-08-27,144.8182201527029,145.6345200812222,143.43609268321939,144.52139282226562,17508400
2020-08-28,145.26345773361152,145.82001419157154,144.4564289305926,145.7458038330078,12371400
2020-08-31,145.8107614049225,145.9777241168975,144.05758215828305,144.17816162109375,17051500
2020-09-01,143.9833694703242,145.92206752820047,143.26910707640866,145.82931518554688,15638800
2020-09-02,146.5250720069318,147.4712226610355,144.87391554948533,146.98887634277344,16763400
2020-09-03,146.67344613004033,146.8311378707751,141.8869972021541,142.6476287841797,32117600
2020-09-04,144.437915099717,144.60487782338342,138.4826565136832,141.7385711669922,30618800
2020-09-08,140.23588024859492,141.4417744219072,138.2137000221459,139.01144409179688,26447800
2020-09-09,140.4677282493114,141.72000520668772,139.6699986415427,141.1170654296875,20160800
2020-09-10,141.76639337837096,142.7403850285742,139.19691414887018,139.2803955078125,23005500
2020-09-11,139.99465398688346,140.11524760473898,136.98919776216667,138.352783203125,20851000
2020-09-14,139.68858610997663,142.32299133372942,139.4845110704001,141.9983367919922,21991300
2020-09-15,143.20419706010244,143.50102440396896,141.79422825273699,142.26730346679688,16175500
2020-09-16,142.95371184312333,145.4953636124248,142.70325364567395,143.61231994628906,22178400
2020-09-17,141.571600092797,143.22274203625463,140.7645852536301,142.56414794921875,20002900
2020-09-18,142.83310611940726,144.04827059203052,140.19870223861724,142.19305419921875,38352800
2020-09-21,138.9742868297188,139.38242260551087,135.73692866169614,137.21182250976562,40652500
2020-09-22,137.88900997034506,138.49196404079547,135.950311432126,138.2693328857422,19385800
2020-09-23,138.19111042990528,139.14086725860622,134.06613434618149,134.1499481201172,33403400
2020-09-24,134.1220007233836,136.44055483419893,132.3062724236523,134.1499481201172,31723700
2020-09-25,133.56329757135106,136.7385020198295,133.4794980213411,136.32879638671875,20689300
2020-09-28,138.15389551311125,140.08137131679794,136.31953983634008,139.69029235839844,17600900
2020-09-29,139.5319758050849,139.9323610249028,137.8093532067469,139.0570831298828,18683800
2020-09-30,139.57848537228955,141.50596034752886,138.26558307915238,139.47605895996094,29073700
2020-10-01,140.42582952927378,141.72011916853148,139.19672679231493,141.7014923095703,25872000
2020-10-02,139.12225542244477,143.00512495026516,138.73117657159946,142.3253936767578,29452000
2020-10-05,143.85246811088447,146.4782872852072,143.8431475759685,146.25482177734375,18553600
2020-10-06,147.58638669876254,149.92355401672884,145.57511139436622,145.83583068847656,36348000
2020-10-07,147.67015321860694,149.50450840379946,147.54911413581718,149.0203094482422,27049700
2020-10-08,150.58462147646728,151.10605988700442,149.5231177955507,150.71498107910156,37278600
2020-10-09,152.10239881381517,152.43761126782763,150.6684289018217,151.4971466064453,25038100
2020-10-12,152.14892411001236,152.93109586918462,151.40402027557008,152.51206970214844,20336200
2020-10-13,151.329547483505,151.98134553071483,150.36114963496595,151.4971466064453,20106500
2020-10-14,151.78579608281515,152.62383430573695,149.85833516554496,149.9980010986328,19024900
2020-10-15,148.32196622653456,151.9441169102643,147.87502095005982,151.54373168945312,22865100
2020-10-16,151.97204921867262,152.4283007777186,151.13401092435245,151.1712646484375,17637900
2020-10-19,151.66476485111224,152.73557494849652,149.01099832019324,149.36483764648438,18360600
2020-10-20,150.43566839159962,151.26438623681574,149.29967122739762,149.6907501220703,18927700
2020-10-21,149.79312662996242,150.25869861720852,148.32191744528916,148.40573120117188,17504100
2020-10-22,149.1134182398234,151.02226652017026,148.2195136364544,150.96640014648438,20673900
2020-10-23,151.8416748046875,152.08376715511892,150.14698572727352,151.8416748046875,20889800
2020-10-26,149.8397193733552,150.25873141170163,146.5434752358129,148.56405639648438,26509900
2020-10-27,148.47091753021834,149.0389159751621,147.06489511449954,147.28836059570312,20523000
2020-10-28,144.01077356925023,144.7370649498907,142.50231021796068,142.75372314453125,32338700
2020-10-29,142.2508654998963,145.0629100045808,141.22660146962767,144.45767211914062,27203200
2020-10-30,143.69414544733476,144.58803570930434,140.96588620465963,142.548828125,31764500
2020-11-02,144.11319235116278,145.1560693124599,143.08892804407955,145.0908966064453,25252100
2020-11-03,147.521190303665,150.12839728558106,147.17667144601572,149.20657348632812,30257400
2020-11-04,146.88799228785294,151.17126113766136,146.8507527727655,149.3741455078125,45226300
2020-11-05,150.8546210128278,154.17881161938521,150.76151514592192,153.55494689941406,31911000
2020-11-06,154.21609389413246,154.2999076681595,152.0558467938787,152.3538055419922,24930400
2020-11-09,164.765965006112,165.83678937176552,157.67065067732736,157.87550354003906,55052700
2020-11-10,159.41186238235596,161.39520380353196,158.06170631875568,160.80857849121094,35492200
2020-11-11,161.40449722645778,161.53485681787123,159.0952640893638,160.74339294433594,23972600
2020-11-12,159.59813266902836,160.75275675453355,156.74883328913285,158.27590942382812,33986800
2020-11-13,159.55154323271375,162.14012262940147,159.51428951309074,161.55349731445312,25440400
2020-11-16,164.33759016229257,165.5387595280945,163.3226325246249,165.3990936279297,31812300
2020-11-17,163.91863069724477,166.48859797028894,162.279821900392,166.17201232910156,26154500
2020-11-18,166.6189370683425,167.34522837128134,163.7510113711417,163.84413146972656,24377800
2020-11-19,163.55547819962356,165.36190027783687,163.01542704976603,165.10118103027344,20187600
2020-11-20,164.5052704335925,165.68782773510566,163.72311259038142,165.2781219482422,24898800
2020-11-23,166.9075733193139,169.45891316726707,166.42337442820022,168.36947631835938,24816000
2020-11-24,170.76253374324256,172.6713821889845,169.80345635684986,171.53538513183594,34945400
2020-11-25,170.86494616661875,171.61917063116488,169.36580356380708,170.94874572753906,21082700
2020-11-27,171.06979558618204,171.78678052312497,170.60422353510015,171.67503356933594,10384400
2020-11-30,171.16291617408342,171.6284882265102,167.903911807096,168.5557098388672,25481600
2020-12-01,170.95803318866,171.53533788526872,168.55568011677846,170.1199951171875,30265000
2020-12-02,169.4216735285422,170.8463229269087,168.31360972800556,170.2969512939453,20142800
2020-12-03,170.71597713027987,172.42927907755507,170.34352512717942,171.25604248046875,19603600
2020-12-04,172.28027131356242,175.47408849625438,171.2560072038223,175.24130249023438,24415700
2020-12-07,175.2692554026624,175.93968031211367,174.53365779241742,175.408935546875,14671500
2020-12-08,174.2356748937556,177.8298915941874,174.19843538230623,177.66229248046875,20165600
2020-12-09,178.79828273115635,179.53388027196917,174.96195962070632,176.3679962158203,29507600
2020-12-10,174.8316144653761,178.45376451575228,174.41260245393931,178.07200622558594,21245300
2020-12-11,176.90807915910227,178.51895453287767,175.3344432991142,177.1967315673828,30865000
2020-12-14,179.3002021601065,180.38368907375687,177.35737690610762,177.40406799316406,32237700
2020-12-15,179.11338139554047,182.04629714632716,178.15131125850485,181.84080505371094,26807000
2020-12-16,182.26113170297302,182.33585739303334,180.23424546216717,181.1869659423828,25494600
2020-12-17,181.88753469168856,183.42872559219737,181.26172296328943,183.3446502685547,23834200
2020-12-18,183.64353792601165,184.78307986054423,181.95291001153262,182.45729064941406,37033400
2020-12-21,179.2441393797377,182.86825693121642,178.85184019928917,182.36387634277344,30873000
2020-12-22,183.06443035807263,184.68033256485575,182.50399476200707,184.43748474121094,21919700
2020-12-23,185.47431278580808,186.48307422973454,184.84848675225513,186.0067138671875,18392000
2020-12-24,186.74456272117598,186.75391234040802,184.99789422098644,185.88523864746094,8904900
2020-12-28,187.89346468137782,187.91213541594732,185.06329487496478,185.19406127929688,27168400
2020-12-29,185.53964023188752,185.87589870919885,180.68258442264326,181.60728454589844,33901300
2020-12-30,182.186432919312,184.45616729867095,182.1677479309204,183.4567413330078,20595700
2020-12-31,183.65287214047223,183.8583642422926,181.78477248935573,183.1298065185547,24747700
2021-01-04,184.5121714601351,184.83909455611004,178.347451991842,180.73861694335938,33664200
2021-01-05,180.35570051635148,184.58694562833855,180.33702977922476,183.53147888183594,27442900
2021-01-06,186.32424453128849,193.1428107175073,186.0253560155266,191.04119873046875,52952200
2021-01-07,192.1433772254672,194.7680546999788,192.13402760653932,194.44113159179688,24031400
2021-01-08,195.51529827215373,195.93561780434663,191.162623066408,194.02081298828125,29017000
2021-01-11,191.56425738354457,194.39442695004436,191.32140958250523,193.85267639160156,20945100
2021-01-12,194.76807464655718,197.44879309930207,194.74005429183973,197.32736206054688,24892200
2021-01-13,197.486143240845,197.76636103257044,195.39388080122876,195.9169464111328,22782200
2021-01-14,197.3086956937197,200.82071800325974,197.20594963999136,199.83062744140625,33913700
2021-01-15,196.9070538962757,199.84931958430974,194.52522384000153,196.85101318359375,41043500
2021-01-19,199.2701635067737,199.5223609214376,197.75700752372566,199.37290954589844,19744300
2021-01-20,200.2229256897211,201.73608188044133,199.018007658679,200.25094604492188,25474200
2021-01-21,200.79272559186708,200.97019736868444,197.97189065804787,198.51364135742188,21180500
2021-01-22,196.60819453078668,201.1289932228614,195.7301852285093,200.8207550048828,24800200
2021-01-25,200.75532390172714,203.53880266773382,197.64495049789966,200.6245574951172,33985000
2021-01-26,202.03502980446902,202.39930875592376,198.73783424957887,199.23287963867188,23969800
2021-01-27,195.6834192586046,198.94325796091323,193.6191630755306,195.58067321777344,45830300
2021-01-28,196.9350454065089,198.36414038045234,193.93675369743855,194.95486450195312,32202500
2021-01-29,195.89826671771843,197.0751786242728,191.33076362232288,192.00328063964844,40591900
2021-02-01,194.44119154279875,197.6169701719135,192.19012756717845,196.72027587890625,26375100
2021-02-02,199.0927154509112,199.93336884891733,196.98176796719403,199.5223846435547,22773100
2021-02-03,199.60646317977364,200.5778830688384,197.6356172969754,200.1201934814453,23923200
2021-02-04,200.90480066079456,204.39815261052462,200.89546529216858,204.20199584960938,25400800
2021-02-05,206.36895241509765,207.20959148246945,204.34206618390607,207.03211975097656,23338800
2021-02-08,209.03097350348364,212.3375173819204,208.66669469509318,212.31883239746094,20831500
2021-02-09,212.15076643789834,214.47654165600784,211.38483864950481,213.31832885742188,19510900
2021-02-10,214.75674162514787,215.13037011980205,210.11451269103432,211.917236328125,27955400
2021-02-11,213.09412187646788,213.89740527861733,208.68540565803858,211.6743621826172,25847600
2021-02-12,211.0299133063172,212.7205558076152,209.8249950565787,212.27220153808594,17440200
2021-02-16,214.3364030133062,214.48585439790133,209.9650426549439,210.93646240234375,22999500
2021-02-17,208.8628530947112,209.91833381199112,206.38762710127378,209.28317260742188,25042300
2021-02-18,207.67662508215363,208.1996906796103,204.92118107610736,206.0420379638672,24501500
2021-02-19,207.78873202974356,211.37547996630835,207.51784959690872,210.33868408203125,31238200
2021-02-22,208.7694834722144,211.45955168642945,208.2744381761915,208.9749755859375,23272100
2021-02-23,206.3876592241777,208.2744296420034,201.34378152920084,207.1348876953125,38646800
2021-02-24,207.9381842680013,212.4496469972676,207.08820969050768,212.02932739257812,27584900
2021-02-25,211.83314746116073,212.5803901502091,203.63219137322153,204.192626953125,49961400
2021-02-26,205.04262110754277,207.57388814614302,200.64324017072943,203.91241455078125,47734200
2021-03-01,208.7414748921491,211.7584664354369,208.23709419976427,211.16067504882812,26161000
2021-03-02,210.89910966336416,211.05791068026554,206.93874741525576,207.0975341796875,26895400
2021-03-03,207.75135020779445,209.46999838116517,204.75305839753457,204.85580444335938,33407600
2021-03-04,204.0992500313607,206.1354863395095,195.6180747506407,199.13011169433594,59126500
2021-03-05,202.58609246582816,203.76299026833922,193.5444958186664,203.35202026367188,53204300
2021-03-08,204.8931627060641,207.61125101823052,203.31461627901618,204.31405639648438,40619700
2021-03-09,207.74205813880022,210.15190878202685,206.35031854664467,208.6107177734375,32247300
2021-03-10,210.72166124131456,213.86940481514688,210.34803273320063,212.2348175048828,36812000
2021-03-11,214.4111634797697,216.96111578843716,213.70127641404443,216.9050750732422,25256700
2021-03-12,216.69023638787144,218.7077732930306,216.11111577167208,218.18470764160156,23732200
2021-03-15,217.95115502691684,219.0626764577039,216.61547078821803,218.95993041992188,21497400
2021-03-16,218.58636741678447,218.65174350024296,214.00951423327118,215.2985076904297,24675000
2021-03-17,213.86938233524228,217.46547974082392,212.3655615977678,216.98910522460938,29422600
2021-03-18,215.5787217043317,217.5682383174987,209.79695049107139,210.38540649414062,35637200
2021-03-19,209.75957310805998,213.52379270997184,208.24640272104176,211.9732666015625,40855600
2021-03-22,212.6644413882422,213.05675482753455,209.3205558073408,210.3760223388672,26128400
2021-03-23,208.4425518760003,209.09638387009696,201.78277239816853,202.74484252929688,43660700
2021-03-24,205.36018429156667,206.7332386022843,198.055908203125,198.055908203125,47270200
2021-03-25,195.9017061700387,203.55660986211794,194.6758020843575,202.75181579589844,59244600
2021-03-26,204.90415225652941,206.51372594401877,202.09673337672967,206.44822692871094,34452600
2021-03-29,204.95097026192278,206.74771697438467,200.33745120969522,200.63690185546875,38078800
2021-03-30,200.62753731491037,204.6421405638709,199.45777929281232,204.01515197753906,36205400
2021-03-31,205.1006532479352,208.12330342469727,205.05386007977535,206.7570343017578,34800100
2021-04-01,208.1233279660283,209.52703750072527,207.76773126047658,209.3773193359375,29799200
2021-04-05,211.8665163140018,211.99752860980806,209.21819735443742,210.5283203125,27826600
2021-04-06,210.55638357647896,212.13789825335863,209.4708450163491,209.91067504882812,24907800
2021-04-07,209.83584994085183,209.9668622562326,205.82124705725704,206.52310180664062,26233700
2021-04-08,207.5992591160207,208.51635953995597,205.3065366147234,208.27304077148438,23989400
2021-04-09,208.2075601346294,208.76903537755877,207.03780219610354,208.30113220214844,23267400
2021-04-12,208.42282125448835,208.61933261973098,206.2517433576021,207.4870147705078,20533900
2021-04-13,207.26241516089186,208.28245507618578,204.782533700976,206.94424438476562,24608400
2021-04-14,207.627352800043,211.49223764135152,207.56185377997724,208.98428344726562,27362000
2021-04-15,210.64067684735087,210.6687498993678,207.9923427993208,209.89202880859375,20587300
2021-04-16,210.93075187818897,211.19277652167315,208.6941752060597,210.22889709472656,23943000
2021-04-19,209.34926013888474,210.2382733804921,205.82126594339215,207.49635314941406,25285900
2021-04-20,206.59796047829488,207.3933872643043,201.42295279092713,203.24777221679688,35570800
2021-04-21,203.0886742300469,208.32918060718293,201.66624474686182,208.21688842773438,31147800
2021-04-22,208.92812010052774,210.86524609481376,206.60732435583282,207.35597229003906,31943700
2021-04-23,208.51639551034143,212.10052157016958,207.7677475107608,211.2676544189453,27999500
2021-04-26,212.42805120761565,214.00956629644404,212.19409960936937,213.466796875,19069200
2021-04-27,214.02830722788343,214.6646487829204,212.90532802372024,213.7849884033203,19648100
2021-04-28,213.4386947225945,214.7581849838127,212.5216085807126,214.14990234375,16222700
2021-04-29,216.0308988859322,216.12447095218963,211.2957068200356,213.3544921875,25500300
2021-04-30,211.23022751644197,213.17670659508906,209.75165165056754,210.45350646972656,27006000
2021-05-03,212.6245184908206,212.8116768622086,210.48151444251272,211.4828338623047,18693400
2021-05-04,210.18214101697035,211.6232767125855,206.77580600260634,208.9562225341797,26892700
2021-05-05,209.8826266105697,210.1259310973543,207.15007404800537,208.12330627441406,25139500
2021-05-06,208.35727829851422,208.5070107416707,204.60469997226113,208.30113220214844,27647300
2021-05-07,208.36666960129128,211.42674644134016,207.89876637176135,210.92141723632812,26172700
2021-05-10,210.77166877518135,211.18342587059303,205.49372131792865,205.55923461914062,28109100
2021-05-11,201.12353892196654,206.24240181415067,200.6556356541565,204.90420532226562,39519500
2021-05-12,203.16351623281676,204.72631075408233,197.9604221631629,198.2505340576172,42113400
2021-05-13,199.61686805457842,203.48175319448234,198.20380548046532,201.90023803710938,37739900
2021-05-14,203.94965419969202,207.1969036312193,201.8347225440816,206.83193969726562,25070400
2021-05-17,205.67153625713368,207.17818518217283,203.91221559753515,207.11268615722656,20048500
2021-05-18,207.17815786444064,208.90940524517603,205.38141146739542,205.54049682617188,24564500
2021-05-19,202.16223795599024,204.155509984874,200.30934544252253,203.958984375,31202800
2021-05-20,204.25848162932584,205.75576340954112,202.44301479795956,205.31593322753906,24932800
2021-05-21,207.12203199052385,208.09526436253978,205.26913931882234,205.84933471679688,24213700
2021-05-24,206.98165196796242,208.17013008996716,205.87740727390766,207.18753051757812,18324200
2021-05-25,207.96425215460818,209.34925590689053,205.1194069831186,205.18490600585938,20514900
2021-05-26,205.99901683214432,209.3304845136426,205.98964963170943,209.01231384277344,20388200
2021-05-27,210.5938304726204,211.82910156643743,209.78903653311627,211.1646728515625,21225700
2021-05-28,212.5029442874155,212.59651637097568,210.60325821192663,211.0243682861328,20668400
2021-06-01,212.85849247797663,213.8878707688276,211.45478312559536,213.4199676513672,23081500
2021-06-02,214.21542256322905,214.22477548564802,212.268943754774,213.6726531982422,18927500
2021-06-03,212.25960026749914,213.00823391387632,209.65804551303393,211.88526916503906,24811500
2021-06-04,212.95208534451808,213.41998850770403,211.68875537147875,212.80235290527344,19395800
2021-06-07,213.26089337471498,215.96537296284737,212.66197792444842,215.65655517578125,24049900
2021-06-08,216.3677935841784,218.49206372857716,215.21674148665622,217.93994140625,27770300
2021-06-09,218.54821206383906,218.64179841198984,216.15255005560658,216.48944091796875,18700600
2021-06-10,217.13330614700524,217.60191222653597,214.34979919125763,214.88400268554688,29069000
2021-06-11,215.83994736741155,217.2457655035857,215.62439259073358,217.15203857421875,16707200
2021-06-14,217.7237526321701,218.6984612781585,215.6900039794521,216.51475524902344,19182800
2021-06-15,216.60847055368473,216.9365005310501,214.13423101519538,215.8961944580078,17039900
2021-06-16,215.27762633540857,216.1960902311264,213.34697160940644,215.43695068359375,24527000
2021-06-17,214.84651122918527,215.74622685469163,210.42286888506658,213.01893615722656,48292500
2021-06-18,209.6543532482345,211.566274025799,207.2457254803252,208.1829376220703,54023700
2021-06-21,209.9823923966831,213.2157715668936,209.26073501179272,212.63470458984375,26736400
2021-06-22,212.06299403119016,214.06862743033622,210.61031236014796,213.6000213623047,21188500
2021-06-23,213.67503274567488,215.5213420802978,213.67503274567488,214.30296325683594,22387500
2021-06-24,215.6712543992223,217.34887214848408,214.35916311548888,217.3301239013672,21732500
2021-06-25,217.70499990763278,218.75468722024198,217.1989116485365,217.6956329345703,27619000
2021-06-28,217.65817630255447,217.98619200692897,214.40604867767757,215.97119140625,25006000
2021-06-29,216.71157710151206,217.18018321037707,214.40604305430136,214.94024658203125,18844300
2021-06-30,214.29352893566406,215.85868563958755,213.45941078543706,214.96832275390625,26039000
2021-07-01,216.3179417069385,217.29265038582932,215.28701688589683,216.8615264892578,18089100
2021-07-02,217.43321591808788,217.50819460518082,214.20920387670412,214.79965209960938,21029700
2021-07-06,214.95895306217523,215.05267998602568,209.81365383835376,211.6787109375,27771300
2021-07-07,211.37882303884507,212.4378773496875,207.87365873339073,209.71058654785156,28521500
2021-07-08,205.53997101416542,210.0104764667822,204.17164943877754,207.7799072265625,42297900
2021-07-09,210.0854797937901,212.2316893333249,209.31695896345238,212.1660919189453,23976400
2021-07-12,211.39755338016388,212.64404715618488,210.45097433253352,212.34414672851562,16831000
2021-07-13,211.08827925300773,211.56626658094004,208.26727595388402,208.34225463867188,25357500
2021-07-14,209.66374231491284,210.27292450940033,204.82772405158923,205.12762451171875,30594100
2021-07-15,204.15293946165917,205.30570648728283,201.4443967197061,203.9654998779297,45477000
2021-07-16,206.0273349148747,206.07419837939486,201.00387755375652,201.4537353515625,36620200
2021-07-19,197.40497318123363,200.98511567635543,195.92417646730306,198.43589782714844,58571000
2021-07-20,198.87641449645872,205.502511232206,197.9954327912121,204.59341430664062,40794600
2021-07-21,205.67123073868376,208.26731274274422,205.58688506616912,208.1173553466797,28278700
2021-07-22,207.56436583505348,207.9954753945269,203.91861132220416,204.8089599609375,32879000
2021-07-23,206.0648082556636,206.13978693553122,203.29066860416646,205.76490783691406,23660300
2021-07-26,206.55218566405705,208.10796126897833,205.39003744699733,206.36474609375,22194200
2021-07-27,205.2588554734048,205.3244671970901,201.85678463510737,203.9561309814453,35063600
2021-07-28,205.24943689942964,208.61402469314228,203.74989191412266,206.95516967773438,33043700
2021-07-29,208.80148363322675,210.34789222432994,208.19230147052443,208.54844665527344,22634800
2021-07-30,207.7330798518683,209.98239772791783,206.4491037051859,207.17076110839844,28473000
2021-08-02,208.5015795501272,210.45098245776606,205.84926755899596,206.13980102539062,24192600
2021-08-03,206.76775495945802,207.23636106845922,203.4687782486105,206.99269104003906,27798600
2021-08-04,205.34318942243883,207.31132637269678,204.20915641957956,204.41534423828125,25588500
2021-08-05,205.33378194264563,208.47344798976602,204.9495215749499,208.0891876220703,23915200
2021-08-06,209.70122752685828,211.06956361667014,208.19231532882606,209.36383056640625,24429200
2021-08-09,208.9233050508182,209.1763563043788,207.3206804799494,208.21102905273438,17225600
2021-08-10,208.66091053805553,209.20449529602078,207.3019557935035,208.62342834472656,22681600
2021-08-11,209.01705858658667,209.68247120751346,206.627164733773,209.64498901367188,25691300
2021-08-12,209.71060367030194,209.78558236487237,207.7893300372393,209.14828491210938,23269500
2021-08-13,208.97957682452636,209.2794915992925,206.84273410685,207.24574279785156,20813700
2021-08-16,205.97113970746938,206.43036455643752,203.98424001759997,205.31509399414062,24074400
2021-08-17,203.05638266950177,203.78740698378942,200.32909195042444,202.8126983642578,35161500
2021-08-18,202.5315754592741,204.34975523423464,200.91018795012684,201.04139709472656,29102300
2021-08-19,199.09197627999737,200.62901798193775,197.45185496708206,198.63275146484375,38119900
2021-08-20,198.78268205321461,202.45655158288517,198.14537042114713,201.98794555664062,31759500
2021-08-23,203.82487216073815,206.13042009074965,203.78738997114164,205.83050537109375,25778800
2021-08-24,206.48658247915307,207.986113300425,205.89613426350058,207.8549041748047,18677900
2021-08-25,207.845530976114,209.9073947315543,206.98329756204703,208.58592224121094,21548000
2021-08-26,208.19229347745215,209.14825381518475,205.94299017766897,206.3740997314453,22380300
2021-08-27,206.79586253855908,212.77528084464066,206.72089814852635,212.1942138671875,33998500
2021-08-30,212.98145552595486,213.07518245879638,210.8539799968069,211.3225860595703,20733300
2021-08-31,211.0976574735873,212.38163346779544,210.24479103477208,211.73495483398438,20839800
2021-09-01,212.5877697928267,213.90924195924146,210.7508282387269,213.1594696044922,20451500
2021-09-02,213.99365639787715,215.40884162569324,213.30949551828107,214.6403350830078,22810100
2021-09-03,213.91869688231677,214.59349084896076,212.92525418162535,213.64691162109375,18213100
2021-09-07,213.42192401030246,214.62155426124215,212.04422118605257,212.17543029785156,19153400
2021-09-08,211.44442542736442,211.78182236013936,208.65153733427965,209.86053466796875,25241500
2021-09-09,209.50441024801563,212.0817438146521,208.9608397531434,209.75746154785156,27180500
2021-09-10,211.0226951371535,211.14452299447782,207.61124341833977,207.7049560546875,24366100
2021-09-13,209.195130725248,209.35445507498986,206.42097646320886,208.88584899902344,34693100
2021-09-14,209.70123043580682,209.71997868407064,205.31508418980954,206.2241668701172,30312600
2021-09-15,206.20539657423055,208.7546144612683,205.68056012114408,208.0891876220703,27572000
2021-09-16,208.3047636727443,209.3169544931533,206.43033940548068,208.23916625976562,22369000
2021-09-17,207.7049527868788,209.02642535487925,206.7864888810737,208.51095581054688,39957600
2021-09-20,203.79675530937445,205.2400698598846,200.76956442331394,203.55308532714844,44958500
2021-09-21,205.03388076563192,205.52122072699086,202.26910812435347,203.86236572265625,26711200
2021-09-22,205.1370083025811,208.5765753167379,205.12762702823755,207.03016662597656,32100300
2021-09-23,208.2297989775544,211.48192644383477,207.64873199189014,210.69467163085938,31057800
2021-09-24,209.65023588903819,210.9099011340716,208.5409679440364,209.67843627929688,28866000
2021-09-27,210.2142826282371,214.0308888928286,210.12968144756482,212.865234375,29743200
2021-09-28,211.89697760302542,212.07558965403064,207.61034575508134,208.02395629882812,39938200
2021-09-29,208.94520959813863,209.31182903687022,206.97109610094097,207.58213806152344,23628900
2021-09-30,208.8042143859097,209.264844740196,205.4952437538015,205.63624572753906,33153600
2021-10-01,206.76426871896618,210.10145351156032,204.68676349766844,208.95458984375,32647000
2021-10-04,208.82301100666595,208.99222771237112,205.80543979399314,207.0557098388672,32580200
2021-10-05,207.71374081881072,209.6878399353457,206.6984836971451,207.7701416015625,20407600
2021-10-06,205.64564451760126,206.9993208643094,203.76554166807247,206.68910217285156,32893300
2021-10-07,208.24958485033972,211.46455890710996,208.0991731842339,209.87586975097656,24289300
2021-10-08,209.9980757741719,210.67491391068572,208.22137925183455,208.2965850830078,17989600
2021-10-11,208.53165040814764,210.14854032518608,207.04636714277282,207.10276794433594,15929800
2021-10-12,207.61038631186958,209.13326520164873,207.14975589792678,208.24021911621094,18800600
2021-10-13,208.58797630365814,209.34941553941783,206.65147297714728,209.2272186279297,19676200
2021-10-14,211.2765689355179,212.4516332788745,210.87235368654586,212.3294219970703,18160000
2021-10-15,214.31287857733116,214.71710807112848,211.56793066630877,211.6619415283203,27555300
2021-10-18,210.458726217786,212.15080737668208,210.31770989184668,211.53977966308594,19082600
2021-10-19,212.4328282330476,213.27888316669265,211.14496230282384,212.3294219970703,15498400
2021-10-20,212.42343560928856,214.31293393380673,211.62438610792887,213.739501953125,18130500
2021-10-21,213.57027984502736,215.28116593399508,213.03444366192545,214.2847137451172,17851600
2021-10-22,214.14371909412003,214.69834599646956,212.16020999869266,213.777099609375,16887000
2021-10-25,214.1343124183055,216.19302737860613,213.65489134504858,215.8076171875,16387100
2021-10-26,216.2400351731364,216.88867297251488,214.14372444358824,214.1813201904297,25290200
2021-10-27,213.5609040137602,213.82413164400103,210.10152119863062,210.24252319335938,27088500
2021-10-28,211.323566911474,214.57613686629728,211.2953665157536,214.4351348876953,22890600
2021-10-29,214.14372553823097,215.11197739487537,213.354085754102,214.3787384033203,20777700
2021-11-01,215.50679950691338,220.1412463690732,215.1683804039367,219.9344482421875,35500800
2021-11-02,220.32928441754646,220.7711097886342,218.70298492650093,220.39508056640625,24949700
2021-11-03,220.11305635875974,225.433751372826,219.8968485267815,224.33389282226562,47648500
2021-11-04,225.12352382588725,226.49600529448216,223.31862671028858,224.24928283691406,26514000
2021-11-05,226.7121647535501,228.80847508493463,225.80031386733359,227.3137969970703,42041700
2021-11-08,229.12814328081046,229.80498146552222,227.42663812443587,228.0188751220703,31324500
2021-11-09,227.49243932203012,227.99066541764972,225.17990656134327,226.69338989257812,29895900
2021-11-10,225.6875368100706,227.07880883477165,222.14353909461786,223.12120056152344,32471600
2021-11-11,224.02365627171432,225.96956963679122,223.41262857360474,224.9167022705078,17987500
2021-11-12,225.53715389262348,225.80977685996845,224.42790000907502,225.142333984375,20526700
2021-11-15,226.148190837886,226.3267885696197,223.30923135937013,224.24928283691406,27390000
2021-11-16,223.5066140321581,225.02009734862511,222.74517469888792,224.6628875732422,21925200
2021-11-17,223.78866099789946,223.85447148898416,221.03431694862107,221.72055053710938,26527800
2021-11-18,222.71695999303168,222.85797629934532,219.07896592605024,220.78045654296875,30637300
2021-11-19,219.28576887230957,220.36682212034952,218.45851914536425,218.76873779296875,33994000
2021-11-22,220.17885279209568,221.60773501908437,217.7347132730924,217.83811950683594,31042100
2021-11-23,217.51849795824015,219.03198132139013,214.91455150302195,217.46209716796875,33843800
2021-11-24,215.6383980994259,218.08253756802796,214.8393486420627,217.69711303710938,24099300
2021-11-26,211.47395691001603,212.61141100494828,206.4728768688255,209.49044799804688,62595400
2021-11-29,212.65846249077276,213.1566886640513,207.97700979466097,209.35888671875,45982400
2021-11-30,207.43175190034378,208.55981074706665,202.93830721433105,205.0910186767578,64908400
2021-12-01,209.7912858705481,210.76894743682345,200.37196607848261,200.47537231445312,69120100
2021-12-02,201.51881999731887,206.75491333556513,201.00180318724057,206.0686798095703,64315700
2021-12-03,207.08389841126902,207.1685139313142,199.95832204770278,201.8384246826172,64425200
2021-12-06,203.55872263890052,207.45994453222042,200.8983898154187,205.8900604248047,43878300
2021-12-07,208.823035388636,212.4892304264441,208.67262370912405,210.66554260253906,44679200
2021-12-08,211.13556892035217,212.95925674924428,209.68788160317362,212.10382080078125,36546400
2021-12-09,210.52452531929796,212.27302163956523,207.26254554791737,207.30015563964844,34830300
2021-12-10,208.87942656864226,209.49046860951822,205.23203674465825,206.72671508789062,32924600
2021-12-13,205.92143385665597,206.5437558532311,202.4892533738106,203.70559692382812,33478400
2021-12-14,202.3290147482792,205.10116402710904,201.131518658334,201.95184326171875,36543500
2021-12-15,201.98012273299332,205.70460265174242,199.0288191030476,205.15771484375,51261000
2021-12-16,206.92094216248913,207.34524744294205,200.1320145123844,201.0089111328125,52743800
2021-12-17,200.08487607667377,204.94085608820012,198.29335841035993,202.85702514648438,62620900
2021-12-20,199.98115912904143,200.7826359020289,196.84127682636455,200.0094451904297,49993000
2021-12-21,201.9706687609897,205.921451241185,199.95284843403684,205.7234344482422,38545300
2021-12-22,205.43114292922363,207.769562641972,204.73340095919076,207.70355224609375,32442000
2021-12-23,208.4296292701448,210.07971678965208,207.76015886024845,209.36309814453125,22125400
2021-12-27,209.6459370090979,211.43746892528011,208.005288052183,211.32431030273438,24196700
2021-12-28,211.01314867600195,212.84239053614561,209.65537469783916,210.03253173828125,23120300
2021-12-29,210.0042306827701,210.73027304077263,208.6275802469903,210.25881958007812,19444400
2021-12-30,210.21170878678237,212.55953823102013,209.98540590581112,210.2022705078125,23607700
2021-12-31,209.78737338307928,211.324301934578,209.69307693262832,209.74964904785156,23997400
2022-01-03,210.93772971279702,213.74758852311354,210.01367050066685,212.455810546875,30618800
2022-01-04,213.0969772771003,214.1624667675238,210.6265655958905,212.1352081298828,22013100
2022-01-05,212.0315139733054,213.01214540974956,204.9125769119652,204.95028686523438,40582100
2022-01-06,205.38402521241588,207.83557496565103,203.49821106948724,206.11949157714844,39105900
2022-01-07,206.11948617235922,207.7978595645464,203.6019116964587,203.7339324951172,31583900
2022-01-10,202.50811647344545,203.09271414028302,199.05707380847718,203.02671813964844,45778100
2022-01-11,203.17756268090014,205.39339951895758,200.80144779352148,205.1859588623047,35209900
2022-01-12,206.04404665875893,206.85494727390306,202.38556280611522,203.6584930419922,35284500
2022-01-13,204.4316616069048,205.73287785336854,201.19749754664292,201.79151916503906,34489600
2022-01-14,199.88684994943256,202.15924476933785,198.55734769398165,202.0743865966797,42020900
2022-01-18,200.08485428507285,200.31115713529888,195.68148050287203,195.96435546875,49434400
2022-01-19,196.88843465313383,197.50133291752888,192.7113629915403,192.77735900878906,46209100
2022-01-20,193.65420687226475,197.0581010605277,188.8925245641516,189.28854370117188,50466000
2022-01-21,188.3551285999627,191.42901514144648,185.7432861328125,185.7432861328125,85821000
2022-01-24,182.98995494682447,190.83493312867935,180.31208832904946,190.02403259277344,85782000
2022-01-25,187.1481627941441,190.18432424931024,183.45196936777185,187.48760986328125,61088500
2022-01-26,190.25976604053088,191.92871539530563,182.65993821288478,184.78147888183594,71471700
2022-01-27,186.3467184830267,188.21367034924813,179.71808330063905,180.58555603027344,59829000
2022-01-28,180.75527721835675,184.15917221820231,177.35138221851116,184.10260009765625,65870000
2022-01-31,183.2917211085577,189.75064086914062,182.78255757590108,189.75064086914062,53393800
2022-02-01,190.14667908618554,191.947635382909,186.6673490390189,191.74961853027344,43429400
2022-02-02,191.994721246279,192.25873405872144,187.91193215638256,189.8448944091797,42777800
2022-02-03,187.4875859858167,189.75057095440138,185.79978913242326,186.25238037109375,39629400
2022-02-04,185.79038773662634,188.67569522339133,183.79142951371344,187.05389404296875,34291100
2022-02-07,187.10102481953405,189.6751712296746,186.68615783463403,187.97793579101562,33242600
2022-02-08,188.08166485951097,191.52326973531513,187.97794451156958,191.18382263183594,28341900
2022-02-09,192.8905018303924,194.85173583029604,192.6359128987471,194.81402587890625,27329300
2022-02-10,191.31584956217154,197.11473700302847,190.58038315700855,191.8250274658203,44788100
2022-02-11,192.02301807345467,194.29542755362166,188.2891141523197,189.88262939453125,41516600
2022-02-14,190.11830717090203,191.90982437809842,187.8647604412695,189.2225341796875,32262700
2022-02-15,191.20270644212997,194.53116745604672,191.0612761278472,194.29544067382812,25847500
2022-02-16,193.57883543720317,195.4363636225166,192.42848759489874,194.70089721679688,30104800
2022-02-17,192.8716194021554,193.32421070939264,189.31685617392608,189.71287536621094,27140200
2022-02-18,189.55258231487986,191.14609735657618,187.4121795176676,188.08164978027344,36255400
2022-02-22,187.14816628704747,189.00569411843628,184.19687733479668,185.4320831298828,31847100
2022-02-23,186.921873071066,187.54418070391193,181.5567303922172,181.96217346191406,31491500
2022-02-24,177.5682635446596,187.1481882910806,177.1910920900006,186.73330688476562,52221100
2022-02-25,187.34621639074183,191.05183443495153,185.7527010693962,190.93869018554688,33656200
2022-02-28,189.0245623940469,192.91877280410944,189.01513850384137,191.71185302734375,34975900
2022-03-01,191.08953840226323,192.15501354166963,186.50700975090098,188.10052490234375,40638900
2022-03-02,189.3734530234506,193.57882489814355,189.2320227175971,192.579345703125,29978600
2022-03-03,193.38078068327525,193.39964285058994,188.85482449815856,190.2974853515625,30142700
2022-03-04,188.29851852694847,189.39229406224626,185.73381042441088,187.31790161132812,31610400
2022-03-07,187.84596243817344,188.19483347752512,182.62224880169143,182.65997314453125,39279800
2022-03-08,183.24456369798293,188.17597822605092,182.4148152275108,183.6688690185547,45715800
2022-03-09,186.90304218776618,189.5243227140958,186.33729218581036,188.84542846679688,29048000
2022-03-10,186.1392747901273,188.6191104227693,185.33779808306846,188.50596618652344,25661000
2022-03-11,189.3168689317965,190.24091377606496,185.22465594813133,185.4980926513672,24990000
2022-03-14,185.97894733241435,186.1675258198808,180.92496617518492,181.70758056640625,34969500
2022-03-15,182.4148038285415,184.61176458917865,181.86791601421137,184.6023406982422,25464300
2022-03-16,186.26185996727526,190.41065979003906,184.951219689515,190.41065979003906,31869700
2022-03-17,189.3074302797653,193.49393939333706,188.86426286717256,193.39964294433594,25783100
2022-03-18,192.551047178419,195.60605668807,192.35303037542127,195.43634033203125,37092200
2022-03-21,195.3703111724757,196.29435592661162,192.29643978926234,193.71080017089844,26747500
2022-03-22,194.53115180586744,196.86955726881544,194.05027438837203,195.65321350097656,24699900
2022-03-23,194.38026873852758,195.3703239479371,192.117297734979,192.25872802734375,19775000
2022-03-24,193.09014027428123,194.5261657408309,191.53127692349366,194.469482421875,19781200
2022-03-25,194.70566713037024,195.20638898846613,193.14681823869813,194.7340087890625,19430400
2022-03-28,194.2427656601151,194.81907014499626,191.81472424181058,194.8001708984375,18999100
2022-03-29,196.51017587716052,200.52540783618903,196.39680923493498,200.01524353027344,29550600
2022-03-30,199.6940488672512,200.04362010162006,195.19699347805584,196.0000457763672,26251500
2022-03-31,195.68823953688533,197.36991200966628,193.81760343856894,193.9309844970703,26771600
2022-04-01,194.79072710035678,196.24566644880176,193.68535896508223,196.1039581298828,25948500
2022-04-04,196.3873266356877,196.91639011785472,194.50726279126556,196.4251251220703,20333900
2022-04-05,196.47242368646465,197.87066535913056,191.323466805974,191.77696228027344,26509800
2022-04-06,190.15194060103542,190.65266248835178,187.70500006924541,189.05601501464844,34903900
2022-04-07,189.05599826433203,190.11412526590732,185.8154626981589,188.44190979003906,29291200
2022-04-08,188.2151907611011,189.24497626159263,186.59020152367344,186.93975830078125,25249600
2022-04-11,186.23117507053306,188.24351943973986,185.05968134009564,185.68321228027344,33702300
2022-04-12,187.7238913692965,190.53927336642468,185.56983877875547,186.2689666748047,33699800
2022-04-13,186.7602119028378,190.32196232213386,186.6940861771423,189.81179809570312,22303600
2022-04-14,190.00078806004262,191.19118112117133,187.8845193132457,187.9695587158203,27107000
2022-04-18,187.49716196627924,188.17737621573798,185.67376683344492,186.70355224609375,22246400
2022-04-19,186.93032269182706,191.06837850710176,186.76971512849977,190.42593383789062,22786700
2022-04-20,191.83361001699004,192.60830608068116,190.70934278806612,191.15338134765625,20516200
2022-04-21,192.94839819478756,193.4869185026175,186.13668428714317,186.87359619140625,31547700
2022-04-22,185.99500220141658,186.46738246965072,181.66799721448376,182.0364532470703,35686900
2022-04-25,180.43975467717385,183.3874018699451,178.75808268479574,183.1417694091797,35556500
2022-04-26,181.69634374889782,182.06479976212978,177.12369203650252,177.3693389892578,40513600
2022-04-27,177.3031876017373,179.29663267930457,175.97107193987716,176.63241577148438,37808000
2022-04-28,178.72033423105637,180.82714601737183,174.50671065842542,179.92962646484375,37405200
2022-04-29,179.11713217213412,181.13891898013006,174.3177473048754,174.7334442138672,41193400
2022-05-02,174.68619055283392,177.44490358091335,172.3054047466441,176.56626892089844,38002100
2022-05-03,176.59463047613352,179.0415567050271,175.4231222694206,178.07791137695312,30246300
2022-05-04,178.6069374002518,183.21735785633194,175.4325422191337,182.83001708984375,38834700
2022-05-05,180.94994667904234,180.97828833595668,173.25015567814154,175.4136505126953,41468700
2022-05-06,174.74291951139526,175.1775012960672,170.57652198219816,172.494384765625,45457900
2022-05-09,169.92463568567143,172.56051131728924,164.48282002457867,165.23861694335938,53682200
2022-05-10,167.76109417836324,169.02706952649214,161.742961236294,165.2858123779297,53650800
2022-05-11,165.45589571918197,168.34686027602316,160.89270119510718,161.17613220214844,64377800
2022-05-12,160.44865308639297,164.70951710480537,159.57001845851428,163.06564331054688,52967400
2022-05-13,165.37086773785165,169.49948082981703,165.3425260767817,168.23350524902344,36517000
2022-05-16,167.69495165007933,169.52778892113656,166.41007707770197,167.430419921875,28225500
2022-05-17,170.4442440447365,172.74000512367036,169.10268587424784,172.55105590820312,31833700
2022-05-18,170.5009100814901,171.38898716163922,165.4275513602591,166.50457763671875,36093800
2022-05-19,165.22914274344075,168.93260171348538,165.22914274344075,166.77854919433594,33627700
2022-05-20,168.6397736000594,169.08381225244668,162.30042338671802,166.35345458984375,42243700
2022-05-23,168.05399574995914,169.07433877977624,165.80546123521952,168.3657684326172,24644100
2022-05-24,166.81635772958117,167.15645764855208,162.81056827619855,165.87159729003906,26861800
2022-05-25,165.21972112385325,169.8490418150794,165.15358096911228,168.85704040527344,27950100
2022-05-26,169.9151447405898,173.6469450208698,169.77342204686894,172.62660217285156,25702700
2022-05-27,173.6091663346303,177.28428372289272,173.26905201317078,177.27484130859375,24952100
2022-05-31,176.58518515971005,177.3126403514396,173.9209536806977,175.0735626220703,29794500
2022-06-01,175.9805051393723,176.61349281054336,171.7290837888427,174.08152770996094,28352100
2022-06-02,174.39332794959697,178.33297729492188,173.99653029063265,178.33297729492188,24876000
2022-06-03,176.944158518491,177.5771606350826,175.5270180022209,176.72686767578125,18972100
2022-06-06,178.83368446310246,178.85258370699322,176.50958202101316,177.49212646484375,24678700
2022-06-07,176.11280158770896,180.39256533717472,175.63096452480048,180.35476684570312,21661600
2022-06-08,179.46668075907579,180.16579418539533,176.72686712003016,177.5677032470703,21521700
2022-06-09,176.70952017875183,177.2020943088738,173.84882064943426,173.88671875,21697200
2022-06-10,170.98810623113118,171.97325440559223,168.27897043219693,169.1693878173828,37153600
2022-06-13,164.4710762064498,165.73092085517715,160.35999886969486,161.2220001220703,39712700
2022-06-14,161.66716717378313,162.20710664975084,158.89173141579718,160.44522094726562,30282400
2022-06-15,162.1787266937048,164.87838131762481,159.76323559048737,162.79443359375,32150500
2022-06-16,158.9864711026982,159.53587795663336,154.19338737306353,155.25430297851562,43810600
2022-06-17,155.8036789765424,158.683327126604,155.06482511851473,156.4667510986328,40327300
2022-06-21,159.11909688770388,161.10832824351402,158.0108158022298,159.27066040039062,34665400
2022-06-22,157.20564341549118,160.33155739036434,156.64675483434917,158.967529296875,29303500
2022-06-23,159.31803107440214,161.2504153364507,157.76454115271056,160.87152099609375,27089800
2022-06-24,162.1881807667899,165.8635161763398,161.8850537642373,165.85403442382812,37138500
2022-06-27,166.40344262752183,167.65381984237382,164.99203461146453,166.46975708007812,24745400
2022-06-28,167.5969860843594,168.75263258904087,163.25859249596908,163.34384155273438,25909200
2022-06-29,163.44801252574348,163.59009426342976,160.05685533202907,161.68612670898438,21292500
2022-06-30,159.32748630954708,162.27343511251257,157.9634436613212,160.42630004882812,31466300
2022-07-01,160.1326529598661,162.77547472019387,158.81597572911295,162.3681640625,24598600
2022-07-05,159.7821746531086,163.779572100112,157.93503944747732,163.71327209472656,25151100
2022-07-06,163.35329761503436,164.54684214321296,160.79572491076655,162.5007781982422,25697600
2022-07-07,163.7416804386656,166.6970966231205,163.7322131394715,166.34661865234375,24822500
2022-07-08,165.83506187437428,167.65378011179385,164.48995417574568,166.32762145996094,20547000
2022-07-11,165.06780361104683,165.74035756778733,162.54812923248647,162.98385620117188,22031500
2022-07-12,162.49127252382274,164.21527460899065,161.56297149159573,162.4249725341797,23864200
2022-07-13,160.2273675291731,163.19226531707025,159.8863568748019,162.2829132080078,25535600
2022-07-14,159.78215313291543,161.0325303061009,158.20972882194215,160.61573791503906,25102200
2022-07-15,162.49130811239706,164.20584327567036,160.37894401635526,163.9595489501953,34935900
2022-07-18,165.89191823557132,166.99071739044254,162.9838534276437,163.49537658691406,23031500
2022-07-19,165.53194685630865,169.45356149981328,165.44669782042325,169.2641143798828,24234600
2022-07-20,169.22621129579434,172.2195248456927,168.98939878938887,171.91641235351562,26049300
2022-07-21,170.93130959679485,172.87317555545647,169.4157178259042,172.79739379882812,21709900
2022-07-22,173.23312130037095,173.58359924932637,168.65790109728604,170.04087829589844,25116100
2022-07-25,170.55240222200962,171.37650527473266,169.01784706197466,170.9218292236328,19267200
2022-07-26,170.29662098024093,170.70394603725083,169.12202565864447,169.870361328125,19391200
2022-07-27,170.95967271717302,174.53080919667107,170.50499677286726,173.73512268066406,21670700
2022-07-28,174.5971488261458,176.32113652625088,172.17217638087453,176.12220764160156,22838500
2022-07-29,176.22644040002942,177.8272957282616,175.27919009493513,177.37261962890625,21760600
2022-08-01,175.98961244200572,178.38616880201292,174.50243710901313,177.30628967285156,23905600
2022-08-02,176.63376172812266,179.0492528446646,175.69597874295445,177.13580322265625,17492600
2022-08-03,178.3672279205642,180.11963223975903,177.74203927627346,179.74073791503906,19157700
2022-08-04,179.82594441732763,180.01539153485825,178.4998001407248,179.36180114746094,14838900
2022-08-05,177.5809914860938,180.94373249854863,177.29681354277963,180.73533630371094,18540300
2022-08-08,182.01411810584673,184.3633089822852,181.7678382600113,182.64878845214844,22188700
2022-08-09,181.90993607103283,182.0330832317709,179.1818651133821,180.15753173828125,18247300
2022-08-10,183.41602239710832,185.61363488434395,182.92344834928957,185.30104064941406,20796400
2022-08-11,187.00611909369024,189.00481744789394,185.69890928790218,185.99256896972656,23727600
2022-08-12,186.93985837081055,189.85737666721906,186.21047156976195,189.79107666015625,21726600
2022-08-15,188.31333066506664,190.54884157293714,187.7639238495682,190.46359252929688,17414800
2022-08-16,189.92362915168832,191.33503688594104,188.53117046493847,190.38778686523438,18833100
2022-08-17,188.2375597438915,188.81538294049733,186.02099775844255,187.1861114501953,22428000
2022-08-18,187.44188331572337,188.73961152758108,186.51356766778193,188.42701721191406,18368100
2022-08-19,186.44727633200426,186.7125052569168,183.83287073476941,184.38226318359375,27416400
2022-08-22,181.86257962221393,182.20359028834696,179.98701373153648,180.5837860107422,22937000
2022-08-23,180.86792833270565,182.75294669706946,180.3469379101847,180.8773956298828,20069800
2022-08-24,180.7258665388041,183.1034738865497,180.12910871754175,182.2604217529297,16038300
2022-08-25,183.17924690218135,185.14004728518205,182.80033815274072,185.09268188476562,14795000
2022-08-26,185.03586485331687,185.13059566217086,178.70823996773552,179.0113525390625,24177200
2022-08-29,177.08843325126463,179.02083187622648,176.68112257725213,177.36314392089844,19753300
2022-08-30,177.9125291656803,178.0924945519564,173.85828524764005,174.88131713867188,22548900
2022-08-31,175.1844465933456,175.9422496107841,173.52675881627593,173.82040405273438,22412500
2022-09-01,172.1911169253623,172.29531501143396,169.4630320928606,171.92588806152344,30706600
2022-09-02,173.9151437308748,174.2466726308836,169.6904014493002,170.5902862548828,27468200
2022-09-06,171.17755294732473,171.52803082021254,168.13687410382104,168.90414428710938,23837100
2022-09-07,168.5821315174067,172.8447577275822,168.54423341247005,172.57952880859375,24781200
2022-09-08,171.15864836944556,174.09511544439127,170.1450836736452,174.01934814453125,25273200
2022-09-09,175.56336097691374,177.73257218202988,175.33603016337634,177.5146942138672,23208800
2022-09-12,178.65138211758503,179.84491209013052,178.05460990436725,179.66493225097656,23134600
2022-09-13,175.108645235997,176.103260681631,171.96376812468003,172.63632202148438,34144700
2022-09-14,172.9394719345186,173.6499095680153,171.04497157852748,173.30889892578125,25278300
2022-09-15,172.32373791966626,174.94762476601846,171.31965511776912,172.04904174804688,25378700
2022-09-16,169.64304093602485,170.20191510514397,167.57804236379835,169.54832458496094,41155900
2022-09-19,167.67271710583358,171.21543730520258,167.6253661689978,170.99757385253906,25412200
2022-09-20,169.3399276803028,169.50095848495116,167.38859451893975,168.66737365722656,22247500
2022-09-21,169.90825246751635,171.5470056115111,166.08136827331842,166.09083557128906,29357100
2022-09-22,165.76877089692462,166.31817770064976,161.73349059163408,162.3491973876953,33468600
2022-09-23,160.08529126038275,160.26527111939282,156.29629028380563,158.48443603515625,40336900
2022-09-26,157.55226632616163,160.88479142481117,155.75270335403712,156.31446838378906,30597800
2022-09-27,158.3520703105133,159.60891533296265,155.46705686103056,156.84767150878906,42406600
2022-09-28,157.8284002882036,162.808155927782,157.17142890270236,161.8083953857422,35186500
2022-09-29,159.75172096187643,159.89453764605508,155.9621681455622,158.18067932128906,31464000
2022-09-30,157.8474139727204,161.40845993536183,156.98095405097254,157.028564453125,40643800
2022-10-03,159.33277877481785,162.15114918974407,157.34278874593733,161.18946838378906,33611600
2022-10-04,164.35062671081687,167.65458866721153,164.27445296059756,167.5784149169922,37537300
2022-10-05,165.1123395481307,166.94046585519425,163.21755576547085,166.34060668945312,25281400
2022-10-06,165.53128537141347,167.74026584400195,164.6362620356904,165.40750122070312,22635900
2022-10-07,163.70316891860622,164.21733813754838,159.8850520333624,160.5420379638672,26536100
2022-10-10,161.18943544530546,161.4560507592983,158.61863385601356,159.64695739746094,23386400
2022-10-11,158.97096658456428,161.97023320125643,156.91431914695247,159.69459533691406,28009100
2022-10-12,159.86598248709123,160.39919870216426,157.5617811829868,159.25660705566406,26796700
2022-10-13,156.15262671071596,163.96025514052005,154.72440146641063,163.1985321044922,45376500
2022-10-14,164.47439735220357,165.59792738611233,158.73293397533325,158.82814025878906,29608600
2022-10-17,162.07497520648403,164.36012940974408,161.970238124663,163.89358520507812,28199200
2022-10-18,167.44511929035627,168.8066869768654,164.42680517852287,165.8359832763672,34523100
2022-10-19,164.23637485875926,165.10282040206792,161.22757707640997,163.0176239013672,27146900
2022-10-20,163.21754765873058,165.24563176319512,160.4087081263775,160.94190979003906,26710700
2022-10-21,161.29421176120235,164.91238483680456,160.1421183431596,164.43630981445312,45402700
2022-10-24,165.0266615546826,165.67411664598026,162.86527676949544,165.1409149169922,27284500
2022-10-25,165.2646954009611,170.33964251271237,165.25516460187575,169.6445770263672,33105700
2022-10-26,170.57770447284065,173.6436293142596,169.79694885479827,170.4824981689453,37084700
2022-10-27,171.94874792938973,173.29128278288144,170.31104892980858,170.52052307128906,28651800
2022-10-28,171.22513648164252,174.63383522982335,170.18729646707615,174.3957977294922,33221600
2022-10-31,173.54838627850478,175.4241229592844,172.86283710945557,174.5576629638672,25699400
2022-11-01,176.3763033656745,176.7190780092735,174.12922837511633,174.7957305908203,27446700
2022-11-02,174.0911258122056,176.14777357432976,168.93999013593785,168.99713134765625,38139600
2022-11-03,166.90236341240356,169.42556957373688,165.77883341103185,167.86404418945312,29093200
2022-11-04,170.35869398358759,171.3298911526712,167.07377904750018,170.1301727294922,25842400
2022-11-07,171.1394810298479,171.94879997722137,169.17803942693698,170.9014434814453,20689900
2022-11-08,171.606002154632,173.2437014287981,168.87333611712953,170.9680633544922,20265200
2022-11-09,169.48271264790444,170.12065145207285,165.94071322128488,166.2739715576172,27277000
2022-11-10,173.14850894306252,176.5762407332845,172.48199222147161,176.5095977783203,38572800
2022-11-11,176.87141277577297,179.80403708305116,176.80476981786103,177.9568634033203,28765400
2022-11-14,176.89996094147764,178.80426114422363,175.79547786566474,175.96685791015625,26499600
2022-11-15,178.85187703294113,180.4895764197551,177.2046613751387,178.5757598876953,26128800
2022-11-16,177.6712133170812,177.70929292822447,174.91950012710618,175.43365478515625,24802000
2022-11-17,172.92947420389817,174.19583541696895,171.87258714809658,173.80545043945312,20835700
2022-11-18,175.75736671333559,176.44291588225983,173.83403415536227,174.9290008544922,27269100
2022-11-21,174.03398542356499,174.424370431945,172.74857704130181,174.0149383544922,19038900
2022-11-22,174.94802599337063,176.09060295547295,173.60549116178964,175.87161254882812,16869700
2022-11-23,175.4717001643784,176.89040875770837,174.7671185307505,176.32864379882812,19758800
2022-11-25,176.23346865966556,177.4522196954796,175.82405106687008,176.7000274658203,13393400
2022-11-28,175.3194244467957,176.0716167270804,172.61530678346864,173.1389923095703,17465600
2022-11-29,173.2532604330057,174.82430248462535,173.2532604330057,173.6436309814453,14020600
2022-11-30,173.92927026400753,178.4614998547089,172.14875409063532,178.4043731689453,28030100
2022-12-01,179.147023389089,180.18487796968594,177.22369077778382,178.01397705078125,21996400
2022-12-02,175.54792904792282,179.8230887084617,175.5098494322458,179.05184936523438,22574800
2022-12-05,177.91875860563243,178.10918570956017,173.46268882470824,174.1196746826172,25449300
2022-12-06,174.12919825774844,174.22440454143435,170.51102531859314,171.4536590576172,18502100
2022-12-07,171.14899357344382,172.81525637596692,170.53961804395317,170.94903564453125,17177800
2022-12-08,172.12017040519729,173.89117009785068,170.92045203131977,172.1868133544922,20971400
2022-12-09,171.16804049708153,172.1582702834016,170.01593239629375,170.07305908203125,22046500
2022-12-12,170.29205472604752,172.42486169591265,169.48272131280973,172.07257080078125,22765400
2022-12-13,177.6587723405736,178.529230194204,172.3116991180295,173.49781799316406,38445300
2022-12-14,173.43086669247253,174.96134183991322,171.0586433500629,172.3595428466797,32406900
2022-12-15,170.2933995213179,170.8386361986129,167.43332985042187,168.04551696777344,33546700
2022-12-16,166.24721265298052,167.50028192153263,165.1663141561267,166.7924346923828,38502400
2022-12-19,167.02202201816456,167.44290339494546,164.01847671513687,164.53500366210938,25614000
2022-12-20,164.20976233556428,166.4576445972374,163.74105093325852,165.4054412841797,18050800
2022-12-21,166.86899640787829,169.1168792792227,166.6298605532967,168.2559814453125,22997200
2022-12-22,166.75418066429427,166.90723108188212,163.2532289893506,166.055908203125,21297600
2022-12-23,165.9411265720675,166.8689747349909,164.85066780063175,166.81158447265625,11647700
2022-12-27,166.7828873472643,166.98376785872608,165.08024147179674,165.6924285888672,13553800
2022-12-28,165.65409559061473,166.53412791968336,162.93751720551978,163.1192626953125,19648000
2022-12-29,164.25761696733022,167.63421365532852,163.95151610479468,167.25160217285156,22311300
2022-12-30,165.8072044825719,167.12723884639763,165.10893199252564,166.7828826904297,21275600
2023-01-03,168.2846467577004,169.61425588541414,164.42977863264022,165.86459350585938,22503800
2023-01-04,167.03155695990375,168.9924732987106,166.70633579814375,167.9307098388672,22973500
2023-01-05,167.00284290793343,167.1654534703855,164.89845117615192,166.13238525390625,17032600
2023-01-06,167.6819980723799,170.30291666450998,166.31413393345397,169.8629150390625,21986900
2023-01-09,171.23077083612472,172.29253423465835,169.92987166851313,170.14988708496094,18366500
2023-01-10,169.93946434047217,172.77082397100017,169.59510821290087,172.6656036376953,18751100
2023-01-11,173.38301055563107,174.8465204449626,172.82821376293757,174.8178253173828,18222700
2023-01-12,175.59261251947456,177.86917502520794,174.01430774911086,177.75439453125,29650800
2023-01-13,176.48221398703546,179.1987930733553,176.31960340042727,178.92140197753906,22120000
2023-01-17,178.87360206726282,179.67709495860936,178.14663439352444,178.70143127441406,22422600
2023-01-18,179.3039984948322,180.74838789547627,175.7169619234671,175.8126220703125,23507800
2023-01-19,174.78910639132013,175.14303724276553,172.92385037414567,174.12908935546875,24624500
2023-01-20,174.7699858156452,177.1039385802805,173.39256149835978,176.99871826171875,36070300
2023-01-23,177.37179866358042,179.94490220824753,176.5587457005663,179.18923950195312,20329900
2023-01-24,178.48137369728622,179.66749239687246,177.80223626922063,178.8065948486328,19263500
2023-01-25,177.35270463428205,179.36143689609796,175.87961971325728,179.30404663085938,18174600
2023-01-26,180.76751479166967,181.59971723141888,178.19441146269298,180.3657684326172,18369100
2023-01-27,179.81098622695828,182.03017345167862,179.62924068407452,181.34146118164062,20019900
2023-01-30,179.67706035801243,181.37014580678354,178.71095703867684,178.81617736816406,18395100
2023-01-31,179.27532667308054,183.25454992978763,179.23707136678325,183.1588897705078,21567900
2023-02-01,182.88150556488753,187.66422179558938,181.86757205928942,186.03810119628906,27007300
2023-02-02,187.4920179561139,190.60078319989904,185.90416741662816,189.70164489746094,31020400
2023-02-03,187.58769589403715,190.47646057354322,187.19550966159696,188.42945861816406,24981500
2023-02-06,187.14769855258984,187.84598569938987,184.96678090597914,185.7033233642578,18160100
2023-02-07,185.00502202174292,187.5781255401128,183.32149666481888,187.08071899414062,27074100
2023-02-08,185.91373143848924,186.87983478747353,183.84759468461763,184.34500122070312,17933500
2023-02-09,185.78937760323748,186.64070044887043,181.1979674240873,181.67623901367188,20516600
2023-02-10,181.05448038308876,182.3458194319178,180.33707304389253,182.0397186279297,15248700
2023-02-13,182.2310231522506,184.4789053054482,181.08317433610932,184.23020935058594,15754400
2023-02-14,182.96754493507606,185.52151300842775,181.8196962475466,184.1440887451172,21889600
2023-02-15,182.6806185276476,186.09548480017037,182.2501770014172,186.0093994140625,18721200
2023-02-16,183.4649719412619,186.40155170759257,182.93887031012102,184.23020935058594,21366300
2023-02-17,183.54153400371305,184.9667741866845,182.67107609334062,184.73721313476562,23892200
2023-02-21,182.46059643281524,183.02495335918326,179.1031354042795,179.2848663330078,26004000
2023-02-22,179.66751525738658,180.93014472149386,178.6344468254672,179.77273559570312,24651700
2023-02-23,181.12145416323548,182.030167251009,178.58660601812048,181.0544891357422,21311700
2023-02-24,178.5388070871406,179.61970572296846,177.70661905888684,179.36143493652344,24280700
2023-02-27,180.91104007073687,181.93453381803658,179.4475299807273,179.9927520751953,17562900
2023-02-28,179.9449138167264,181.7623547723446,179.89709833016929,180.00230407714844,19542600
2023-03-01,180.01185646365025,181.25536546901412,179.05531332039962,180.2318572998047,22532800
2023-03-02,178.73966118058712,181.07362890097787,178.0318139650895,180.6623077392578,18104400
2023-03-03,181.42753335727772,183.58931557235962,180.2318544471393,183.17800903320312,22774300
2023-03-06,183.2354243880127,183.40760976441996,179.73447255654716,180.4997100830078,23266700
2023-03-07,180.45186325094727,180.8536242267079,178.12747035289348,178.4048614501953,25865700
2023-03-08,178.6726977443303,179.45707017355267,177.0752723532577,178.490966796875,22505900
2023-03-09,178.61530672449706,179.13184822340978,173.40214923062427,173.52650451660156,33546900
2023-03-10,172.55081084548917,172.55081084548917,166.68719691680704,168.5237579345703,69274200
2023-03-13,165.02284069492785,168.73421847006392,163.63585594259732,165.77850341796875,74171500
2023-03-14,170.8386413816942,171.4699488749625,167.02202831191318,168.84902954101562,48946200
2023-03-15,164.4584752020352,166.35244136016132,162.97584482995052,166.0654754638672,54405800
2023-03-16,164.0184393007555,169.671612275737,163.09059136696573,168.3324432373047,52392300
2023-03-17,166.47677881838763,167.1654911178124,163.43497832567118,163.7888946533203,70239900
2023-03-20,165.52980311037228,167.74897573698786,165.03239656128792,165.91241455078125,46103200
2023-03-21,168.8777278374978,170.43688354038994,168.31337077574116,168.97337341308594,34465900
2023-03-22,168.84899589457294,169.6429284369035,164.07584046382266,164.18106079101562,56098200
2023-03-23,165.4013391708225,167.42709334470365,161.97388692659692,163.452392578125,47720900
2023-03-24,162.01224822308689,165.23809268479948,160.77376103802578,164.9308624267578,47519700
2023-03-27,166.89904277727254,167.75350693588862,165.47813921397164,166.76463317871094,33880600
2023-03-28,166.1886109883034,167.54230253073632,165.79497761624373,166.52462768554688,28555100
2023-03-29,168.33917751804717,168.5407992713495,166.63985904536213,168.41598510742188,25564800
2023-03-30,169.81768236242917,170.23050663661647,167.48469782952824,168.185546875,26728600
2023-03-31,169.356816897537,171.50738500003862,169.32801588875967,171.27696228027344,39602900
2023-04-03,171.8050409728794,172.60190323062594,169.44326986396527,171.3538055419922,27609000
2023-04-04,171.77619125654894,171.94901194575579,167.3598659982846,168.34873962402344,33487200
2023-04-05,167.29267387883098,167.84951782242788,165.64134760459123,166.6974334716797,28247300
2023-04-06,166.7838109026116,167.49426989047433,165.78532720888322,166.947021484375,26366300
2023-04-10,166.1598151391624,168.85761750305065,166.12140402142464,168.73280334472656,22237800
2023-04-11,169.52004218453868,170.8641380929358,169.08799775368914,170.06727600097656,21876200
2023-04-12,171.6801950817826,171.83379556924405,168.56955448034296,168.8191680908203,27018100
2023-04-13,169.49124426363358,171.55540955628132,168.90559927449794,171.05616760253906,23259900
2023-04-14,171.2097876836381,172.06425190713222,168.33916467908887,169.4624481201172,29600400
2023-04-17,169.9040253323673,171.71856170554906,169.69280821806737,171.64175415039062,22177300
2023-04-18,172.41947714529502,172.4578882624922,169.8752899890661,170.91217041015625,22873100
2023-04-19,170.00966658676631,171.65138261420012,169.52963026186,171.13294982910156,19306800
2023-04-20,170.07688936256122,171.3057813652214,169.47205346486876,170.2497100830078,20336300
2023-04-21,170.71053821389296,170.8545579202388,168.83839922778125,170.47052001953125,25972800
2023-04-24,170.29769888569703,171.32496904892096,169.45283022843122,170.3553009033203,17781000
2023-04-25,168.6175553559225,168.9151755178718,166.10215518327493,166.15016174316406,28857900
2023-04-26,165.35331729466355,166.4766005975897,164.17243197356888,164.54685974121094,30309800
2023-04-27,165.16129312711072,166.91822779540502,164.11481747782125,166.7454071044922,33424100
2023-04-28,166.37098487558904,168.8095776367608,166.26537629696276,168.20472717285156,31911900
2023-05-01,168.01272598653554,170.2592926352642,167.78230325991703,168.30075073242188,27420100
2023-05-02,167.43667582539493,167.4846823911086,163.13555415920757,164.844482421875,40851100
2023-05-03,165.34374747956812,168.6847968973231,165.314946466018,165.44935607910156,43261400
2023-05-04,164.47965424570089,164.71006230713436,162.0410614988582,163.59637451171875,42382100
2023-05-05,166.37099232396224,168.1087362227103,166.18859081593826,167.48468017578125,35456800
2023-05-08,168.26232667061532,168.5407559417118,166.21738189624767,167.10064697265625,22109900
2023-05-09,166.0733670116115,167.3118689645562,165.2861150368617,166.60140991210938,21465500
2023-05-10,168.93440473019538,168.99200675031113,165.82376379801875,167.4462890625,27281900
2023-05-11,166.3037798129396,166.8414181342874,165.2380986225733,166.15977478027344,25884600
2023-05-12,166.7166369230261,167.25429000007435,164.79649131078486,165.8237762451172,20406400
2023-05-15,166.39018803876775,168.69437118034156,165.9197618176419,167.84950256347656,24310000
2023-05-16,166.67818909012976,167.8302731725185,165.3532843381335,165.4012908935547,24212900
2023-05-17,166.50542960854486,169.45286032991976,165.28614762013538,169.08802795410156,38231600
2023-05-18,168.55037211686073,170.48012774835956,168.03193927006194,170.11529541015625,30446600
2023-05-19,171.38255275543972,171.74738502746942,168.25272138608827,169.07838439941406,34316300
2023-05-22,169.56802902631486,171.87221220690438,169.01118512391105,171.14254760742188,28207200
2023-05-23,170.80653096653202,173.32191665538838,170.2976936271763,170.33609008789062,32708900
2023-05-24,169.5008259214299,169.68324206523482,167.69588468741802,168.53114318847656,28744200
2023-05-25,168.2527771048951,168.52159634713578,165.80458825990675,167.2158966064453,36202600
2023-05-26,167.3406802642444,169.33763330650115,167.07186107101248,169.11680603027344,29841300
2023-05-30,169.65446180527888,170.46091939799456,167.78230822637434,168.49276733398438,25572600
2023-05-31,167.71512866820535,168.982417213632,165.47815716765504,166.8318634033203,34598800
2023-06-01,166.91824083273556,169.20321855514294,166.02536560062933,168.6367645263672,27800900
2023-06-02,170.90251056023797,174.81960834988394,170.36487227236307,174.75241088867188,50212400
2023-06-05,174.0227969239786,174.0227969239786,171.31539914508815,172.40988159179688,34465800
2023-06-06,171.78579319572128,177.57504478525723,171.78579319572128,176.95098876953125,58584500
2023-06-07,178.0668444496909,180.7721179142631,178.0668444496909,180.26187133789062,60685600
2023-06-08,179.79010121402018,180.39662673823003,178.01867884281387,179.58792114257812,34185000
2023-06-09,179.37611749576155,179.65530313187966,177.5757998286644,178.13418579101562,30242200
2023-06-12,178.32675478287513,179.7227125445189,177.3544012391353,178.87551879882812,26580500
2023-06-13,179.49165646395056,181.93698791838762,179.3279938779161,180.92611694335938,35758200
2023-06-14,181.3015857543823,182.1872968866772,177.67208423401962,178.9813995361328,37114100
2023-06-15,178.18235965923736,180.57956654246095,178.01869705614277,180.45440673828125,36488400
2023-06-16,180.9453693094617,181.52301404344092,178.19195683237686,179.01028442382812,50684500
2023-06-20,178.25936477804706,178.65408821139536,176.9115318888346,178.23048400878906,33269300
2023-06-21,177.56619291146538,178.9814093335015,176.74786529405642,177.81649780273438,30730200
2023-06-22,177.33511492369908,177.38325443008844,175.6888525120334,176.49754333496094,27063700
2023-06-23,174.03298221010692,175.6118613264292,173.33981433561254,173.84043884277344,50610100
2023-06-26,173.71522754059788,175.92951233373805,173.6478293024488,174.013671875,31507900
2023-06-27,174.44693997408365,177.13296901028826,173.67675185764045,176.5264434814453,28818800
2023-06-28,176.17022499397655,177.5469238511255,175.3326386828017,177.39288330078125,23187600
2023-06-29,177.8357611346022,180.10780802744813,177.55656077740807,179.43389892578125,32084100
2023-06-30,181.24382045744576,181.40748304381273,179.9441417927259,180.2907257080078,30287300
2023-07-03,179.94414328687037,181.80220797997913,179.78048069914448,180.65655517578125,14011900
2023-07-05,180.15594027701044,180.2329605555412,178.52892178207344,178.8562469482422,24092100
2023-07-06,176.78639101000198,176.86341129323606,173.9848388040947,175.9680633544922,39080800
2023-07-07,176.1606052899513,179.53980224767142,176.1124657770555,177.82614135742188,31706700
2023-07-10,177.7009372767831,181.04161591560398,177.29659191143614,180.86831665039062,29725100
2023-07-11,181.45562780683505,182.99600407269557,180.69507639051585,182.7264404296875,26738800
2023-07-12,185.57609915621074,185.85529948834534,184.2379030993971,184.71926879882812,40127300
2023-07-13,185.33541299226965,186.471443661472,184.65188193776527,186.2115020751953,23523000
2023-07-14,186.13450948294175,186.27892802573498,183.19817539421933,184.3919677734375,32198600
2023-07-17,184.20904616743437,187.11649948142528,184.01650280077186,186.36557006835938,23283700
2023-07-18,186.48108408231212,189.07083410482528,186.27891869868822,188.66648864746094,28489800
2023-07-19,189.3692666366265,190.29349525986893,188.6279593328884,189.46554565429688,23679000
2023-07-20,189.60035843836513,189.60035843836513,187.02986689989555,187.80967712402344,27278100
2023-07-21,189.07086406530883,189.2922882267849,186.8565783801915,187.21279907226562,28982400
2023-07-24,187.30902308152247,188.9456635606164,186.76027380993747,187.67486572265625,16929800
2023-07-25,187.32828396931373,188.89754090571765,187.17424341442782,187.65560913085938,18961100
2023-07-26,187.51122597746294,189.81215376823022,187.45346443553765,189.13824462890625,20377900
2023-07-27,190.264611046973,190.52453794776773,185.98044457019162,186.69287109375,31159300
2023-07-28,188.71463572567274,189.60996898356646,188.21401122452815,189.10934448242188,21612200
2023-07-31,189.5906916217267,191.34286985860567,189.58106959596162,191.3043670654297,24203900
2023-08-01,190.07204783548767,190.56305023717258,188.48354694679108,190.4282684326172,27444300
2023-08-02,188.30060787858721,188.78197351947944,186.85651095591058,187.8385009765625,28079700
2023-08-03,187.0587313560439,188.34878802640225,185.86493902056972,187.3090362548828,24279300
2023-08-04,187.55936279668117,188.9938233675997,186.49073021607052,186.93357849121094,24950400
2023-08-07,187.4052997153676,187.79038640315522,185.49908094750688,187.0587158203125,20185000
2023-08-08,184.9792007142132,186.08633588894853,183.4195806304712,185.88417053222656,25578200
2023-08-09,185.68200479566198,185.69164151156306,183.64101888037118,184.4304656982422,22293200
2023-08-10,185.07550808682012,186.88543331009242,182.8130831950837,183.61215209960938,29378800
2023-08-11,182.84194069160378,184.54597933592441,182.66865609562961,183.8720703125,21789000
2023-08-14,182.86119930179788,183.5928698566915,181.6096455791229,183.5543670654297,20354900
2023-08-15,182.45685464044064,182.57237770481734,181.0320016259245,181.12828063964844,25491300
2023-08-16,180.983882807591,182.01399777602649,178.88512069779236,178.91400146484375,27018400
2023-08-17,179.39538362222544,179.78048503508882,176.78638949186632,176.80563354492188,26715100
2023-08-18,175.41931898266833,178.34601637751956,175.15937735568684,177.76837158203125,33375200
2023-08-21,177.81648926524733,178.37487524829885,176.24724704937523,177.5084228515625,22678100
2023-08-22,178.14383982191674,178.63484231484605,176.3916760370872,176.97894287109375,21299200
2023-08-23,177.1425923582201,179.17395636906303,176.59382836324573,178.86587524414062,21231100
2023-08-24,178.34599089519506,179.39536458994937,176.372388597738,176.3916473388672,26582300
2023-08-25,177.20032439498817,178.105294186136,174.8416355991946,177.14256286621094,29340400
2023-08-28,177.95124757918418,179.790067863144,177.9320035303243,178.721435546875,23002000
2023-08-29,178.6252004127989,181.34973238721346,177.69136434987905,181.21495056152344,22986000
2023-08-30,180.73355659226107,182.54349627486064,180.34846991899582,181.89846801757812,19869900
2023-08-31,182.1487880612248,183.16928105149967,181.50375975020418,181.58078002929688,17953400
2023-09-01,182.98636012882935,184.70964283237427,182.7745580503894,183.73728942871094,25094600
2023-09-05,182.58203712330652,182.82272001679368,179.80938017961478,179.8671417236328,27160100
2023-09-06,180.08855530588116,181.08016759365685,178.19197304127314,179.19322204589844,26406200
2023-09-07,178.24012211017697,178.47118297519643,176.74788524009352,177.46031188964844,23894800
2023-09-08,177.6816992468347,177.9416408298938,176.6130668388305,177.0655517578125,19399100
2023-09-11,178.3556033337181,178.79846621519312,177.33511046045354,177.48915100097656,17424700
2023-09-12,177.18109037639255,178.4326442049399,176.8922826922107,177.3158721923828,16826300
2023-09-13,177.62391759503404,177.9897601749278,175.5925540473996,176.15093994140625,24415700
2023-09-14,177.6528212755636,179.13543583473384,177.37363563760087,178.6348114013672,27952500
2023-09-15,177.9031671234597,178.17274548822203,175.97770391022183,176.76715087890625,39695500
2023-09-18,176.85376619371158,176.91152773087,175.57333158960634,175.59259033203125,19287800
2023-09-19,175.68889782433462,176.46870808257404,174.32182069295757,174.90907287597656,24085900
2023-09-20,175.6021915049501,176.6708238858272,173.11835756140127,173.1568603515625,27642900
2023-09-21,171.84758532495266,172.09789024482666,170.47088623046875,170.47088623046875,31625600
2023-09-22,170.9425847515128,171.72239483380758,169.9798533531014,170.08575439453125,23164700
2023-09-25,169.14228996405015,171.23141543739982,168.99787143319503,170.84632873535156,22416200
2023-09-26,169.7523683459065,171.22259242081327,168.58198939779595,168.6497039794922,30476000
2023-09-27,169.70401035061863,171.13553622484963,168.7464422918916,170.22633361816406,37293000
2023-09-28,170.3230439381956,172.72183449402618,170.20697866451658,171.76425170898438,31372400
2023-09-29,173.10873029302428,173.29251015087794,170.38107826205325,170.95176696777344,36689000
2023-10-02,170.55518117909526,170.94207524577138,167.4793187404885,168.36920166015625,42139300
2023-10-03,167.28584546191672,167.81783578943012,164.79033927390307,165.53512573242188,42733600
2023-10-04,165.40941983088985,165.98977574379262,163.55230157229053,165.612548828125,42491900
2023-10-05,165.20627562738716,166.27024159597343,164.37444017460672,165.73826599121094,33365100
2023-10-06,164.79034159251762,168.195064977448,163.9585061848091,167.33421325683594,42160900
2023-10-09,166.21220475187172,168.83345824584026,166.144504939499,168.3014678955078,26658400
2023-10-10,168.60130157000597,171.24188925510944,168.57228525822921,170.20693969726562,31585000
2023-10-11,170.3520380430558,171.42568596177512,168.66903275791728,169.91677856445312,27427200
2023-10-12,170.11990956208655,170.11990956208655,165.1965965733584,166.07679748535156,38693800
2023-10-13,166.70553091232892,167.04405953152462,164.13264256294093,164.6936492919922,33955600
2023-10-16,166.11548286122678,167.71143909778047,165.41906183751524,167.3535614013672,31140300
2023-10-17,166.30892054686507,170.64219519454625,166.2702222926826,169.2203369140625,39823200
2023-10-18,167.9532616308719,167.97261076020948,165.3997226435791,165.73826599121094,38501400
2023-10-19,165.2643320342194,166.51207801338248,162.84620708625238,163.09768676757812,51397300
2023-10-20,163.1363706522791,163.49424839013307,160.9793927622922,160.98907470703125,54421900
2023-10-23,160.2345856447785,161.97563802182682,159.25765402148699,159.62521362304688,45590900
2023-10-24,160.99874779270309,162.13042843898464,159.99281436014036,161.01809692382812,32666300
2023-10-25,159.60590016985464,160.23462145825977,158.0486272455256,158.358154296875,36832900
2023-10-26,158.7740562232781,160.34101100903217,157.8551718219344,158.76438903808594,50525600
2023-10-27,159.1319584436555,159.43180355264346,156.375290311811,156.89761352539062,46017100
2023-10-30,158.4258502709718,159.4124492743819,156.63644686061014,157.76812744140625,35156300
2023-10-31,158.0485977716,159.58653603771162,157.49727310790894,159.13192749023438,31533200
2023-11-01,159.07394868673322,160.17661314622913,157.75848803689033,160.04119873046875,44367100
2023-11-02,162.25618222607477,164.43249465533657,161.84993901036682,164.30674743652344,50458100
2023-11-03,167.1407817472994,169.89743504213507,167.1214326172163,168.7754364013672,57060700
2023-11-06,168.77540584873137,169.055901768381,165.77692586831273,166.6667938232422,35294400
2023-11-07,165.94138309574197,166.86026750802577,164.98381518316748,166.07679748535156,31168900
2023-11-08,166.0768166500773,166.49274181127132,163.75542262915667,164.30674743652344,44938600
2023-11-09,165.4287646456833,165.4287646456833,161.51139923350132,161.7628936767578,38577400
2023-11-10,162.71077296902774,164.15198057669352,161.32759799163307,163.57162475585938,36121300
2023-11-13,162.73013383724057,164.21002505215088,162.03371270562835,163.62966918945312,27610300
2023-11-14,168.52393992313176,172.62508466586095,168.51427273773956,172.61541748046875,77611000
2023-11-15,172.50902475932924,175.80733568596852,172.2768794711559,172.91526794433594,59641400
2023-11-16,172.30592921539235,172.77988706938115,169.42352810025372,170.1199493408203,46616700
2023-11-17,171.63850234580053,172.7895321589506,171.30964090177568,172.45098876953125,43418700
2023-11-20,172.6734391996385,173.76642144235814,171.9189855329942,173.4569091796875,26665100
2023-11-21,172.40264136856857,172.66378823606746,171.11619712691567,171.22259521484375,30457000
2023-11-22,172.34458481993443,173.51496372499048,171.60948018905478,172.29623413085938,28940900
2023-11-24,172.21883061088351,173.84380319779098,171.97701815980366,173.4569091796875,13846900
2023-11-27,172.65410830931708,173.2441313426414,171.42569679553128,172.87657165527344,30665800
2023-11-28,172.70248968286216,173.35054540888908,171.39669628505067,172.2091827392578,28350200
2023-11-29,173.66970188868422,175.79764846436373,172.8475336676201,173.1183624267578,31590200
2023-11-30,174.1533499228758,174.72402382981457,172.90558926906067,173.776123046875,32216800
2023-12-01,173.33118345099015,179.11533386470686,172.37361547190864,178.85418701171875,64221300
2023-12-04,178.19645965594466,180.866079046142,177.99334542525088,180.76934814453125,44862600
2023-12-05,179.95681915941162,179.95681915941162,177.95460509011403,178.35118103027344,36873500
2023-12-06,179.61828677882204,181.7655825379099,177.7708360994072,178.03199768066406,43637900
2023-12-07,178.29316843774035,179.48288163282194,177.38395120802892,179.31845092773438,32662300
2023-12-08,179.08631032823857,181.60116593320197,178.80581435553805,180.68228149414062,36087100
2023-12-11,180.56621760484117,181.47543493954947,179.80209662130352,181.0595245361328,29302100
2023-12-12,180.84671610542,181.51412090200952,179.27009403574118,180.875732421875,32024000
2023-12-13,180.97246549048614,187.29827345773901,179.58929043357585,186.99842834472656,69484800
2023-12-14,190.42248890301767,193.48866940852972,190.04526202086475,192.20223999023438,83649300
2023-12-15,192.43436491619997,193.01472076061805,189.53261521223394,190.5869140625,74160700
2023-12-18,191.47680090504863,192.26027097981282,190.23870742750847,190.65463256835938,44451100
2023-12-19,191.97975848859951,194.70741032603092,191.53483179395195,194.34951782226562,52156200
2023-12-20,194.02331881011256,196.26585554278984,190.43137602369762,190.54786682128906,62360300
2023-12-21,192.70302682342611,193.9844847922223,191.75165078830872,193.79031372070312,38613400
2023-12-22,195.01352427298795,196.8871536257188,194.3436725974362,195.5959930419922,39173800
2023-12-26,196.3047068758587,198.58606906674063,195.7998887022256,198.13951110839844,26879000
2023-12-27,198.4695784198443,199.48891739721324,197.45994207177768,198.83848571777344,35806400
2023-12-28,197.83855399817818,199.17825751415364,197.3434532616186,198.0812530517578,28930100
2023-12-29,197.53763647457959,198.07157742788846,194.84854125976562,194.84854125976562,41496800
2024-01-02,193.57677745139887,195.73194643533063,192.64482129320874,193.6932830810547,44341500
2024-01-03,191.63517047128443,191.89728960188663,188.12089284799723,188.52862548828125,57532500
2024-01-04,188.39272589214085,189.78097229134917,188.03353600462842,188.1597442626953,43114200
2024-01-05,187.0627559360459,189.75186604345134,186.67442849800017,187.6063995361328,40964900
2024-01-08,187.6451997566345,191.21773764257787,186.64528080892083,190.9847412109375,31545400
2024-01-09,188.6742646057658,190.05279355793158,187.67434561360912,189.27615356445312,28998700
2024-01-10,189.05286739987721,189.6741764084746,187.44134206679874,189.3829345703125,35075200
2024-01-11,188.8198516487809,189.05284805810805,185.7133069236208,187.89759826660156,48939200
2024-01-12,190.16925054465682,191.34392036265206,187.0141631680891,187.58692932128906,42992100
2024-01-16,186.12105959685744,187.61607931499907,184.55807703039446,185.26675415039062,42213000
2024-01-17,182.63586064773324,184.38328163955768,182.0533771083439,183.94642639160156,37787700
2024-01-18,185.14052534302607,185.58708324061055,182.71353516388982,185.0337371826172,41760000
2024-01-19,185.70359567620844,187.21805016759222,183.70375790558938,186.810302734375,63338300
2024-01-22,188.4800603224419,191.07209899224182,188.42181492548877,190.80026245117188,42379500
2024-01-23,192.4312244389594,192.79041429365802,189.28583941020884,190.24693298339844,42471200
2024-01-24,192.58656503814402,192.66423051581495,188.45096352792473,188.6839599609375,41120100
2024-01-25,191.3439374324071,191.88758093568325,188.73249327765078,190.24693298339844,37659500
2024-01-26,191.1400656817567,192.11086189423213,189.6741687336617,190.2566375732422,33478600
2024-01-29,190.43136893401734,193.58645629882812,189.39260998358733,193.58645629882812,29234400
2024-01-30,192.596306960469,193.12053052522825,191.3439860588241,191.93617248535156,33121200
2024-01-31,191.45071087607593,193.13018402943615,187.08212830109363,187.24716186523438,68126700
2024-02-01,188.6354173699429,190.02366371325655,185.9366049742376,189.732421875,59479000
2024-02-02,187.59666836019778,189.79066250190135,186.7714856414413,188.7324981689453,52839300
2024-02-05,186.84914604576605,187.47045502205944,184.50952364551497,186.33462524414062,39751900
2024-02-06,186.10164451702525,188.1403226369084,185.44151015480827,188.0141143798828,34689100
2024-02-07,188.40242267248783,188.48007333166947,186.4316927894534,187.57723999023438,31713900
2024-02-08,187.71316164273,190.63525299369155,187.0821500117183,190.4216766357422,35370800
2024-02-09,191.16918390950016,193.7223826287786,190.71290851526012,193.5185089111328,46107100
2024-02-12,194.03303483286882,197.60557260841168,194.00391213146065,197.03280639648438,43291000
2024-02-13,190.48961810641657,191.85844420698194,187.4218987757402,188.9266357421875,86247400
2024-02-14,191.90698515277387,193.95536572139926,190.49933362946433,193.3146514892578,43808000
2024-02-15,195.12033010670453,198.78993849250276,194.85821098966917,198.46957397460938,44931900
2024-02-16,196.21734046661277,197.75120037513977,195.21742147769575,195.77078247070312,48346200
2024-02-20,193.33408004735455,193.88744105677225,192.22737284169534,193.0719757080078,30547500
2024-02-21,191.88760204658192,192.55745387009026,190.65468658611255,192.159423828125,28669100
2024-02-22,192.84864807802043,194.24659689547144,192.03318287223186,193.61558532714844,38184700
2024-02-23,193.77092008849303,195.26593966193582,192.77100122551025,194.0524444580078,37667700
2024-02-26,193.85831101350877,195.7513607918954,193.33407272830902,195.27566528320312,29118200
2024-02-27,197.14933430130125,198.2560416025945,196.62509595095432,198.04246520996094,32268600
2024-02-28,196.5279745621875,197.90650331470326,195.97461364752962,196.41148376464844,30143900
2024-02-29,199.18798620495787,200.0228716510337,196.6056791950188,197.78033447265625,40404100
2024-03-01,198.55694436688194,200.3043804786562,197.2075382497957,199.87722778320312,35156900
2024-03-04,200.98394029151763,201.70233482723913,199.45008048595528,199.69277954101562,24785400
2024-03-05,198.33369549754244,199.89667819962014,197.08135992184032,197.78033447265625,34163500
2024-03-06,200.01315557924707,200.06169835568704,198.1201058034927,199.2559356689453,34255200
2024-03-07,200.66355337909295,202.02267682373807,200.3723115828709,200.9159698486328,28020200
2024-03-08,202.6440193584644,204.26524735679092,199.7898759457405,200.789794921875,41447800
2024-03-11,199.9451948451171,200.79948544087088,198.77052490784044,199.1976776123047,24435800
2024-03-12,199.158839156956,199.90635639610636,197.45024313778706,198.9258575439453,34958900
2024-03-13,198.88701929680803,200.54708737121803,198.78994856151925,199.70249938964844,25140700
2024-03-14,199.0617833248915,199.28506232513357,194.32429266334964,196.12997436523438,47509100
2024-03-15,195.37274365400685,197.1493025540069,195.2562528452118,196.49887084960938,53217000
2024-03-18,196.98428238422744,197.24638672186444,195.04268976849568,195.3727569580078,32405100
2024-03-19,193.94568249852168,196.82894867777048,193.82919168341698,196.19793701171875,29864100
2024-03-20,195.6348521409841,200.94510847948845,195.23682214836072,200.0811004638672,49609600
2024-03-21,201.4650910992404,203.362947682916,201.30936572550573,202.3799591064453,43067300
2024-03-22,202.29238111097004,202.67195245014295,199.5867156982422,199.5867156982422,28437300
2024-03-25,200.21932318081622,201.47482376960056,200.01493176595906,200.04412841796875,20107800
2024-03-26,201.51374161075614,202.08796217502857,199.50882584344038,199.6840057373047,23434800
2024-03-27,201.27044157009038,204.10263554204477,200.64755492667535,204.0345001220703,35028400
2024-03-28,204.462745939223,206.2146193372314,204.22915786922533,204.67686462402344,37675100
2024-04-01,205.13430429460686,205.16350094781183,202.39944220528164,202.74981689453125,25684200
2024-04-02,200.2484746807754,200.37500337814723,197.96130511713253,199.0221710205078,36632100
2024-04-03,197.94186800583677,200.8811061431736,197.84453594532633,200.32635498046875,27362800
2024-04-04,202.48702961504185,202.97366029671664,197.77644818061935,198.32147216796875,32265200
2024-04-05,197.70829123731053,200.19983768016755,197.45524865666633,198.98326110839844,27569400
2024-04-08,200.4723442997488,200.9005816177212,199.10978451600747,200.0733184814453,21331000
2024-04-09,200.70595369935307,201.4358997006307,199.00274636303868,200.86167907714844,23289100
2024-04-10,195.80070363368134,197.50391092980226,194.2045556759196,195.55738830566406,57130500
2024-04-11,196.5695913195811,197.48445934270262,194.74959739110912,196.8810272216797,37184000
2024-04-12,195.8493659699717,196.51119137208755,192.3942854072329,193.37728881835938,35388700
2024-04-15,194.0390941070562,194.87609939095583,189.76647773769122,190.5450897216797,41119300
2024-04-16,189.21174640172674,190.99281648994105,188.18981899363135,189.8443603515625,43267500
2024-04-17,191.21664967726906,191.36263293262397,187.82970449593464,187.8394317626953,38589500
2024-04-18,188.52070585140706,190.42830448327732,187.01214790616714,187.68370056152344,40238200
2024-04-19,186.80776695878114,189.19225405441233,186.22380426766046,187.97567749023438,42666500
2024-04-22,189.0171057760884,191.05121856746862,187.74212084889004,190.0779571533203,31553000
2024-04-23,190.03897575516487,193.99042868497258,189.91246189823988,193.26048278808594,31838300
2024-04-24,192.87119049378376,193.59140920376635,191.20692198330042,192.394287109375,28791700
2024-04-25,190.21417898123647,191.56701150980575,188.58883449373147,191.2263641357422,31915600
2024-04-26,191.7324554888524,193.57191855407945,191.1679622134405,193.05609130859375,24613600
2024-04-29,193.92228979656653,195.05127632770154,193.5621879128097,194.61331176757812,20494600
2024-04-30,192.81282533713642,193.3383799827453,190.5159277344039,190.6619110107422,30606800
2024-05-01,190.64244832869986,194.9637313331673,189.8151701960211,191.06094360351562,38782100
2024-05-02,193.46488454160306,194.76905114985428,191.28477383243305,194.57440185546875,27201000
2024-05-03,197.97106827249073,198.70101418729936,195.7422917628339,196.50143432617188,30880600
2024-05-06,198.0294713101655,199.30444119461808,197.94188136026912,199.04165649414062,23129800
2024-05-07,199.2947153392795,200.63780579956472,199.03193063694147,199.48936462402344,20116900
2024-05-08,197.29952220674934,198.5063715055941,197.14379684222973,198.3311767578125,18349400
2024-05-09,198.51609714543272,200.48208901671845,197.9710732248675,200.35556030273438,22914300
2024-05-10,200.83244594252534,201.0952157626829,198.23382558134017,198.84698486328125,21520200
2024-05-13,200.56971544616349,201.02714950215238,199.12929270112974,199.2655487060547,18585300
2024-05-14,201.59162688412073,202.18531689784254,200.40424685667708,201.32884216308594,33169000
2024-05-15,203.61599781503898,204.16102175274673,202.16583316944713,203.83984375,33412300
2024-05-16,203.31427336018587,203.7522528123112,202.37020874023438,202.37020874023438,26731100
2024-05-17,202.4480846710374,202.94445745571585,201.80574347741316,202.51622009277344,35219800
