Date,Open,High,Low,Close,Volume
1993-01-29,24.070643239136608,24.070643239136608,23.950888795160804,24.05353546142578,1003200
1993-02-01,24.070641295384554,24.224611282348636,24.070641295384554,24.224611282348633,480500
1993-02-02,24.207499311203854,24.293038178027896,24.15617599110943,24.275930404663086,201300
1993-02-03,24.31014783345838,24.549656679108217,24.293040058769108,24.532548904418945,529400
1993-02-04,24.618100346459283,24.686531480153402,24.344375811682806,24.635208129882812,531500
1993-02-05,24.618083953857422,24.669407269953023,24.481221777602478,24.618083953857422,492100
1993-02-08,24.618083953857422,24.703622814016757,24.583868409793684,24.618083953857422,596100
1993-02-09,24.53256422594096,24.53256422594096,24.39570194295105,24.447025299072266,122100
1993-02-10,24.447014226853472,24.49833755973,24.378583116351432,24.481229782104492,379600
1993-02-11,24.515443783310424,24.703629325261865,24.515443783310424,24.600982666015625,19500
1993-02-12,24.566769841173436,24.566769841173436,24.412799835205078,24.412799835205078,42500
1993-02-16,24.344369708677572,24.344369708677572,23.762705218097786,23.796920776367188,374800
1993-02-17,23.796912002563477,23.831127548217772,23.694265365600586,23.779804229736328,210900
1993-02-18,24.053542882096774,24.053542882096774,23.43766269450397,23.762710571289062,378100
1993-02-19,23.762689615082706,23.848228454589844,23.728474079279852,23.848228454589844,34900
1993-02-22,23.916676704673957,23.96800004524193,23.848245583916665,23.93378448486328,513600
1993-02-23,24.002216378677215,24.01932415941754,23.796923009793304,23.916677474975586,373700
1993-02-24,23.933779084749816,24.224611282348636,23.933779084749816,24.224611282348633,26300
1993-02-25,24.207499311203854,24.293038178027896,24.15617599110943,24.275930404663086,44500
1993-02-26,24.327257922801394,24.327257922801394,24.19039571226524,24.310150146484375,66200
1993-03-01,24.395688274332393,24.395688274332393,24.20750274065942,24.241718292236328,66500
1993-03-02,24.25882713519482,24.600982666015625,24.224611582112743,24.600982666015625,182400
1993-03-03,24.635203142245388,24.72074204204485,24.600987582325605,24.70363426208496,280100
1993-03-04,24.737850263590268,24.737850263590268,24.5667724609375,24.5667724609375,89500
1993-03-05,24.600983454528468,24.703630117064748,24.481229014902805,24.498336791992188,40000
1993-03-08,24.54965475478459,25.045780181884766,24.54965475478459,25.045780181884766,50800
1993-03-09,24.99445686444916,25.011564637799225,24.90891799769882,24.960241317749023,169300
1993-03-10,24.960244742366097,25.011568069458008,24.857598088182275,25.011568069458008,194400
1993-03-11,25.02866934945063,25.097100434479888,24.908914950649432,24.943130493164062,70900
1993-03-12,24.73785632761997,24.754964112078902,24.53256291411275,24.686532974243164,643600
1993-03-15,24.669398932621394,24.80626106262207,24.669398932621394,24.80626106262207,310800
1993-03-16,24.80626106262207,24.874692127622406,24.80626106262207,24.80626106262207,30800
1993-03-17,24.772052370451295,24.772052370451295,24.618082431684677,24.652297973632812,21800
1993-03-18,24.754937763871816,24.908907660122576,24.754937763871816,24.80626106262207,59300
1993-03-19,24.906240645917563,24.906240645917563,24.768732070922848,24.76873207092285,66900
1993-03-22,24.528097944665603,24.682795128619347,24.51090936867074,24.631229400634766,183400
1993-03-23,24.699983146529345,24.717171722135834,24.648417419709865,24.68279457092285,55200
1993-03-24,24.648417419709865,24.785926024561803,24.52809739046442,24.68279457092285,37200
1993-03-25,24.699972002234013,24.88904624859767,24.66559486653153,24.837480545043945,110100
1993-03-26,24.820301711600774,24.837490286193294,24.682793114860605,24.699981689453125,101500
1993-03-29,24.717163458683387,24.923426297003413,24.717163458683387,24.8031063079834,87100
1993-03-30,24.837483364545484,24.87186050415039,24.803106224940578,24.87186050415039,56000
1993-03-31,24.940616239650616,25.009370522875013,24.854673385620117,24.854673385620117,111600
1993-04-01,24.889052074043224,24.889052074043224,24.71716635529983,24.76873207092285,129500
1993-04-02,24.56246314126494,24.56246314126494,24.253068923950195,24.253068923950195,59400
1993-04-05,24.442154035581687,24.442154035581687,24.304645433412453,24.37339973449707,172200
1993-04-06,24.424969399329456,24.424969399329456,24.235895040854704,24.304649353027344,129700
1993-04-07,24.33901351702894,24.390579223632812,24.287447810425064,24.390579223632812,28000
1993-04-08,24.493723144477407,24.493723144477407,24.253083057443945,24.35621452331543,180800
1993-04-12,24.596850241897997,24.717170264045645,24.562473092712953,24.699981689453125,348500
1993-04-13,24.682794464959038,24.83749164475335,24.665605889426338,24.751548767089844,146100
1993-04-14,24.768732617395475,24.78592118964905,24.699978328381192,24.717166900634766,119600
1993-04-15,24.699978328381192,24.768732617395475,24.61403546711334,24.717166900634766,148600
1993-04-16,24.734355472888335,24.768732617395475,24.682789756127622,24.717166900634766,47900
1993-04-19,24.717162252138447,24.78591652822228,24.596842268991736,24.614030838012695,157000
1993-04-20,24.579650490744072,24.61402762429756,24.339010555869653,24.49370765686035,279500
1993-04-21,24.545290111155992,24.545290111155992,24.40778148308229,24.47653579711914,67900
1993-04-22,24.373376968405495,24.57963967899849,24.1671142578125,24.1671142578125,97700
1993-04-23,24.11557062285287,24.184324922561647,24.029627748216903,24.06400489807129,106000
1993-04-26,24.08119039350143,24.167133257147047,23.806173229835462,23.874927520751953,62600
1993-04-27,23.840553321729697,24.13275909423828,23.840553321729697,24.13275909423828,156800
1993-04-28,24.0983691382289,24.149934835386308,24.046803441071493,24.081180572509766,85900
1993-04-29,24.13273379848456,24.18429946899414,23.995225343792338,24.18429946899414,85000
1993-04-30,24.270266130175298,24.356208998908212,24.218700408935547,24.218700408935547,88500
1993-05-03,24.25307970759899,24.37339973449707,24.149948255972063,24.37339973449707,80500
1993-05-04,24.424973424186355,24.545293490315352,24.390596262435214,24.4593505859375,149100
1993-05-05,24.459339046946084,24.614036201845956,24.459339046946084,24.528093338012695,109000
1993-05-06,24.493710099393308,24.51089866788411,24.424955825430096,24.4421443939209,54700
1993-05-07,24.459333499104645,24.459333499104645,24.356202085896896,24.390579223632812,68000
1993-05-10,24.424955825430096,24.579652941847318,24.424955825430096,24.4421443939209,113900
1993-05-11,24.442158522726107,24.545289993286133,24.373404209019423,24.545289993286133,42600
1993-05-12,24.4421367083492,24.5280795237794,24.4421367083492,24.51089096069336,31000
1993-05-13,24.407774720147962,24.407774720147962,24.201511835188967,24.218700408935547,129100
1993-05-14,24.21869041296569,24.287444679574534,24.184313279661268,24.201501846313477,63500
1993-05-17,24.27026412542712,24.287452697753906,24.167132691466378,24.287452697753906,34000
1993-05-18,24.304636995785636,24.321825565089586,24.184317010657985,24.270259857177734,105200
1993-05-19,24.27026348656701,24.768732070922848,24.115566339697956,24.76873207092285,50200
1993-05-20,24.76872627363898,24.837480545043945,24.717160570085255,24.837480545043945,98200
1993-05-21,24.854670804306117,24.889047942348032,24.596842268991736,24.614030838012695,221400
1993-05-24,24.665601183874053,24.80310976190262,24.665601183874053,24.717166900634766,30500
1993-05-25,24.82029778654587,24.82029778654587,24.768732070922848,24.76873207092285,191800
1993-05-26,24.83749823017918,25.09532693153052,24.820309650089087,25.07813835144043,102400
1993-05-27,25.112497939696176,25.112497939696176,24.95780082713131,24.992177963256836,53800
1993-05-28,24.974991922965113,24.974991922965113,24.751540515533215,24.87186050415039,79100
1993-06-01,24.957811594498967,25.19845165119524,24.923434443542355,25.11250877380371,28300
1993-06-02,25.043761191260252,25.164081251890877,24.940629710719715,25.07813835144043,20300
1993-06-03,25.026555099382364,25.026555099382364,24.94061225906855,24.992177963256836,21600
1993-06-04,24.923436669664927,24.923436669664927,24.803116630569995,24.906248092651367,32000
1993-06-07,24.95782691025668,24.95782691025668,24.8203182220459,24.8203182220459,121400
1993-06-08,24.751533172415485,24.751533172415485,24.59683609008789,24.59683609008789,104500
1993-06-09,24.68279457092285,24.785926024561803,24.648417419709865,24.68279457092285,43300
1993-06-10,24.66560454026808,24.717170264045645,24.614038816490517,24.699981689453125,17900
1993-06-11,24.785917738123395,24.837483447703402,24.699974888823384,24.8031063079834,647400
1993-06-14,24.837486358420207,24.854674930294546,24.768732070922848,24.76873207092285,64200
1993-06-15,24.80310976190262,24.82029833415619,24.717166900634766,24.717166900634766,142400
1993-06-16,24.71716635529983,24.768732070922848,24.648412067802475,24.76873207092285,330900
1993-06-17,24.820296244007917,24.854673385620117,24.76873053158962,24.854673385620117,37400
1993-06-18,24.840415863508586,24.840415863508586,24.650001525878903,24.650001525878906,58500
1993-06-21,24.719233758147144,24.719233758147144,24.667302594789692,24.701923370361328,29300
1993-06-22,24.736548672203256,24.736548672203256,24.68461749934349,24.71923828125,137500
1993-06-23,24.719240578156057,24.719240578156057,24.494205474853516,24.494205474853516,227600
1993-06-24,24.563448949837785,24.823104858398438,24.563448949837785,24.823104858398438,243700
1993-06-25,24.8057804107666,24.87502194715395,24.788470026669767,24.8057804107666,44800
1993-06-28,24.926949258176435,25.08274269104004,24.892328495317855,25.08274269104004,439900
1993-06-29,25.04814561693083,25.04814561693083,24.92697283232923,24.961593627929688,207500
1993-06-30,24.996214423530144,25.04814561693083,24.92697283232923,24.961593627929688,437600
1993-07-01,24.996211618309392,24.996211618309392,24.857728451448953,24.892349243164062,605700
1993-07-02,24.805785915401433,24.823096303339607,24.66730281189605,24.753854751586914,285400
1993-07-06,24.719240578156057,24.788482148402995,24.45958468973005,24.494205474853516,246400
1993-07-07,24.476894085637444,24.59806682863565,24.476894085637444,24.563446044921875,343700
1993-07-08,24.58076381351059,24.892350960442414,24.546143019407054,24.84041976928711,248200
1993-07-09,24.840413047838247,24.90965461730957,24.78848187073475,24.90965461730957,378200
1993-07-12,24.87503884730651,24.90965963902162,24.8404180555914,24.892349243164062,373700
1993-07-13,24.909657027709788,24.978898603881323,24.73655308728095,24.875036239624023,389600
1993-07-14,24.892352036728774,25.0308352191306,24.875041638928543,24.961593627929688,617300
1993-07-15,24.94428093918187,24.94428093918187,24.805797769498692,24.857728958129883,443800
1993-07-16,24.8750346306316,24.892345023554796,24.753861880169232,24.788482666015625,216400
1993-07-19,24.788466692803876,24.788466692803876,24.701914783960287,24.771156311035156,188200
1993-07-20,24.753867784028273,24.840419769287113,24.632695004665894,24.84041976928711,68500
1993-07-21,24.805794464494394,24.823104858398438,24.736552888878222,24.823104858398438,142700
1993-07-22,24.788484680518675,24.823105469178614,24.650001525878903,24.650001525878906,632400
1993-07-23,24.701914783960287,24.77115631103516,24.68460440219157,24.771156311035156,286200
1993-07-26,24.840413047838247,24.961585794413065,24.840413047838247,24.90965461730957,121300
1993-07-27,24.926970034879172,24.94428043073673,24.805797263876286,24.892349243164062,92800
1993-07-28,24.840419769287113,24.892350960442414,24.805798975183574,24.84041976928711,30800
1993-07-29,24.89235083196036,25.048144404622143,24.85773003803552,24.97890281677246,331000
1993-07-30,24.978902945701257,24.978902945701257,24.805798975183574,24.84041976928711,75300
1993-08-02,24.87503383257391,24.99620657914873,24.87503383257391,24.90965461730957,41300
1993-08-03,24.96159986919827,25.030841477711995,24.840427054299248,24.926979064941406,81600
1993-08-04,24.926979064941406,24.9789102713267,24.857737456427678,24.926979064941406,434000
1993-08-05,24.92696742175267,24.92696742175267,24.840415451538252,24.875036239624023,36800
1993-08-06,24.944275402045236,24.961585794413065,24.87503383257391,24.90965461730957,402300
1993-08-09,24.978888487272123,25.117371583528655,24.926957326175923,25.04813003540039,828200
1993-08-10,25.030828475952152,25.048138869089048,24.996207689678357,25.03082847595215,604900
1993-08-11,25.013518082815253,25.100070048499735,25.013518082815253,25.03082847595215,542200
1993-08-12,25.100076810331515,25.100076810331515,24.875041638928543,24.961593627929688,303700
1993-08-13,24.978905421544972,25.01352621908003,24.978905421544972,24.9962158203125,103500
1993-08-16,25.01351468819232,25.20392898685676,25.01351468819232,25.134687423706055,241800
1993-08-17,25.117380545412587,25.221242904663086,25.117380545412587,25.221242904663086,369300
1993-08-18,25.307789062395845,25.411651397809234,25.29047867316028,25.35972023010254,414300
1993-08-19,25.377030619338104,25.377030619338104,25.32509945163141,25.35972023010254,28500
1993-08-20,25.307791669567155,25.377033233642578,25.2904812785483,25.377033233642578,80700
1993-08-23,25.27317067978729,25.342412243293555,25.27317067978729,25.325101852416992,15600
1993-08-24,25.32511112865683,25.602077484130863,25.32511112865683,25.60207748413086,273400
1993-08-25,25.602061028093907,25.723233730728563,25.567440255912576,25.61937141418457,242300
1993-08-26,25.636692047119137,25.775175191195405,25.532829689061938,25.63669204711914,120000
1993-08-27,25.567440255912576,25.61937141418457,25.567440255912576,25.61937141418457,25700
1993-08-30,25.63668794747477,25.757860679164388,25.63668794747477,25.72323989868164,183500
1993-08-31,25.705932322764557,25.792484283447266,25.671311538491473,25.792484283447266,66500
1993-09-01,25.705929013990584,25.809791353441053,25.705929013990584,25.75786018371582,136500
1993-09-02,25.775168942987154,25.80978972061373,25.65399622129413,25.671306610107422,472400
1993-09-03,25.653991213384668,25.723232755121195,25.619370442516402,25.68861198425293,630500
1993-09-07,25.68862787192356,25.723248664203783,25.48090311824224,25.51552391052246,196400
1993-09-08,25.515508915308462,25.515508915308462,25.255853125803966,25.428956985473633,269900
1993-09-09,25.32510626575221,25.498210204684213,25.32510626575221,25.480899810791016,239200
1993-09-10,25.55014098196319,25.72324491815535,25.515520194724754,25.705934524536133,106500
1993-09-13,25.792481459647135,25.792481459647135,25.72323989868164,25.72323989868164,66900
1993-09-14,25.6539921863659,25.6539921863659,25.532819483731245,25.61937141418457,184500
1993-09-15,25.515508129911606,25.705922369687062,25.42895620274094,25.68861198425293,101000
1993-09-16,25.653990762320845,25.671301147450617,25.56743883667199,25.584749221801758,54300
1993-09-17,25.569994662338196,25.587412914832978,25.500321652359073,25.535158157348633,200900
1993-09-20,25.569979582396954,25.62223430906398,25.326124191284176,25.32612419128418,57800
1993-09-21,25.360968106034875,25.39580460068602,24.97776666487226,25.23904037475586,318200
1993-09-22,25.326137046631196,25.482901306204564,25.29130054450378,25.44806480407715,439700
1993-09-23,25.517729362555308,25.60482058904867,25.48289287195796,25.58740234375,88500
1993-09-24,25.55256147547387,25.56997971778844,25.482888506215588,25.517724990844727,53500
1993-09-27,25.709324122602116,25.796415328979496,25.709324122602116,25.796415328979492,274600
1993-09-28,25.813838398666277,25.813838398666277,25.72674717599871,25.744165420532227,158300
1993-09-29,25.744182420926116,25.81385544506935,25.62225462867545,25.65709114074707,221000
1993-09-30,25.657096010324906,25.709350788350008,25.552586454274703,25.604841232299805,99300
1993-10-01,25.57000226722671,25.76160310165416,25.535165751876264,25.72676658630371,22700
1993-10-04,25.7615966796875,25.7615966796875,25.691923666355013,25.7615966796875,1038500
1993-10-05,25.813857874679826,25.813857874679826,25.6396752979276,25.72676658630371,436500
1993-10-06,25.744187104346626,25.848696659574017,25.709350585937496,25.7093505859375,209200
1993-10-07,25.744175110174265,25.744175110174265,25.62224735254827,25.639665603637695,59400
1993-10-08,25.709320730884812,25.726738969862378,25.48288362417648,25.674484252929688,54400
1993-10-11,25.726766586303714,25.77902135932938,25.726766586303714,25.72676658630371,467100
1993-10-12,25.7615966796875,25.779014933020623,25.744178426354377,25.7615966796875,26200
1993-10-13,25.779014933020623,25.779014933020623,25.726760173021255,25.7615966796875,139100
1993-10-14,25.86610725311157,26.092544555664062,25.796434236941572,26.092544555664062,108100
1993-10-15,26.214460034769367,26.284133018250483,26.144787051288255,26.23187828063965,1502500
1993-10-18,26.214482412833505,26.214482412833505,26.127391109136383,26.162227630615234,722400
1993-10-19,26.12737198950539,26.1796267334844,25.97060775756836,25.97060775756836,880100
1993-10-20,26.057711693878073,26.057711693878073,25.953202154998884,26.005456924438477,230400
1993-10-21,26.02286250154737,26.02286250154737,25.93577126158235,25.97060775756836,56200
1993-10-22,26.005440893198923,26.1099503676525,25.848676681518555,25.848676681518555,390700
1993-10-25,25.866080253354966,25.95317143265919,25.796407309911583,25.9183349609375,114500
1993-10-26,25.900930404663086,25.918348649723384,25.813839179361597,25.900930404663086,186200
1993-10-27,25.866080253354966,25.935753196798345,25.866080253354966,25.9183349609375,118400
1993-10-28,25.953192491385042,26.179629741309878,25.953192491385042,26.109956741333008,129600
1993-10-29,26.092538491338786,26.127374991327223,26.075120241344568,26.109956741333008,80700
1993-11-01,26.07512457689601,26.197052347128658,26.07512457689601,26.17963409423828,36400
1993-11-02,26.14480936987581,26.197064152094082,26.005463283960413,26.162227630615234,262100
1993-11-03,26.144789131766462,26.144789131766462,25.70933295035796,25.831260681152344,479100
1993-11-04,25.831252676008834,25.831252676008834,25.535142564416013,25.552560806274414,130400
1993-11-05,25.48288362417648,25.674484252929684,25.378374190311092,25.674484252929688,363200
1993-11-08,25.691932326732932,25.779023622755755,25.622259289914673,25.7093505859375,367600
1993-11-09,25.883530905380717,25.900949163055937,25.70934832862849,25.72676658630371,246900
1993-11-10,25.726734366468204,25.9183349609375,25.657061423024825,25.9183349609375,46500
1993-11-11,25.918349664487607,25.98802264745666,25.83125843577629,25.848676681518555,88900
1993-11-12,25.900934765596343,26.057698997533375,25.88351651760334,25.97060775756836,108200
1993-11-15,26.02286475520806,26.02286475520806,25.88351875919624,25.95319175720215,243300
1993-11-16,26.00544221734077,26.092533450486588,25.90093273756579,26.075115203857422,492600
1993-11-17,26.092530421557402,26.092530421557402,25.866093241664046,25.935766220092773,39600
1993-11-18,25.90093299018012,25.953187730577255,25.79642350938585,25.86609649658203,240800
1993-11-19,25.77898913549508,25.848662079104525,25.76157089959272,25.813825607299805,106000
1993-11-22,25.744182420926116,25.761600676961923,25.56999986056802,25.65709114074707,165300
1993-11-23,25.796415328979496,25.81383357025497,25.65706939877569,25.796415328979492,89700
1993-11-24,25.866093914542493,25.918348649723384,25.831257424421896,25.900930404663086,77200
1993-11-26,25.970589668520034,25.970589668520034,25.900916725076655,25.9183349609375,1019800
1993-11-29,25.98800796632342,26.040262674030505,25.8138256072998,25.813825607299805,517500
1993-11-30,25.796424186639662,25.953188411946723,25.77900593938332,25.831260681152344,230000
1993-12-01,25.9706059773763,25.988024224175344,25.866096496582028,25.86609649658203,379200
1993-12-02,25.91834797548559,25.95318446469995,25.866093241664046,25.935766220092773,352000
1993-12-03,25.918351658849815,26.040279388427738,25.918351658849815,26.040279388427734,306000
1993-12-06,26.07511228561401,26.16220350901286,26.07511228561401,26.12736701965332,99500
1993-12-07,26.127374991327223,26.14479324132144,26.075120241344568,26.109956741333008,88800
1993-12-08,26.109956741333004,26.109956741333004,26.075120241344568,26.109956741333008,146700
1993-12-09,26.10995271726146,26.14478921188089,25.98802498609346,26.02286148071289,416500
1993-12-10,26.040280749540372,26.040280749540372,25.918353013589346,25.97060775756836,412900
1993-12-13,25.9706028175354,26.12736701965332,25.935766328175863,26.12736701965332,273200
1993-12-14,26.144785155378944,26.144785155378944,25.93576622009277,25.935766220092773,41900
1993-12-15,25.97060338490428,25.988021629964578,25.900930404663086,25.900930404663086,82600
1993-12-16,26.00544773030217,26.00544773030217,25.953192979337064,25.98802947998047,78200
1993-12-17,26.043147215107144,26.148372052339898,26.025609742235016,26.130834579467773,104700
1993-12-20,26.113321141966548,26.18347109802287,26.095783652952466,26.16593360900879,68800
1993-12-21,26.130851894396617,26.130851894396617,26.043164471932197,26.07823944091797,205700
1993-12-22,26.148374320509916,26.271136641263485,26.095761897329815,26.253599166870117,410300
1993-12-23,26.236066818237305,26.288679251696337,26.20099186259795,26.236066818237305,533800
1993-12-27,26.236067741475207,26.376367568969727,26.236067741475207,26.376367568969727,447100
1993-12-28,26.35884898311663,26.446536438150286,26.3413114921099,26.428998947143555,880600
1993-12-29,26.446531454194027,26.464068941895746,26.376381503387144,26.393918991088867,266700
1993-12-30,26.37636268417226,26.37636268417226,26.236062882660708,26.28867530822754,219900
1993-12-31,26.34129446325168,26.37636942259023,26.130844707220373,26.14838218688965,312900
1994-01-03,26.1483893788895,26.18346434787527,26.043164471932197,26.07823944091797,960900
1994-01-04,26.11333123326541,26.183481216430664,26.078256241682784,26.183481216430664,164300
1994-01-05,26.21852934041763,26.25360429605698,26.113304473499564,26.236066818237305,710900
1994-01-06,26.27114177387666,26.288679251696337,26.20099186259795,26.236066818237305,201000
1994-01-07,26.288694064878545,26.411456478790583,26.218544114071662,26.393918991088867,775500
1994-01-10,26.429000575215273,26.709600448608402,26.35885060686699,26.7096004486084,593700
1994-01-11,26.692051669170983,26.692051669170983,26.5692892764744,26.6569766998291,295200
1994-01-12,26.674507413052098,26.674507413052098,26.481595130643438,26.56928253173828,158400
1994-01-13,26.499124526977543,26.55173695158438,26.46404957723965,26.49912452697754,244300
1994-01-14,26.58682500428091,26.656974938329146,26.58682500428091,26.60436248779297,137200
1994-01-17,26.60436248779297,26.639437454817088,26.551750037256795,26.60436248779297,17700
1994-01-18,26.639436721801754,26.674511687860743,26.586824272713272,26.639436721801758,166400
1994-01-19,26.60435749217622,26.63943245261416,26.516670091081377,26.56928253173828,200800
1994-01-20,26.60436175574277,26.65697420483125,26.586824272713272,26.639436721801758,281100
1994-01-21,26.674511832737988,26.674511832737988,26.569286933989513,26.586824417114258,85600
1994-01-24,26.56928148332811,26.69204384001675,26.481594085693363,26.48159408569336,373800
1994-01-25,26.49913156522031,26.51666904474726,26.428981647112515,26.48159408569336,310400
1994-01-26,26.481592639434293,26.5692800322801,26.44651768229597,26.551742553710938,145100
1994-01-27,26.604368900129305,26.832356240736875,26.56929392465122,26.79728126525879,344500
1994-01-28,26.902493247786637,26.95510568568974,26.86741828918457,26.86741828918457,356500
1994-01-31,26.97264964906565,27.112949517201233,26.93757468203176,27.06033706665039,313800
1994-02-01,27.025272702394165,27.025272702394165,26.884972779214962,26.920047760009766,303600
1994-02-02,27.007727687798656,27.095415115356445,26.9901902022871,27.095415115356445,307600
1994-02-03,27.042787078143096,27.042787078143096,26.884949799476892,26.972637176513672,466100
1994-02-04,26.97265684390496,27.007731820294953,26.358844757080075,26.358844757080078,1403200
1994-02-07,26.28868181089692,26.551744003801158,26.28868181089692,26.48159408569336,516400
1994-02-08,26.534199476715433,26.534199476715433,26.393899677763866,26.49912452697754,188200
1994-02-09,26.516675070232676,26.62189997130503,26.48160010320856,26.60436248779297,144600
1994-02-10,26.586817310211508,26.604354788648322,26.376367568969727,26.376367568969727,883900
1994-02-11,26.393898489303034,26.5341982819372,26.271136170748136,26.464048385620117,519400
1994-02-14,26.41143715263281,26.58681190132227,26.376362202894917,26.49912452697754,2742100
1994-02-15,26.551749306654283,26.65697420483125,26.516674340595294,26.639436721801758,374700
1994-02-16,26.67450918793207,26.67450918793207,26.569284299616754,26.621896743774414,287600
1994-02-17,26.744647970888455,26.762185444967727,26.393898489303034,26.464048385620117,342400
1994-02-18,26.481601575215656,26.499139059702554,26.236076792399086,26.30622673034668,313300
1994-02-22,26.37637024932962,26.56928253173828,26.37637024932962,26.56928253173828,154500
1994-02-23,26.60434937619122,26.621886851060165,26.41143715263281,26.49912452697754,391700
1994-02-24,26.411444381928778,26.411444381928778,26.130844707220373,26.14838218688965,770800
1994-02-25,26.18346317046793,26.271150588989254,26.130850719355134,26.271150588989258,531300
1994-02-28,26.341300523806318,26.411450458623378,26.271150588989254,26.271150588989258,333000
1994-03-01,26.271158543093275,26.32377101013552,26.025633696896143,26.16593360900879,423600
1994-03-02,25.832714942564447,26.20100212097168,25.762565003820214,26.20100212097168,581500
1994-03-03,26.165909525212026,26.165909525212026,26.06068468797927,26.130834579467773,223200
1994-03-04,26.130852182227446,26.271152059715913,26.04316475879715,26.20100212097168,595800
1994-03-07,26.288705644213884,26.376393121346016,26.288705644213884,26.341318130493164,539800
1994-03-08,26.358829162975045,26.358829162975045,26.20099186259795,26.236066818237305,880300
1994-03-09,26.271157316105093,26.376382245275074,26.148394898740115,26.358844757080078,2500100
1994-03-10,26.34129446325168,26.34129446325168,26.06069478854327,26.14838218688965,207400
1994-03-11,26.183450457093873,26.32375025860543,26.04315065558232,26.28867530822754,576600
1994-03-14,26.393905178377583,26.393905178377583,26.28868030723455,26.323755264282227,345900
1994-03-15,26.37637666829427,26.428989121754963,26.28868924585978,26.30622673034668,748600
1994-03-16,26.341291634494038,26.51666641235352,26.253604245564297,26.516666412353516,455500
1994-03-17,26.42897902342378,26.551741367925413,26.42897902342378,26.516666412353516,133000
1994-03-18,26.38742990297075,26.54617781014103,26.3697912466185,26.510900497436523,365500
1994-03-21,26.42269376534633,26.493248354839913,26.369777823226148,26.440332412719727,324800
1994-03-22,26.440345872027514,26.563816466493286,26.38742990297075,26.510900497436523,435700
1994-03-23,26.49326705932617,26.563821698631966,26.47562839949972,26.493267059326172,698500
1994-03-24,26.387418330519026,26.440334276368997,26.05228400680254,26.17575454711914,1200500
1994-03-25,26.193401375595407,26.263955992095326,25.928821563720707,25.928821563720703,100900
1994-03-28,25.964101791381836,25.999379103598386,25.734799261974253,25.964101791381836,1117200
1994-03-29,25.96407909750195,25.981717738193186,25.452558517456055,25.452558517456055,338400
1994-03-30,25.470209841483594,25.54076443938244,25.09979820251465,25.09979820251465,1123900
1994-03-31,25.09979263150617,25.22326315042433,24.570633264714047,25.170347213745117,788800
1994-04-04,24.464799629835895,24.852849804209644,24.464799629835895,24.78229522705078,2627300
1994-04-05,25.029247275955008,25.293827056884766,25.029247275955008,25.293827056884766,1179000
1994-04-06,25.329104361008735,25.346743013070718,25.11744053626493,25.293827056884766,516500
1994-04-07,25.27619004497753,25.47021523024951,25.13508081932518,25.417299270629883,666100
1994-04-08,25.36436619525189,25.36436619525189,25.099786575690846,25.223257064819336,242400
1994-04-11,25.293826166965836,25.434935378497027,25.23209088692094,25.329103469848633,203300
1994-04-12,25.35556233910171,25.39965896925667,25.240911100698813,25.293827056884766,1409200
1994-04-13,25.285015401696473,25.346750702642364,24.976338896967007,25.161544799804688,364100
1994-04-14,25.117431277065904,25.302637055443146,25.06451534038669,25.170347213745117,419900
1994-04-15,25.16152789096525,25.27617908710354,25.126250599845772,25.170347213745117,387300
1994-04-18,25.196823321280238,25.267377954311474,24.923424118284196,25.002798080444336,369100
1994-04-19,24.976312554693003,25.135060303981305,24.826384124809604,25.038047790527344,472200
1994-04-20,25.064527901675035,25.12626319207325,24.87932203048039,25.011611938476562,508000
1994-04-21,25.11742692600959,25.382006563572894,25.029233713488487,25.346729278564453,200300
1994-04-22,25.40846949012302,25.42610813607243,25.249721676578343,25.320276260375977,301800
1994-04-25,25.311468342015434,25.60250613131387,25.311468342015434,25.584867477416992,394600
1994-04-26,25.549579877043858,25.59367649402184,25.505483260065873,25.558399200439453,399000
1994-04-28,25.505495097266746,25.54077240722147,25.29383123753839,25.373205184936523,287000
1994-04-29,25.329088032617392,25.487835798838532,25.293810751234915,25.452558517456055,481900
1994-05-02,25.452578327872533,25.805351416269936,25.364385055773184,25.611326217651367,275000
1994-05-03,25.620144785210744,25.62896411215918,25.434938919293558,25.584867477416992,183400
1994-05-04,25.63776302271785,25.63776302271785,25.443737984362226,25.54075050354004,401900
1994-05-05,25.56722462787338,25.6113212553792,25.505489349365234,25.505489349365234,659800
1994-05-06,25.382009712677426,25.382009712677426,25.170345976366008,25.2585391998291,216300
1994-05-09,25.18797622041074,25.258530775649984,24.993951193502813,25.038047790527344,499300
1994-05-10,25.161523980971022,25.31145244493054,25.143885338152256,25.232078552246094,583400
1994-05-11,25.205642650409143,25.24091996692476,24.932243447413104,25.002798080444336,210600
1994-05-12,25.16152660266773,25.187984569652663,25.064514057056325,25.126249313354492,305200
1994-05-13,25.19680389198097,25.19680389198097,25.002778800758158,25.126249313354492,321300
1994-05-16,25.179178880390367,25.258552824321544,25.126262917769584,25.135082244873047,450400
1994-05-17,25.15271632931869,25.505489349365234,25.117439027314035,25.505489349365234,470200
1994-05-18,25.523120047257933,25.78769972984872,25.40846885146859,25.69068717956543,824800
1994-05-19,25.637774820982656,25.88471589252979,25.637774820982656,25.81416130065918,531000
1994-05-20,25.770065680452824,25.78770432910474,25.68187243719323,25.71714973449707,370400
1994-05-23,25.690682847243494,25.699502168509284,25.593670313319812,25.673044204711914,262700
1994-05-24,25.743599971597668,25.875889796734345,25.743599971597668,25.77887725830078,549600
1994-05-25,25.681870563654147,25.867076360988193,25.593677326828413,25.849437713623047,738200
1994-05-26,25.84061318601393,25.928806405078824,25.81415522029446,25.8670711517334,369600
1994-05-27,25.822982923211455,25.893537521362305,25.778886299367173,25.893537521362305,162000
1994-05-31,25.814170195331027,25.911182792580306,25.770073560217718,25.858266830444336,160000
1994-06-01,25.79652344229266,25.972909927368164,25.717149524008683,25.972909927368164,200500
1994-06-02,25.99054589650811,25.99054589650811,25.902352663062203,25.946449279785156,55100
1994-06-03,25.964086575780456,26.184569647925333,25.8847126698083,26.096376419067383,550400
1994-06-06,26.149309305341923,26.228683262761173,26.069935347922673,26.087574005126953,99300
1994-06-07,26.043472543146937,26.087569177998184,25.98173725435519,26.052291870117188,120600
1994-06-08,26.114011382405668,26.114011382405668,25.84061241149902,25.840612411499023,131900
1994-06-09,25.955262007392836,25.981719970703125,25.90234608077226,25.981719970703125,80500
1994-06-10,26.008192570400983,26.078747178933774,26.008192570400983,26.02583122253418,83100
1994-06-13,25.990547322823513,26.069921237280727,25.981727998994934,26.06110191345215,109700
1994-06-14,26.140481693941606,26.272771581056695,26.140481693941606,26.263952255249023,161000
1994-06-15,26.272770432146192,26.281589757568195,26.14048055081615,26.158119201660156,142800
1994-06-16,26.15810740202625,26.228661973575882,26.13164943769514,26.211023330688477,44000
1994-06-17,26.22452707966277,26.25115997784794,26.029219159638203,26.064729690551758,403800
1994-06-20,25.87828967711312,25.92267782407215,25.81614627137048,25.8427791595459,137400
1994-06-21,25.82502171667764,25.82502171667764,25.514304714242535,25.62083625793457,139200
1994-06-22,25.691874862581358,25.80728411386455,25.665241958439083,25.718507766723633,279900
1994-06-23,25.76289485428068,25.79840539164013,25.53207636144426,25.56758689880371,922500
1994-06-24,25.443296585353554,25.443296585353554,24.999414928246896,25.03492546081543,353800
1994-06-27,25.132586220242327,25.469936370849606,25.00829932265017,25.46993637084961,371200
1994-06-28,25.47880466681646,25.47880466681646,25.14145463986906,25.345640182495117,5382300
1994-06-29,25.38114514297613,25.57645301046318,25.35451225195517,25.425533294677734,311800
1994-06-30,25.469928812494768,25.478806445402572,25.176966926537176,25.265743255615234,271900
1994-07-01,25.390025108091294,25.390025108091294,25.212472484957786,25.31900405883789,406900
1994-07-05,25.372278340568847,25.487687584245332,25.292379633408206,25.452177047729492,112000
1994-07-06,25.3545340092666,25.46106566476772,25.265757629682334,25.416677474975586,174800
1994-07-07,25.416675065413763,25.52320671081543,25.390042154063348,25.52320671081543,66700
1994-07-08,25.363387321546497,25.558695169314795,25.354509692102486,25.514307022094727,148400
1994-07-11,25.53206485876158,25.57645301046318,25.30124646991325,25.425533294677734,124000
1994-07-12,25.43441904139818,25.46992957409123,25.292376910625972,25.46105194091797,257300
1994-07-13,25.46992732139983,25.58533654244486,25.46992732139983,25.50543785095215,532700
1994-07-14,25.629731303075786,25.833916900571715,25.611976033728315,25.780651092529297,494200
1994-07-15,25.76290642218007,25.842805167114467,25.754028783854025,25.789539337158203,49100
1994-07-18,25.789527539125423,25.896059150302534,25.789527539125423,25.83391571044922,72300
1994-07-19,25.878305073940393,25.88718270861413,25.780651092529297,25.780651092529297,609500
1994-07-20,25.798401923956487,25.798401923956487,25.603093994731765,25.665237426757812,185300
1994-07-21,25.665241958439083,25.73626303615182,25.611976150154533,25.718507766723633,86300
1994-07-22,25.780643218636595,25.798398482561275,25.70962216293787,25.762887954711914,151600
1994-07-25,25.771764169786195,25.825029958631777,25.745131275363406,25.798397064208984,120900
1994-07-26,25.78952383592627,25.807279101906254,25.74513567097631,25.77176856994629,489600
1994-07-27,25.771768569946286,25.771768569946286,25.665236974066385,25.77176856994629,83200
1994-07-28,25.771776909433143,25.896063811511016,25.771776909433143,25.825042724609375,828200
1994-07-29,26.00259410969817,26.162391547040116,25.99371647429028,26.08249282836914,459100
1994-08-01,26.100240257697376,26.224527116067364,26.073607359475236,26.206771850585938,486300
1994-08-02,26.29554484242193,26.34881063210948,26.153502736588454,26.242279052734375,505500
1994-08-03,26.23341012089729,26.268920659132007,26.189021948103893,26.25116539001465,144100
1994-08-04,26.233410952042558,26.260043856562397,26.09136879460341,26.10024642944336,231700
1994-08-05,25.967067386510024,26.046966055391593,25.940434496882833,26.011455535888672,138400
1994-08-08,26.038090247055848,26.100233660533306,26.011457355565508,26.07360076904297,328600
1994-08-09,25.975948397275303,26.117990493774414,25.975948397275303,26.117990493774414,105900
1994-08-10,26.1357404513154,26.242272002068045,26.100229934397852,26.215639114379883,840300
1994-08-11,26.153501017899192,26.268910221304722,25.984826028306497,26.117990493774414,876200
1994-08-12,26.16238810006925,26.331063150595657,26.16238810006925,26.322185516357422,184100
1994-08-15,26.34881734397569,26.410960781107708,26.31330680847168,26.31330680847168,325900
1994-08-16,26.33105037312212,26.526358231587626,26.22451881395912,26.499725341796875,1089500
1994-08-17,26.535243257195848,26.552998522004945,26.464222197959458,26.481977462768555,133700
1994-08-18,26.393218994140625,26.455362463013476,26.366586078909403,26.393218994140625,620000
1994-08-19,26.402084945067536,26.4287178485091,26.31330860026233,26.375452041625977,103200
1994-08-22,26.38432263171255,26.38432263171255,26.295546310609883,26.348812103271484,79700
1994-08-23,26.464214822075874,26.624012160820378,26.428704302354873,26.499725341796875,268600
1994-08-24,26.526369726416842,26.78382110595703,26.517492092639593,26.78382110595703,254700
1994-08-25,26.7571834185148,26.819326843839818,26.641774200054055,26.71279525756836,147400
1994-08-26,26.774958004332778,27.147818825348022,26.774958004332778,27.094552993774414,339500
1994-08-29,27.16555664812932,27.263210609936323,27.06790268632232,27.076780319213867,350300
1994-08-30,27.067913162700485,27.192200071286187,27.032402617390286,27.147811889648438,36000
1994-08-31,27.1034132178885,27.20994481258705,27.041269787647686,27.076780319213867,356200
1994-09-01,26.987998962402344,27.00575422487761,26.890345018788388,26.987998962402344,294600
1994-09-02,27.112294770799377,27.112294770799377,26.828210477195714,26.87259864807129,99600
1994-09-06,26.854825397778693,26.908091167162716,26.774926743702657,26.881458282470703,229800
1994-09-07,26.9436137396442,26.9436137396442,26.828204520990038,26.85483741760254,27900
1994-09-08,26.908100281263653,27.02350948735287,26.89922265002602,26.987998962402344,284800
1994-09-09,26.721664178878704,26.774929954650556,26.597377368744386,26.703908920288086,488400
1994-09-12,26.70392214071357,26.739432675475157,26.579635269048012,26.6240234375,129400
1994-09-13,26.677276032402162,26.774929954650556,26.62401025663031,26.703908920288086,389200
1994-09-14,26.61514344559045,26.76606320495504,26.61514344559045,26.730552673339844,423500
1994-09-15,26.801563192250573,27.06789207458496,26.801563192250573,27.06789207458496,779800
1994-09-16,26.866329681203787,26.946714311233983,26.777013425614676,26.875261306762695,571300
1994-09-19,26.93779370129346,27.053904881040417,26.87527229681433,26.902067184448242,167300
1994-09-20,26.759152459210753,26.785947338175248,26.392955780029297,26.392955780029297,355600
1994-09-21,26.473340416922788,26.473340416922788,26.14287024302733,26.392955780029297,397500
1994-09-22,26.455471820391338,26.455471820391338,26.303634203596385,26.330429077148438,266400
1994-09-23,26.339376851439553,26.39296663140179,26.196470771540255,26.24112892150879,176600
1994-09-26,26.339355524943475,26.392945261515077,26.285765788371872,26.37508201599121,223000
1994-09-27,26.375096302685275,26.446549323484962,26.294711654285624,26.35723304748535,479500
1994-09-28,26.50013882470917,26.59838672732858,26.482275569687456,26.562660217285156,324000
1994-09-29,26.562652888270637,26.562652888270637,26.348293887154803,26.428678512573242,195900
1994-09-30,26.41975065899379,26.544793427494778,26.392955780029297,26.392955780029297,5200
1994-10-03,26.41081369780459,26.437608571356638,26.285770954561684,26.330429077148438,72600
1994-10-04,26.46441651572866,26.46441651572866,25.919587151078154,25.937450408935547,84200
1994-10-05,25.892802265055618,25.946392059326172,25.723101249865532,25.946392059326172,461900
1994-10-06,25.964226086495334,25.982089331136883,25.821320129362917,25.865978240966797,345200
1994-10-07,25.866001689093924,26.053565927861523,25.83920679784141,25.982112884521484,188700
1994-10-10,26.098218115981744,26.303645568640054,26.089286487605296,26.258987426757812,213600
1994-10-11,26.375100850419766,26.723434386879763,26.375100850419766,26.651981353759766,461400
1994-10-12,26.68770599365234,26.723432507700068,26.62518459406882,26.687705993652344,162400
1994-10-13,26.991374717544442,27.05389610173465,26.750220807096493,26.777015686035156,1564500
1994-10-14,26.866332561856524,26.90205906792282,26.687700031525033,26.89312744140625,72800
1994-10-17,26.8663334546589,26.90205996191244,26.812743693778597,26.83953857421875,282300
1994-10-18,26.812742191286702,26.812742191286702,26.687699422906284,26.777015686035156,132100
1994-10-19,26.67877645416564,27.00031510577259,26.669844824954335,26.902067184448242,136700
1994-10-20,26.90204975056776,26.90204975056776,26.643032671296023,26.723417282104492,290300
1994-10-21,26.651962223949045,26.687688714865867,26.500124637552553,26.616235733032227,87800
1994-10-24,26.62517806438827,26.732357580246255,26.3840241537078,26.392955780029297,149600
1994-10-25,26.3036542651297,26.473355260388605,26.294722633800287,26.41976547241211,91800
1994-10-26,26.518014907836918,26.544809803331532,26.39297206219538,26.518014907836914,201000
1994-10-27,26.61623916140679,26.678760528564453,26.55371779424912,26.678760528564453,210300
1994-10-28,26.73235809013492,27.26825567964648,26.73235809013492,27.2414608001709,192100
1994-10-31,27.17893977854039,27.205734658374638,27.13428164548331,27.143213272094727,36300
1994-11-01,27.027102737299813,27.027102737299813,26.830606947405364,26.83953857421875,435200
1994-11-02,26.759159021747795,27.000312991569956,26.68770599365234,26.687705993652344,115600
1994-11-03,26.77703192897548,26.875279878014414,26.74130540205223,26.83062171936035,87000
1994-11-04,26.95565514009678,26.95565514009678,26.482278823852536,26.48227882385254,124400
1994-11-07,26.544796962263447,26.634113237372006,26.4733439421766,26.562660217285156,115000
1994-11-08,26.651964836133335,26.857392179039188,26.607306718110326,26.768075942993164,308300
1994-11-09,27.053890370591972,27.053890370591972,26.58051427628977,26.81273651123047,318500
1994-11-10,26.83061631595237,26.884206095544815,26.607325567650502,26.62518882751465,172100
1994-11-11,26.589447415155995,26.616242289944527,26.45547304121332,26.526926040649414,302200
1994-11-14,26.643041291341852,26.785947312348043,26.643041291341852,26.777015686035156,181400
1994-11-15,26.750227393235864,26.91992833496257,26.48227853787791,26.687705993652344,316900
1994-11-16,26.73235755447072,26.777015686035156,26.643041291341852,26.777015686035156,106900
1994-11-17,26.79488449147918,26.79488449147918,26.491209133909084,26.598388671875,104700
1994-11-18,26.60731835483944,26.651976492393718,26.446549059644035,26.562660217285156,269300
1994-11-21,26.54480534532796,26.625190018311795,26.294719696044925,26.294719696044922,283100
1994-11-22,26.196465512779024,26.294713422987193,25.72308921813965,25.72308921813965,483600
1994-11-23,25.740935528475937,25.874909863287574,25.499781725814987,25.865978240966797,601600
1994-11-25,25.883859732716353,26.026765790591945,25.883859732716353,25.991039276123047,77300
1994-11-28,25.982094940566625,26.11606930430279,25.919573570823083,26.10713768005371,79900
1994-11-29,26.098215103149414,26.15180486722159,26.008898829695788,26.098215103149414,105500
1994-11-30,26.23217987638373,26.267906372640294,26.06247901916504,26.06247901916504,218800
1994-12-01,26.089286534833263,26.089286534833263,25.74988465591383,25.80347442626953,439000
1994-12-02,25.749878751888197,26.04462242126465,25.749878751888197,26.04462242126465,318500
1994-12-05,26.098223189288273,26.1875394904152,26.008906888161345,26.071428298950195,139200
1994-12-06,25.973171836176544,26.09821461668083,25.928513700282156,26.089282989501953,249900
1994-12-07,25.928522567091317,26.008907239190464,25.874932785691886,25.9017276763916,531900
1994-12-08,26.008899316814286,26.044625826864856,25.580181196207455,25.651634216308594,261500
1994-12-09,25.651633843174835,25.76774499915021,25.544454314582183,25.749881744384766,235900
1994-12-12,25.69629168494006,25.919582366943363,25.69629168494006,25.91958236694336,151100
1994-12-13,25.90171494436477,26.02675770616515,25.90171494436477,26.017826080322266,70900
1994-12-14,25.982103056594973,26.267915121844556,25.982103056594973,26.151803970336914,203300
1994-12-15,26.187521521802417,26.31256425758183,26.187521521802417,26.232179641723633,130100
1994-12-16,26.315308739578786,26.41434000750057,26.288300211963755,26.360322952270508,266100
1994-12-19,26.36032994414742,26.414347013705097,26.2793043398109,26.39634132385254,1120200
1994-12-20,26.42333023196575,26.441335908444092,26.315296173095703,26.315296173095703,675600
1994-12-21,26.333312271572726,26.657414576453622,26.333312271572726,26.59439468383789,544500
1994-12-22,26.59438844172376,26.621396960791184,26.486354365454062,26.513362884521484,222000
1994-12-23,26.495354839387065,26.603388906010455,26.495354839387065,26.540369033813477,125800
1994-12-27,26.63039878119341,26.73843285332807,26.612393102504303,26.684415817260742,95200
1994-12-28,26.711432413312693,26.711432413312693,26.486361361633282,26.549381256103516,358200
1994-12-29,26.648396899521615,26.648396899521615,26.540362858037067,26.567371368408203,220100
1994-12-30,26.62138602043539,26.64839452840337,26.25226974487305,26.252269744873047,2209500
1995-01-03,26.333302686645716,26.41432823337386,26.32429984812037,26.37831687927246,324300
1995-01-04,26.495357359233108,26.50436019897461,26.360314763110615,26.50436019897461,351800
1995-01-05,26.522365878457606,26.567380077165105,26.477351679750107,26.50436019897461,89800
1995-01-06,26.558363409336845,26.64839175987697,26.450329388688694,26.531354904174805,448400
1995-01-09,26.522380192643503,26.558391571044922,26.504374503442794,26.558391571044922,36800
1995-01-10,26.621407185576142,26.729441303339726,26.58539581298828,26.58539581298828,229800
1995-01-11,26.675416278355016,26.675416278355016,26.396328224143403,26.6033935546875,222400
1995-01-12,26.57638106907495,26.63039810376819,26.52236403438171,26.61239242553711,40300
1995-01-13,26.756457148647275,26.927511215209957,26.720445766213025,26.92751121520996,170600
1995-01-16,26.918499820768815,27.098556675757234,26.918499820768815,27.089553833007812,105100
1995-01-17,27.035527105109637,27.116552660869203,26.99951574699427,27.098546981811523,89500
1995-01-18,27.08054176485336,27.125555963265686,27.008519047393648,27.0715389251709,84500
1995-01-19,26.98151697841376,27.00852550391768,26.90049140190201,26.91849708557129,139100
1995-01-20,26.882481705946343,26.891484546437283,26.765444779564124,26.819461822509766,78700
1995-01-23,26.639403631728655,26.90048599243164,26.621397951680173,26.90048599243164,53700
1995-01-24,26.891495864659067,26.936510086059567,26.87349017609887,26.93651008605957,32400
1995-01-25,26.80146048355103,27.107557109832765,26.80146048355103,27.008525848388672,15700
1995-01-26,26.990519696063213,27.07154527220216,26.936502645303914,27.035533905029297,9800
1995-01-27,27.2155926857817,27.2155926857817,27.035535837050098,27.143569946289062,91200
1995-01-30,27.089541553418528,27.10754723075546,26.990510328065387,27.026521682739258,26600
1995-01-31,27.08054449515542,27.179575741647014,27.035530292204697,27.13456153869629,127500
1995-02-01,27.170582608926583,27.2696138908014,27.08055417085857,27.125568389892578,380200
1995-02-02,27.116549447518064,27.2876033782959,27.116549447518064,27.2876033782959,131700
1995-02-03,27.458667817174728,27.71975023248557,27.413653607638373,27.67473602294922,405100
1995-02-06,27.665727360178284,27.872792680479,27.63871884013906,27.791767120361328,405400
1995-02-07,27.836776886430613,27.836776886430613,27.737745662061034,27.827774047851562,702900
1995-02-08,27.79176269353535,27.926805272221138,27.773757016377246,27.827774047851562,521500
1995-02-09,27.782759854956296,27.82777404785156,27.72874282348198,27.827774047851562,390700
1995-02-10,27.79176398540737,27.863786697387695,27.710738434429505,27.863786697387695,148300
1995-02-13,27.845794204593627,27.926819793937742,27.845794204593627,27.872802734375,79700
1995-02-14,27.962824801783405,27.962824801783405,27.800773659982987,27.9088077545166,170200
1995-02-15,27.908810813495048,28.09787049965098,27.88180228690134,28.061859130859375,431500
1995-02-16,28.02583122253418,28.052839733188726,27.94480569057054,28.02583122253418,99300
1995-02-17,27.998837923396216,28.01684360694824,27.9088095056361,27.91781234741211,49100
1995-02-21,27.917810595727733,27.962824801783405,27.899804913305466,27.9088077545166,168000
1995-02-22,27.935818406201847,28.115875244140625,27.917812722407966,28.115875244140625,386400
1995-02-23,28.223918121489113,28.322949413143462,28.151895363922318,28.160898208618164,402800
1995-02-24,28.196917840412684,28.24193207706724,28.1248950617654,28.232929229736328,307600
1995-02-27,28.15188658042032,28.232912157402662,27.96282690079486,28.007841110229492,280900
1995-02-28,27.980822888156357,28.241905212402344,27.980822888156357,28.241905212402344,493500
1995-03-01,28.214907448223702,28.250918817015307,28.03485060426567,28.061859130859375,242600
1995-03-02,28.052865184526034,28.09787940979004,27.971839579050833,28.09787940979004,488600
1995-03-03,28.007820390265085,28.106851577758793,27.93579770845148,28.10685157775879,290000
1995-03-06,27.917812567209005,28.124877929687496,27.881801199821442,28.1248779296875,85700
1995-03-07,28.025844690261348,28.088864578739287,27.782767977560717,27.9088077545166,180900
1995-03-08,27.95381499993755,28.016834872723237,27.854783771274324,27.980823516845703,155900
1995-03-09,27.971826553344727,27.998835075926007,27.899803826461316,27.971826553344727,63500
1995-03-10,27.998841198292983,28.45798618257367,27.96282982697685,28.385963439941406,192100
1995-03-13,28.36796585809617,28.457994312104724,28.331954476492747,28.358963012695312,261300
1995-03-14,28.43996787048686,28.602018969463995,28.43996787048686,28.566007614135742,223300
1995-03-15,28.52099433997696,28.566008535589294,28.40395743138488,28.511991500854492,278500
1995-03-16,28.484989556589742,28.701057745388145,28.484989556589742,28.68305206298828,20400
1995-03-17,28.639169618430987,28.747788466541344,28.62106647707926,28.71158218383789,89900
1995-03-20,28.747788466541344,28.747788466541344,28.65727275978271,28.71158218383789,91700
1995-03-21,28.71158799510237,28.892619445260646,28.59391755249949,28.639175415039062,104400
1995-03-22,28.6934812369315,28.6934812369315,28.575810809145977,28.66632652282715,74900
1995-03-23,28.63012164517057,28.76589522236866,28.593915357917744,28.684431076049805,220500
1995-03-24,28.774947979469513,29.091753005981445,28.774947979469513,29.091753005981445,134000
1995-03-27,29.13700287815658,29.209415435791016,29.064590320522143,29.209415435791016,132100
1995-03-28,29.13700287815658,29.209415435791016,29.10079659933936,29.209415435791016,121900
1995-03-29,29.182265738707777,29.480967590251623,29.037440598565308,29.200368881225586,246100
1995-03-30,29.26373329103363,29.26373329103363,29.028392410870662,29.14606285095215,298400
1995-03-31,28.9197511200151,29.06457616474757,28.702513552916397,29.028369903564453,541300
1995-04-03,29.019352543001784,29.100816726684574,29.001249391072278,29.10081672668457,193300
1995-04-04,29.10984690964443,29.290878295898434,29.10984690964443,29.290878295898438,66900
1995-04-05,29.227517310709533,29.318033003836536,29.20941417208413,29.290878295898438,107200
1995-04-06,29.363297422531204,29.426658421901646,29.308987994499393,29.399503707885742,352500
1995-04-07,29.46284727910634,29.46284727910634,29.23655812949723,29.372331619262695,361400
1995-04-10,29.327091344940737,29.42665863037109,29.308988202135218,29.426658630371094,285400
1995-04-11,29.499072991477117,29.50812456342909,29.308989980485705,29.32709312438965,250300
1995-04-12,29.372349201954535,29.42665863037109,29.31803977353798,29.426658630371094,150900
1995-04-13,29.480965503168672,29.59863592120404,29.462862361932462,29.589584350585938,243400
1995-04-17,29.698210837144117,29.725365555983323,29.327096346341644,29.417612075805664,178900
1995-04-18,29.444757105281745,29.444757105281745,29.245622565989954,29.318035125732422,329500
1995-04-19,29.318033003836536,29.38139398902544,29.13700161758253,29.290878295898438,223000
1995-04-20,29.37233832175994,29.417596162009186,29.218461664912507,29.336132049560547,207900
1995-04-21,29.345204395204004,29.49002958654369,29.345204395204004,29.48097801208496,145000
1995-04-24,29.4628597687879,29.824922561645508,29.4628597687879,29.824922561645508,169000
1995-04-25,29.779679350060654,29.82493722141333,29.725369904437443,29.743473052978516,293200
1995-04-26,29.689139078800785,29.788706313516276,29.61672654446225,29.77060317993164,204400
1995-04-27,29.725360501271727,29.861134072379848,29.70725735845731,29.84303092956543,502200
1995-04-28,29.833975262240454,29.933542534050115,29.643892288785644,29.88828468322754,130800
1995-05-01,29.861125513951976,29.92448649564269,29.806816101074222,29.80681610107422,518700
1995-05-02,29.83399480646307,29.915458991310814,29.770633773803713,29.870201110839844,228400
1995-05-03,29.969739937882046,30.286544799804688,29.969739937882046,30.286544799804688,724700
1995-05-04,30.322764935105614,30.521899510798843,30.196042932391737,30.268455505371094,311400
1995-05-05,30.395174672931965,30.395174672931965,30.168885403478928,30.23224639892578,314900
1995-05-08,30.205085786145876,30.549045408523323,30.177931079116078,30.449478149414062,183100
1995-05-09,30.57619989900779,30.6124061747911,30.377065382199568,30.42232322692871,180600
1995-05-10,30.503801643405595,30.512853216593548,30.313718606458554,30.45854377746582,330300
1995-05-11,30.503783200574333,30.53998947143555,30.40421595570599,30.539989471435547,351700
1995-05-12,30.42231290713306,30.630498922266668,30.413261341257684,30.558086395263672,94600
1995-05-15,30.639550415974742,30.70291137695312,30.57618945499636,30.702911376953125,147200
1995-05-16,30.69388028798415,30.793447578803328,30.639570856628236,30.72103500366211,221600
1995-05-17,30.72101623368172,30.73006780004403,30.57619117188475,30.60334587097168,189200
1995-05-18,30.549055316439627,30.56715846033085,30.15983772277832,30.15983772277832,577800
1995-05-19,30.11456794601468,30.23223833474272,30.069310104196205,30.177928924560547,363900
1995-05-22,30.277491897406478,30.558090477023697,30.259388763237624,30.512832641601562,216000
1995-05-23,30.567160091142245,30.79344940185547,30.476644366856956,30.79344940185547,136800
1995-05-24,30.847757424747243,30.947324716904586,30.585261836332435,30.775344848632812,370800
1995-05-25,30.68479893314744,30.82962394286141,30.53997392343347,30.80246925354004,379900
1995-05-26,30.684818943672315,30.69387051268225,30.331807752284934,30.449478149414062,518600
1995-05-30,30.521895729357592,30.603359863866554,30.34086431933768,30.440431594848633,61500
1995-05-31,30.386107091128633,31.074026107788082,30.386107091128633,31.074026107788086,564500
1995-06-01,30.938272889529433,31.227923191596414,30.8477571701335,30.992582321166992,810100
1995-06-02,30.865849132331913,31.236963447412737,30.75723030840582,31.019725799560547,112900
1995-06-05,31.019729201588994,31.309379430492072,30.99257449262933,31.20981216430664,257200
1995-06-06,31.182651300890235,31.291270115291013,31.15549659729004,31.15549659729004,165800
1995-06-07,31.092149612502517,31.1102527563817,30.956376033408617,30.992582321166992,41900
1995-06-08,30.983521277787258,31.07403696951319,30.9201602935791,30.9201602935791,141100
1995-06-09,30.8567793624842,30.8929856157696,30.558077772879628,30.73910903930664,304900
1995-06-12,30.838697368124745,31.03783189765182,30.82059422907683,30.911109924316406,378500
1995-06-13,31.05594208232221,31.264128228604175,31.028787367589782,31.24602508544922,120000
1995-06-14,31.200744145018152,31.25505353430452,31.101176931326478,31.218847274780273,389400
1995-06-15,31.264134762744156,31.418011511721183,31.209825321928733,31.354650497436523,274500
1995-06-16,31.29292406812181,31.447704315185547,31.29292406812181,31.447704315185547,325100
1995-06-19,31.538790615725034,31.82103729848701,31.520581152321036,31.802827835083008,134600
1995-06-20,31.711770057678223,31.82102680206299,31.69356060028076,31.720874786376953,287800
1995-06-21,31.821032545472065,31.848346736498222,31.70267105102539,31.70267105102539,158200
1995-06-22,31.83922491592615,32.13968085593918,31.83922491592615,32.1214714050293,297000
1995-06-23,32.0486307184793,32.06684016775117,31.957583472119985,32.057735443115234,315400
1995-06-26,31.966691874333858,32.021320228434114,31.67534065246582,31.67534065246582,132900
1995-06-27,31.666238771605602,31.87564748113606,31.59340095959501,31.611610412597656,127700
1995-06-28,31.61161424696958,31.90296553035179,31.511462243306948,31.77549934387207,212600
1995-06-29,31.775503158569336,31.85744571685791,31.502361297607422,31.720874786376953,89200
1995-06-30,31.78461362410386,31.893870388208484,31.638937938631024,31.70267105102539,714100
1995-07-03,31.739088999866926,31.82103157043457,31.739088999866926,31.82103157043457,9500
1995-07-05,31.91208552335524,32.08507543061451,31.839247667667124,31.93939971923828,409300
1995-07-06,31.94849017825289,32.349098205566406,31.884757082998465,32.349098205566406,202500
1995-07-07,32.28535375277112,32.50386714534487,32.267144303389976,32.4947624206543,481700
1995-07-10,32.52207851062733,32.60402103766978,32.458345434038755,32.51297378540039,400400
1995-07-11,32.48567008220821,32.51298426669437,32.31268024712919,32.35820388793945,420500
1995-07-12,32.4219143556316,32.81341739334353,32.358181302980825,32.7587890625,203400
1995-07-13,32.713280669825984,32.786118478164035,32.64954758753019,32.68596649169922,215600
1995-07-14,32.512977638382885,32.68596743819506,32.48566345946517,32.658653259277344,543700
1995-07-17,32.70417313963084,32.87716291960105,32.67685896384607,32.84074401855469,171500
1995-07-18,32.7861203613964,32.7861203613964,32.53118801756993,32.558502197265625,221200
1995-07-19,32.431029218652675,32.46744811726992,31.584289825801836,32.20341110229492,486600
1995-07-20,32.23983100461288,32.38550660361707,32.06684123079542,32.321773529052734,318900
1995-07-21,32.29445552341829,32.41281693356896,32.15788466555213,32.28535079956055,94000
1995-07-24,32.33087644011016,32.55849455078398,32.33087644011016,32.52207565307617,108400
1995-07-25,32.558520250036906,32.81345273521617,32.45836820228791,32.76792907714844,107400
1995-07-26,32.749693866301165,32.90447418204404,32.73148441739024,32.7405891418457,167800
1995-07-27,32.895360081878344,33.04103563164586,32.895360081878344,33.01372146606445,187700
1995-07-28,33.04104796046189,33.04104796046189,32.77701092798644,32.804325103759766,415600
1995-07-31,32.831642119036694,32.85895629717233,32.649547598132436,32.72238540649414,342500
1995-08-01,32.76791858673096,32.76791858673096,32.48567199707031,32.66776657104492,141000
1995-08-02,32.85896587371826,33.095688819885254,32.540300369262695,32.59492874145508,240400
1995-08-03,32.36729442024071,32.60401724863066,32.312666075227646,32.58580780029297,1193600
1995-08-04,32.649556159174644,32.67687034447234,32.585823060146694,32.62224197387695,240500
1995-08-07,32.69508361816406,32.795235642614024,32.67687415917316,32.69508361816406,193100
1995-08-08,32.713293077154965,32.81344510160493,32.5949315937141,32.69508361816406,951900
1995-08-09,32.80432793024855,32.80432793024855,32.65865231357245,32.68596649169922,107100
1995-08-10,32.72238154706843,32.79521934683931,32.47655397284171,32.61312484741211,280800
1995-08-11,32.5858220963047,32.622241008957744,32.29447079508041,32.4310417175293,257200
1995-08-14,32.51297670745425,32.72238540649414,32.440138899092545,32.72238540649414,254800
1995-08-15,32.71328161711277,32.71328161711277,32.431035101629746,32.658653259277344,44400
1995-08-16,32.63134480556714,32.74970626831055,32.594925893953786,32.74970626831055,374900
1995-08-17,32.767921454127666,32.767921454127666,32.5767221347232,32.69508361816406,353800
1995-08-18,32.85895342767156,32.86805815292167,32.70417309841957,32.73148727416992,85400
1995-08-21,32.868048514947404,33.00461935365217,32.631325727859135,32.64043045043945,266700
1995-08-22,32.685968403295846,32.75880621589372,32.52208332495063,32.70417785644531,220200
1995-08-23,32.731483386994476,32.74969283533216,32.58580780029297,32.58580780029297,176500
1995-08-24,32.59492778857926,32.6859750729049,32.48567104738849,32.62224197387695,167400
1995-08-25,32.67685895015093,32.858953455306406,32.67685895015093,32.804325103759766,195000
1995-08-28,32.89537519067111,32.89537519067111,32.63133813544568,32.68596649169922,293000
1995-08-29,32.722405419080715,32.777033808761985,32.49478712874209,32.76792907714844,1133100
1995-08-30,32.79522039224674,32.87716291960105,32.75880149120038,32.84074401855469,437400
1995-08-31,32.83163835097548,32.922685600978184,32.80432417597467,32.86805725097656,491900
1995-09-01,32.85894119443646,33.06834979722728,32.83162702885505,33.01372146606445,629900
1995-09-05,33.113875532931964,33.341493594060175,33.0592471982612,33.32328414916992,272200
1995-09-06,33.350608839207204,33.423446641749834,33.34150411388937,33.387027740478516,214500
1995-09-07,33.42345619045704,33.44166564629493,33.3597230950244,33.40524673461914,258800
1995-09-08,33.532718658447266,33.532718658447266,33.31420515103409,33.532718658447266,107300
1995-09-11,33.587322258865356,33.68747420921708,33.587322258865356,33.623741149902344,260700
1995-09-12,33.632862115741744,33.77853775024414,33.55091957133414,33.77853775024414,139500
1995-09-13,33.74211222958495,33.97883508926363,33.73300750421269,33.933311462402344,239800
1995-09-14,34.051678694806434,34.27019214097631,33.960631425568984,34.24287796020508,457600
1995-09-15,34.21512230857808,34.31580886432831,34.096129106327815,34.233428955078125,431200
1995-09-18,34.114438968644116,34.13274561686985,33.9405258104997,34.10528564453125,307500
1995-09-19,34.16935966666947,34.28835288276021,34.05036645057874,34.27004623413086,549600
1995-09-20,34.32495552196838,34.43479537963867,34.2974955575508,34.43479537963867,290800
1995-09-21,34.389036982732364,34.416496953706066,34.013750712758444,34.15105056762695,508500
1995-09-22,33.876441442442605,34.19680768142815,33.84898147910099,34.160194396972656,449900
1995-09-25,34.196818885659894,34.196818885659894,33.98629243106402,34.10528564453125,130000
1995-09-26,34.20595494622352,34.28833482166265,34.013735236865564,34.09611511230469,466600
1995-09-27,33.94967896729499,34.08697882831129,33.739152513736684,34.06867218017578,654400
1995-09-28,34.0961333211263,34.32496643066406,34.06867334798177,34.32496643066406,456200
1995-09-29,34.29748898077355,34.50801533427176,34.21510910331773,34.2608757019043,606600
1995-10-02,34.26089590422961,34.34327583026169,34.004602801018706,34.08698272705078,293100
1995-10-03,34.08696764835472,34.17850085901089,33.94966783237048,34.12358093261719,839700
1995-10-04,34.141902677738834,34.141902677738834,34.0412161014774,34.08698272705078,248800
1995-10-05,34.12357934341533,34.187652587890625,34.03204613702204,34.187652587890625,268800
1995-10-06,34.20598415438028,34.31582408209036,34.20598415438028,34.21513748168945,75300
1995-10-09,34.08697627900841,34.105282925774794,33.867296517811795,33.93136978149414,358200
1995-10-10,33.58353963072001,33.91305923461914,33.546926341397885,33.91305923461914,360800
1995-10-11,34.03206058160445,34.03206058160445,33.90391403826328,34.02290725708008,228100
1995-10-12,34.05036249007771,34.25173560157817,34.05036249007771,34.233428955078125,199800
1995-10-13,34.389028325518055,34.48056153905417,34.34326171875,34.34326171875,488100
1995-10-16,34.24257437711613,34.306647625081865,34.17850112915039,34.17850112915039,443600
1995-10-17,34.21513260143429,34.443965751524146,34.151059319409136,34.407352447509766,146000
1995-10-18,34.572107024660795,34.61787364767464,34.39819385720817,34.508033752441406,228100
1995-10-19,34.489731640599224,34.67279815673828,34.44396501156446,34.67279815673828,500600
1995-10-20,34.6453353304312,34.67279530559403,34.4622688293457,34.4622688293457,748400
1995-10-23,34.2975010418784,34.45310753179351,34.2975010418784,34.389034271240234,533000
1995-10-24,34.434801058577776,34.47141435050609,34.343267828757,34.4256477355957,172200
1995-10-25,34.45313522707042,34.49890187854102,34.14192199707031,34.14192199707031,302700
1995-10-26,34.19681375676936,34.22427372498946,33.55608116496693,33.83068084716797,606800
1995-10-27,33.79407632338117,34.08698272705078,33.63846979643169,34.08698272705078,905800
1995-10-30,34.16936743195818,34.324973980670556,34.16936743195818,34.30666732788086,488700
1995-10-31,34.398180745933345,34.47140731484433,34.160194396972656,34.160194396972656,508200
1995-11-01,34.14188909251788,34.43479537963867,34.114429128100305,34.43479537963867,415700
1995-11-02,34.37987651311086,34.654476165771484,34.37987651311086,34.654476165771484,326000
1995-11-03,34.70024871826172,34.70940204158492,34.59956216170649,34.70024871826172,615000
1995-11-06,34.6910929238121,34.6910929238121,34.572099729086624,34.58125305175781,311200
1995-11-07,34.562949623488976,34.562949623488976,34.343269858932906,34.45310974121094,358200
1995-11-08,34.49887022387046,34.78262320262875,34.49887022387046,34.76431655883789,357200
1995-11-09,34.90162463753571,34.90162463753571,34.72771148041188,34.89247131347656,503700
1995-11-10,34.7002438332465,34.9199235620774,34.69109051121188,34.8741569519043,795600
1995-11-13,34.81008352158387,34.94738335140868,34.746010267665625,34.83754348754883,818500
1995-11-14,34.773486373727835,34.846712983622496,34.608726501464844,34.608726501464844,341800
1995-11-15,34.64532618436491,34.965692476690606,34.627019539089154,34.956539154052734,584700
1995-11-16,34.95654954612255,35.18538268009822,34.94739622076353,35.14876937866211,577700
1995-11-17,35.20368220130231,35.26775546583926,35.15791558377592,35.258602142333984,267000
1995-11-20,35.31352506649519,35.3226783907737,35.06638531097539,35.075538635253906,448800
1995-11-21,35.11214374934272,35.359283447265625,35.10299042719743,35.359283447265625,119200
1995-11-22,35.33184207033659,35.3684553781815,35.24946212768555,35.24946212768555,351600
1995-11-24,35.28606439989115,35.34098434448242,35.25860442759552,35.34098434448242,62400
1995-11-27,35.41420142530839,35.524041284988854,35.350128173828125,35.350128173828125,273000
1995-11-28,35.32266812491899,35.72541427612305,35.24028823035453,35.72541427612305,479000
1995-11-29,35.78946861733797,35.78946861733797,35.64301554882712,35.76200866699219,549200
1995-11-30,35.76203689849212,35.85357013857016,35.64304368639066,35.679656982421875,286200
1995-12-01,35.72541427612305,35.78033420583269,35.64303438155858,35.72541427612305,465200
1995-12-04,35.807800061248344,36.16477966308594,35.762033445628134,36.16477966308594,631700
1995-12-05,36.12817126517024,36.43938429355022,36.10071129207788,36.40277099609375,567700
1995-12-06,36.49429889187045,36.63159873721232,36.3203857544374,36.485145568847656,272800
1995-12-07,36.439391451014245,36.48515808182436,36.265478253935804,36.292938232421875,289700
1995-12-08,36.44853575041451,36.45768907430964,36.18308935745569,36.411922454833984,296900
1995-12-11,36.485147858620884,36.64075435977406,36.41192126984292,36.567527770996094,186500
1995-12-12,36.40277124606513,36.53091778804273,36.40277124606513,36.45769119262695,299400
1995-12-13,36.50346074894279,36.732293878010886,36.50346074894279,36.686527252197266,390700
1995-12-14,36.72314512564867,36.787218409766204,36.32955209464097,36.421085357666016,395000
1995-12-15,36.47124210430951,36.47124210430951,36.305463731108105,36.43440246582031,416700
1995-12-18,36.112069174186466,36.112069174186466,35.72525282496029,35.73446273803711,862300
1995-12-19,35.752877799444924,36.15811392081936,35.70682824019782,36.112064361572266,1022600
1995-12-20,36.22256892653983,36.25940855931536,35.7620735168457,35.7620735168457,1349800
1995-12-21,35.97390734755379,36.056796534990546,35.808128972680265,35.9462776184082,857600
1995-12-22,36.139679928960504,36.17651956191561,36.038370938333955,36.07521057128906,332800
1995-12-26,36.22258007526398,36.26862963040669,36.14890078703562,36.25020980834961,432200
1995-12-27,36.34231138980868,36.34231138980868,36.16732306836763,36.23179244995117,151800
1995-12-28,36.15811427070288,36.34231250947365,36.10285479907165,36.19495391845703,256200
1995-12-29,36.231783590353125,36.268623227964056,36.10284485871486,36.24099349975586,339200
1996-01-02,36.194945669425984,36.627811431884766,36.158106030067785,36.627811431884766,514400
1996-01-03,36.747541982407796,36.8396410851206,36.54492395643963,36.729122161865234,610300
1996-01-04,36.775176584750795,36.913325257120256,36.084433222903485,36.379150390625,1129700
1996-01-05,36.1396987078941,36.39757627257836,36.05680949067416,36.305477142333984,302400
1996-01-08,36.43441267690787,36.489672150128655,36.38836311589054,36.44362258911133,179900
1996-01-09,36.55414924121326,36.58177898364804,35.734466882314806,35.81735610961914,415500
1996-01-10,35.771300788469894,35.84498008978497,35.154236639956125,35.3476448059082,787700
1996-01-11,35.40290262241556,35.559471130371094,35.23712420222735,35.559471130371094,513200
1996-01-12,35.65157385107454,35.66078376423679,35.17265836663747,35.504215240478516,390400
1996-01-15,35.51340828308788,35.63313709732028,35.283160563410185,35.430519104003906,154200
1996-01-16,35.605514379422,35.891021608020566,35.301587329623516,35.8633918762207,454600
1996-01-17,35.78051746904942,36.02918515802351,35.63315883854626,35.75288772583008,407600
1996-01-18,35.89102037598753,35.90023028627134,35.58709333662197,35.87260055541992,425600
1996-01-19,35.87260665348737,36.204163480066455,35.8357670060897,36.112064361572266,169800
1996-01-22,36.08442196221087,36.20415077423454,36.01995260189043,36.12126159667969,288200
1996-01-23,36.10283074564559,36.204139709472656,36.029151499225904,36.204139709472656,362200
1996-01-24,36.25942836456338,36.572565414193846,36.24100853811452,36.49888610839844,1506500
1996-01-25,36.52652170544004,36.54494153484268,36.32390358201097,36.36995315551758,298400
1996-01-26,36.34231580791239,36.701502406115274,36.296266244040226,36.683082580566406,726300
1996-01-29,36.65544838510653,36.83043670654297,36.627818650142885,36.83043670654297,254800
1996-01-30,36.90411605759291,37.217253054338144,36.858066499248025,37.14357376098633,272100
1996-01-31,37.13436547402224,37.539601605187165,37.11594564987838,37.530391693115234,498000
1996-02-01,37.4935450285746,37.66853332519531,37.46591529752923,37.66853332519531,373900
1996-02-02,37.6501115386386,37.73300072744675,37.42907370181684,37.511962890625,496200
1996-02-05,37.44750619062376,37.871162187861515,37.392246712723185,37.81590270996094,295300
1996-02-06,37.83429753173533,38.21190371450095,37.779038090355,38.17506408691406,301600
1996-02-07,38.16587797747324,38.39612579345703,38.12903832691583,38.39612579345703,585100
1996-02-08,38.34087931809971,38.847424685021515,38.26719999200199,38.810585021972656,1526600
1996-02-09,38.79214735775868,39.123704172782254,38.617159038718455,38.80135726928711,804600
1996-02-12,38.87503907436196,39.271065295683336,38.83819942586694,39.09607696533203,626500
1996-02-13,38.93030961984953,39.30791612432406,38.90267987561969,39.01319885253906,1045900
1996-02-14,38.98555750981999,39.1144962778657,38.654000677702456,38.672420501708984,431400
1996-02-15,38.58952900502369,38.847406525820986,38.38691095296867,38.432960510253906,889500
1996-02-16,38.35927927459628,38.45137838449928,38.156661232809704,38.276390075683594,606100
1996-02-20,37.98168530748073,38.09220427539774,37.65012840372969,37.89879608154297,492300
1996-02-21,37.97246592352726,38.39612186155352,37.97246592352726,38.368492126464844,434000
1996-02-22,38.58033019969053,39.09608538975562,38.55270045736562,38.976356506347656,721400
1996-02-23,39.19739015407472,39.2618595457755,38.50664667156635,38.8658332824707,1430400
1996-02-26,38.75531589801495,38.83820511927971,38.2948202243218,38.31324005126953,1408400
1996-02-27,38.40531696202756,38.41452687017193,38.018500819963975,38.19348907470703,601000
1996-02-28,38.49742037381312,38.74608792168225,38.01850509643555,38.01850509643555,865900
1996-02-29,37.79749369014732,38.28561921782223,37.6501350402832,37.6501350402832,914300
1996-03-01,38.10141304800546,38.24877166748047,37.49355874267108,38.24877166748047,1452600
1996-03-04,38.33164277189738,38.70003914644709,38.202704040804974,38.469791412353516,652600
1996-03-05,38.37770522568212,38.8289909362793,38.35928540075979,38.8289909362793,402000
1996-03-06,38.77373515775142,38.884254117821015,38.48822784423828,38.48822784423828,624700
1996-03-07,38.56189652579172,38.7000451878139,38.45137759617397,38.68162536621094,534200
1996-03-08,37.83430165193212,38.23953759951855,36.54491454597534,37.4290657043457,2289900
1996-03-11,37.281729195014144,37.917213215383704,37.17121023494987,37.86195373535156,1511400
1996-03-12,37.6132721448535,37.75142079376946,37.079097369045094,37.567222595214844,1385300
1996-03-13,37.81589384894026,37.9816722437968,37.604065899956915,37.825103759765625,1019300
1996-03-14,37.880363941539414,38.20271082652699,37.86194411954013,37.990882873535156,725600
1996-03-15,37.92834402757313,38.085607893053314,37.74332771524351,37.96534729003906,869200
1996-03-18,38.316887277579895,38.696170806884766,38.23362991748858,38.696170806884766,917600
1996-03-19,39.038448818117224,39.038448818117224,38.483399782788545,38.612911224365234,858300
1996-03-20,38.79793996941302,38.79793996941302,38.27064321732515,38.56666946411133,744300
1996-03-21,38.6129215366137,38.63142317606584,38.344647764557685,38.474159240722656,650800
1996-03-22,38.4926436911384,38.677660003040046,38.446389613162985,38.57590103149414,344500
1996-03-25,38.92744500794014,38.964448282662524,38.40014834314628,38.50190734863281,802400
1996-03-26,38.43715187466812,38.78868298687928,38.40014859969852,38.68692398071289,969400
1996-03-27,38.742420303315264,38.770172753389275,38.29838110213114,38.335384368896484,809600
1996-03-28,38.19661554006429,38.50189243830167,38.187364724966194,38.48339080810547,1001300
1996-03-29,38.59439256824733,38.59439256824733,38.11335028312057,38.29836654663086,457700
1996-04-01,38.48339354069663,38.75166719759091,38.36313293588196,38.74241638183594,773400
1996-04-02,38.78868812237386,38.81644058227539,38.65917664283338,38.81644058227539,638800
1996-04-03,38.67767828276774,38.844193042176926,38.58517008309596,38.81644058227539,288000
1996-04-04,38.816433485100724,38.90894166785836,38.77943021199768,38.78868103027344,934900
1996-04-08,37.817353998159675,38.12263107299805,37.65083923006602,38.12263107299805,2217200
1996-04-09,38.27063556257613,38.27063556257613,37.900602828105974,37.974609375,1180900
1996-04-10,37.90983192125956,38.07634655634562,37.15126525031195,37.299278259277344,939500
1996-04-11,37.391806398575966,37.57682275878663,36.781252409880764,37.25304412841797,1276000
1996-04-12,37.5120618426373,37.78033552782509,37.40105204186994,37.724830627441406,411300
1996-04-15,37.91908421312325,38.0855988547032,37.798823638648834,38.039344787597656,484200
1996-04-16,38.113372092334885,38.27988682477713,38.030114726113766,38.15037536621094,429700
1996-04-17,38.11337769118454,38.22438752912003,37.79884981703399,38.0578727722168,525300
1996-04-18,38.15036462209757,38.233621964871304,37.94684667309511,38.11336135864258,818600
1996-04-19,38.29838356960195,38.40014255976273,38.141119675717114,38.205875396728516,885100
1996-04-22,38.55741226071638,38.64992044752232,38.24288442557618,38.50190734863281,828900
1996-04-23,38.43716070666285,38.64992958662753,38.353903318850584,38.62217712402344,225400
1996-04-24,38.816420151637146,38.816420151637146,38.40013347222254,38.48339080810547,699000
1996-04-25,38.56666386940457,38.816435978897,38.335393397652325,38.65917205810547,475500
1996-04-26,38.760918013345886,38.964435959955345,38.62215577702126,38.74241638183594,563300
1996-04-29,38.57590169824638,38.81642290787574,38.57590169824638,38.74241638183594,219900
1996-04-30,38.742439811460436,38.81644638225596,38.557423384471605,38.71468734741211,184400
1996-05-01,38.70541207200297,38.95518409063206,38.64990717897429,38.79792022705078,561900
1996-05-02,38.492659858914614,38.70542870696918,37.94686150955726,38.13187789916992,1299600
1996-05-03,38.353894803683886,38.47415544826852,37.74334076194652,38.07637023925781,1329300
1996-05-06,38.22436105601982,38.22436105601982,37.706315504437754,38.039344787597656,647500
1996-05-07,38.039359224759615,38.039359224759615,37.75258389986478,37.88209533691406,582100
1996-05-08,37.6970776715718,38.353885650634766,37.34554664052401,38.353885650634766,1694700
1996-05-09,38.22438615766263,38.520412381536104,38.187382879678445,38.32614517211914,593400
1996-05-10,38.70540237426758,38.83491375888511,38.52038611052825,38.70540237426758,925100
1996-05-13,38.79791862105156,39.454726494703124,38.76091536056415,39.288211822509766,867500
1996-05-14,39.44549399852864,39.63051038688947,39.40849072085648,39.528751373291016,632300
1996-05-15,39.53798780646856,39.852515552238316,39.45473046200009,39.48248291015625,466100
1996-05-16,39.26046933095422,39.6305020296437,39.24196769601975,39.56574630737305,514400
1996-05-17,39.66752787745276,39.84329350937245,39.66752787745276,39.77853775024414,427700
1996-05-20,40.056034263492755,40.111539160855564,39.65824916572597,40.046783447265625,788500
1996-05-21,40.111532563830096,40.18553908147554,39.96351952853921,39.99127197265625,352700
1996-05-22,40.037534110596376,40.37056350708008,39.8987718620615,40.37056350708008,1218100
1996-05-23,40.42608309384595,40.51859129314537,39.98204373720874,40.204063415527344,967900
1996-05-24,40.24105605362151,40.45382485574411,40.22255441865433,40.3613166809082,659100
1996-05-28,40.4815658565803,40.4815658565803,39.85251044564624,39.95426940917969,456400
1996-05-29,40.0375279851171,40.07453124573181,39.55648559712586,39.685997009277344,649600
1996-05-30,39.63048451906675,40.093025188056785,39.51947475850914,39.88950729370117,895800
1996-05-31,39.88026204064627,40.04677670469908,39.593486785888665,39.59348678588867,923500
1996-06-03,39.602750739980166,39.73226218832394,39.491740927114066,39.70450973510742,503100
1996-06-04,39.88955124303843,40.0190627730483,39.81554465446137,39.982059478759766,627100
1996-06-05,40.000531541316874,40.37981502725443,39.91727419074522,40.333560943603516,428000
1996-06-06,40.55556692521806,40.55556692521806,39.963514853317065,40.03752136230469,523300
1996-06-07,39.18644650894701,40.04677217592814,39.18644650894701,40.03752136230469,1422800
1996-06-10,39.98203036892342,40.10229098780265,39.84326811637047,39.908023834228516,548800
1996-06-11,40.05602611355881,40.2780456578372,39.871009826660156,39.871009826660156,688700
1996-06-12,40.0005417934189,40.10230080353166,39.732268039485234,39.79702377319336,1120600
1996-06-13,39.88953196420497,39.94503687881193,39.565753295664344,39.79702377319336,1502000
1996-06-14,39.81552863454952,39.81552863454952,39.50100075964834,39.63051223754883,1468200
1996-06-17,39.64898386159753,39.79699686714712,39.50097085604793,39.60272979736328,1101000
1996-06-18,39.57498726685318,39.685997048807884,39.26971036647773,39.278961181640625,718000
1996-06-19,39.463989434907475,39.66750743011797,39.325227165445774,39.45473861694336,552100
1996-06-20,39.4917271371069,39.621238540226955,39.18645025832392,39.426971435546875,1234400
1996-06-21,39.61728924786075,39.76608657836914,39.50569124997945,39.76608657836914,573300
1996-06-24,39.85910718403166,40.00790459769113,39.78470847720192,39.84050750732422,416500
1996-06-25,39.952092102293264,39.97999160795129,39.74749572746774,39.79399490356445,454400
1996-06-26,39.74748415778665,39.83118265039781,39.51498834497789,39.524288177490234,838200
1996-06-27,39.524303864095806,39.905597148431795,39.375506484842745,39.80329895019531,1090500
1996-06-28,39.970694307231796,40.17529069503056,39.85909627752338,39.94279479980469,1060800
1996-07-01,40.045084811533805,40.29618032707292,39.98928580808067,40.28688049316406,471300
1996-07-02,40.24966712081952,40.25896695148514,40.07297033817267,40.13806915283203,389400
1996-07-03,40.11948879960244,40.175287810450286,39.914892426493665,40.05438995361328,308300
1996-07-05,39.35690446498708,39.54290117795961,38.91051235385301,39.031410217285156,842900
1996-07-08,39.05930295515289,39.27319913800253,38.76170826597077,38.87330627441406,942000
1996-07-09,39.05000988858241,39.17090775201455,38.91051235385301,39.031410217285156,716300
1996-07-10,39.02212088810758,39.189517974853516,38.640827523852955,39.189517974853516,1132300
1996-07-11,39.022102379977895,39.09650104991112,38.01772033587932,38.39901351928711,1587400
1996-07-12,38.46412500638122,38.6315220687881,38.138630718367835,38.42692565917969,1312000
1996-07-15,38.519921517312675,38.519921517312675,37.29234313964844,37.29234313964844,1951300
1996-07-16,37.40394131674695,37.79453443840369,35.93456719241925,37.38534164428711,4141000
1996-07-17,37.94333939003733,38.09213679941003,37.496947161919245,37.83174133300781,1340500
1996-07-18,37.94331969622844,38.4176111924313,37.6922241982387,38.35251235961914,1432500
1996-07-19,38.25950967502641,38.31530866823257,37.86891672258326,38.07351303100586,1216000
1996-07-22,37.813128630946,37.943326319296524,37.506234079834044,37.79452896118164,519800
1996-07-23,37.85033411423444,38.05493051485193,37.2458447487737,37.310943603515625,1479800
1996-07-24,36.86455081541147,37.60853771380524,36.67855409081302,37.38534164428711,2463400
1996-07-25,37.757326442109054,37.83172511490139,37.57132976012822,37.72012710571289,1989800
1996-07-26,37.83172242977036,37.98051976479404,37.72942426194158,37.924720764160156,642300
1996-07-29,37.86892676737715,37.92472577538409,37.45973404199292,37.50623321533203,1297900
1996-07-30,37.75732518179243,37.90612252241033,37.45973050055663,37.86892318725586,1868200
1996-07-31,37.89682318558639,38.25021687418818,37.80382484648066,38.147918701171875,767100
1996-08-01,38.18512215008267,38.919809108157814,38.12932314060861,38.780311584472656,1168600
1996-08-02,39.282500275088026,39.63589398021429,39.13370292556118,39.61729431152344,1098500
1996-08-05,39.62660717384311,39.63590701124603,39.263913515129225,39.38481140136719,710200
1996-08-06,39.37550526958401,39.58940149565874,39.16160904350927,39.50570297241211,640000
1996-08-07,39.6544856124989,39.728884272184644,39.356890973755945,39.60798645019531,917800
1996-08-08,39.6173064123317,39.6173064123317,39.394110319867856,39.54290771484375,925100
1996-08-09,39.68238050434712,39.738179492635396,39.319687080473315,39.41268539428711,648800
1996-08-12,39.4313125449507,39.794006221661334,39.2825151391207,39.70100784301758,764200
1996-08-13,39.62660717384311,39.654506686051874,39.28251318993507,39.38481140136719,805200
1996-08-14,39.39409052231733,39.56148750753964,39.28249253216912,39.524288177490234,533800
1996-08-15,39.422009698741,39.65450562760831,39.403410024431615,39.44990921020508,632600
1996-08-16,39.56149483529582,39.803290525403405,39.56149483529582,39.784690856933594,475100
1996-08-19,39.793999113991994,39.83119845880526,39.654501570942244,39.80329895019531,436400
1996-08-20,39.81257468850807,39.82187451908235,39.6823770604681,39.77537536621094,645700
1996-08-21,39.673082658686255,39.76608097715481,39.50568568544285,39.63588333129883,266400
1996-08-22,39.7288975416367,40.08229129317748,39.71029787050298,40.00789260864258,584800
1996-08-23,39.93349243185458,39.99859127838997,39.66379721049366,39.79399490356445,757100
1996-08-26,39.701011146161974,39.74751033935261,39.533614050675695,39.59871292114258,784700
1996-08-27,39.71029821600265,39.78469690118485,39.58010051693379,39.74749755859375,389400
1996-08-28,39.84048930012373,39.87768863653841,39.67309228625766,39.68239212036133,227600
1996-08-29,39.63587994276419,39.63587994276419,39.059290417552695,39.291786193847656,680200
1996-08-30,39.282480104378436,39.291779933948604,38.76168964844918,38.88258743286133,1500900
1996-09-03,38.3711149393379,39.18950032825253,38.31531593554827,39.13370132446289,1782000
1996-09-04,39.133714348049466,39.728903919882924,38.97561711803121,39.17091369628906,930200
1996-09-05,38.984927411435805,39.14302468385814,38.696632385253906,38.696632385253906,616600
1996-09-06,38.836103813569125,39.38479397760183,38.7710049805483,39.245296478271484,804900
1996-09-09,39.39411358442463,39.71960791290784,39.32901471872799,39.71030807495117,719200
1996-09-10,39.654489204385285,39.82188620384095,39.50569187153581,39.691688537597656,669900
1996-09-11,39.61729936697499,39.95209344613252,39.52430101165345,39.914894104003906,713500
1996-09-12,40.0264963752856,40.314791307356664,39.97069735617507,40.19389343261719,713300
1996-09-13,40.6588542489649,40.844850837478006,40.54725629585704,40.80765151977539,2008800
1996-09-16,40.86347595200985,41.161070679015836,40.807676940696226,40.95647430419922,1220200
1996-09-17,40.99368497269448,41.05878383721554,40.61239162335681,40.863487243652344,604700
1996-09-18,40.80768769542948,40.919285747468024,40.60309126669214,40.76118850708008,225500
1996-09-19,40.69608113375577,40.9471766983379,40.64028211940418,40.91927719116211,410000
1996-09-20,41.036379523465065,41.148551859292304,40.905511798333286,41.064422607421875,948400
1996-09-23,40.961614872805626,41.12987344599378,40.774660902596565,41.055091857910156,466800
1996-09-24,41.0176722561952,41.42897070179059,40.8681091850696,41.04571533203125,1269800
1996-09-25,41.242042433852006,41.242042433852006,40.98030689710045,41.07378387451172,1353300
1996-09-26,41.12987344599378,41.39160900428647,40.91487638025336,41.055091857910156,773200
1996-09-27,41.1111560193271,41.1111560193271,40.905506762295445,41.09246063232422,407600
1996-09-30,41.14856884301469,41.31682741620285,41.0270487623788,41.055091857910156,578200
1996-10-01,41.101812749669165,41.307462028835126,40.94290194304093,41.2794189453125,561400
1996-10-02,41.42898106542837,41.63463033967012,41.37289489972608,41.55984878540039,609000
1996-10-03,41.57855856670876,41.59725396174775,41.400952313838374,41.5224723815918,342200
1996-10-04,41.690721227983964,42.08332443237305,41.57854888387279,42.08332443237305,754100
1996-10-07,42.06462061957983,42.251574489000184,42.02722984569576,42.13005447387695,235100
1996-10-08,42.14874584379003,42.28896123249193,41.88701045154649,41.9617919921875,386200
1996-10-09,42.027227585873476,42.10200912962058,41.58788601635923,41.63462448120117,528800
1996-10-10,41.634624384224615,41.79353516431707,41.503756682971996,41.55049514770508,1562200
1996-10-11,41.70940861680772,42.06462097167969,41.70940861680772,42.06462097167969,331300
1996-10-14,42.06461468327061,42.28895929491472,42.05526699111877,42.12070083618164,201600
1996-10-15,42.550701036241314,42.550701036241314,41.849624020046654,42.06462097167969,776900
1996-10-16,42.17679816966877,42.2702751159668,41.84028116299588,42.2702751159668,590100
1996-10-17,42.40113022866941,42.494607147162945,42.20482869983297,42.3824348449707,792500
1996-10-18,42.401146962800645,42.66288243787966,42.30767000741528,42.60679626464844,695800
1996-10-21,42.64417425400344,42.84982349415865,42.43852501384823,42.550697326660156,879200
1996-10-22,42.51331856989228,42.52266626526824,42.232887708613305,42.251583099365234,848900
1996-10-23,42.158130296667196,42.41051821640335,41.98987168350977,42.391822814941406,735900
1996-10-24,42.39178550200955,42.466567042035145,42.00853010937837,42.027225494384766,379300
1996-10-25,42.01788250393337,42.21418406846788,41.95244864908854,42.06462097167969,568300
1996-10-28,42.10202040704304,42.317017402904945,41.76550337004181,41.78419876098633,975400
1996-10-29,41.9150516088412,42.223525449851856,41.70005468934893,42.12070083618164,815900
1996-10-30,42.25160162583196,42.25160162583196,41.93377984369074,41.98051834106445,495400
1996-10-31,42.036570246544606,42.40113022866941,41.98983178729783,42.3824348449707,726300
1996-11-01,42.466571978416624,42.56939660790432,42.03657807328628,42.232879638671875,821300
1996-11-04,42.28896863227784,42.51331329345703,42.195491690119844,42.51331329345703,1608400
1996-11-05,42.65353825564566,42.95266453751738,42.64419055933716,42.75636291503906,764000
1996-11-06,42.83115220857454,43.59766344408373,42.79376141659848,43.5789680480957,1665000
1996-11-07,43.44806661183386,43.85001731413783,43.39198046732633,43.681758880615234,1446300
1996-11-08,43.69111997641308,43.934160010513786,43.522861491266426,43.92481231689453,1355700
1996-11-11,43.82199991272518,43.980910748586176,43.80330452027095,43.87808609008789,655900
1996-11-12,43.999603051405686,44.02764613811786,43.681781402001015,43.747215270996094,719900
1996-11-13,43.79395645391533,44.00895346532196,43.68178410013796,43.943519592285156,481900
1996-11-14,43.7845758452621,44.233264923095696,43.76588046701903,44.2332649230957,558800
1996-11-15,44.345457651082754,44.5698022934997,44.10241762179773,44.289371490478516,2250900
1996-11-18,44.3735105068177,44.420248984284335,44.111775033004584,44.298728942871094,1518200
1996-11-19,44.3548111802698,44.62589432552329,44.2893773176224,44.616546630859375,1029300
1996-11-20,44.60719689323523,44.87828002607341,44.45763378546244,44.69132614135742,730000
1996-11-21,44.74741266519892,44.775455748130945,44.495024918810714,44.625892639160156,653000
1996-11-22,44.69130999688621,45.01847917695126,44.69130999688621,44.97174072265625,965100
1996-11-25,45.01850970038052,45.56067613780205,44.915685031214366,45.5419807434082,2058800
1996-11-26,45.635450366301434,45.878490454282556,45.14937019033919,45.39241027832031,2861800
1996-11-27,45.504601710157985,45.57938330705224,45.25221382063985,45.30830001831055,872000
1996-11-29,45.467188102196815,45.598055831109384,45.383058847895875,45.47653579711914,1073400
1996-12-02,45.42044625988677,45.541966284866916,45.102624656092544,45.4952278137207,1350600
1996-12-03,45.50458203829252,45.813055992126465,44.71937561035156,44.71937561035156,1777800
1996-12-04,44.794139073991964,44.90631137551281,44.32675448432176,44.840877532958984,2365100
1996-12-05,44.77546178377592,44.953067999619705,44.588507872361404,44.71937561035156,1697700
1996-12-06,43.8219757208411,44.71935406324741,43.46676346030527,44.457618713378906,3401800
1996-12-09,44.681978869922325,45.121320503162146,44.61654500965256,45.11197280883789,1864600
1996-12-10,45.20546191070766,45.27089578857676,44.85024943084685,44.89698791503906,1331600
1996-12-11,44.04633041609483,44.644582781678466,43.85937655184995,44.48567199707031,1847900
1996-12-12,44.73807100149301,44.794157174917366,43.635042924147385,43.747215270996094,2540200
1996-12-13,43.70981951727383,44.018293436022766,43.317216347957,43.85938262939453,1678300
1996-12-16,43.97156473268499,44.083737091696946,43.11157664692669,43.29853057861328,1831100
1996-12-17,43.16764254558773,43.84067638345744,42.9993840861203,43.64437484741211,2023200
1996-12-18,43.89677649683208,44.130468875967686,43.831342630674115,43.99025344848633,1666800
1996-12-19,44.382864588924726,44.943726399231274,44.20525834899432,44.89698791503906,2269300
1996-12-20,45.16458403840195,45.52154206532775,44.93913686350144,44.99549865722656,1543200
1996-12-23,45.14579605287765,45.211551477840224,44.68550807813961,44.882774353027344,1263700
1996-12-24,44.995494329728736,45.21154785156251,44.9673134355765,45.2115478515625,633000
1996-12-26,45.352464049034516,45.587304894358844,45.314889513782624,45.55912399291992,1384300
1996-12-27,45.55913577166185,45.70943395152713,45.39005031931342,45.61549758911133,410400
1996-12-30,45.765758652284916,45.765758652284916,45.183353677645826,45.22092819213867,694100
1996-12-31,45.25850868628684,45.31487046547275,44.39429473876953,44.39429473876953,1378100
1997-01-02,44.713675071036775,44.713675071036775,43.73673763250992,44.507015228271484,2031900
1997-01-03,44.71366796600685,45.1645620967565,44.53518903925178,45.145774841308594,2123200
1997-01-06,45.145795207179766,45.35245511033373,44.67611360910257,44.75126266479492,1374100
1997-01-07,44.751251030838475,45.37123057912465,44.56337844044873,45.29608154296875,939000
1997-01-08,45.540340331009745,45.5591276001232,44.901573181152344,44.901573181152344,1802200
1997-01-09,45.127007493141775,45.615476350269866,45.05185843819899,45.277305603027344,1415700
1997-01-10,44.63853796597185,45.84092282700813,44.63853796597185,45.76577377319336,2369500
1997-01-13,45.991218590417844,45.991218590417844,45.47456887177549,45.700016021728516,1364600
1997-01-14,46.10395155986828,46.526665052165356,45.991227961922384,46.27303695678711,2111200
1997-01-15,46.12273812051416,46.41394074408563,45.91607819410859,46.16031265258789,1583900
1997-01-16,46.31060052507553,46.47029225102406,45.991217073178454,46.348175048828125,1308400
1997-01-17,46.413939883303584,46.742717032851374,46.35757808623825,46.6299934387207,1604000
1997-01-20,46.74273266552439,46.949392657212805,46.57364721777933,46.686370849609375,1889900
1997-01-21,46.5172574528677,47.22177972850685,46.357565737056156,47.06208801269531,2785800
1997-01-22,47.080877478709546,47.40026092529297,46.817855816817314,47.40026092529297,1201600
1997-01-23,47.53180230928771,47.9075477820884,46.23548042812532,46.74273681640625,2601100
1997-01-24,46.817851361700306,46.83663862147627,46.14151000976563,46.141510009765625,2176000
1997-01-27,46.21666583882492,46.43271935799016,45.9160696382472,46.010005950927734,2108500
1997-01-28,46.6675532834926,46.799064101924344,45.69061577514251,46.141510009765625,4376000
1997-01-29,46.21669227846207,46.59243774414062,46.04760681890672,46.592437744140625,1122700
1997-01-30,46.817846911728,47.21237932952346,46.5360380418741,47.1935920715332,2126300
1997-01-31,47.45664786760339,47.73845694045139,47.11847698018579,47.137264251708984,3208100
1997-02-03,47.325120628413025,47.42845058611698,47.10906708048656,47.27815246582031,755000
1997-02-04,47.34389644098508,47.616311718125665,47.156023836060534,47.56934356689453,654100
1997-02-05,47.63510661548377,47.776011091766996,46.3669663289347,46.67695617675781,2255400
1997-02-06,46.761510332695536,47.01513845221799,46.53606311534224,46.98695755004883,2483100
1997-02-07,47.38145994528746,47.64448153102657,46.761480493188145,47.625694274902344,2321000
1997-02-10,47.64452466277287,47.81361012096094,47.14666192477465,47.174842834472656,1670000
1997-02-11,47.36270361322118,47.719661712646484,46.96817097701426,47.719661712646484,1664300
1997-02-12,47.71964324927478,48.48052732470613,47.65388783534861,48.3959846496582,2675400
1997-02-13,48.58387583192043,49.0347702711958,48.50872675870787,48.92204666137695,1104800
1997-02-14,48.80931091308594,48.97839628576406,48.64022554040781,48.80931091308594,1112900
1997-02-18,48.903246072958446,49.26020407349099,48.5462880724259,49.22262954711914,833100
1997-02-19,49.0911223265898,49.2977822368816,48.790526093438075,48.893856048583984,648100
1997-02-20,48.71537516359131,48.912641434018504,48.18933177578547,48.30205535888672,1193900
1997-02-21,48.33962619063643,48.55567970839481,48.17993446011937,48.320838928222656,1844400
1997-02-24,48.07661003970275,48.92203694544195,48.07661003970275,48.893856048583984,787300
1997-02-25,48.94081681812306,49.01596586506068,48.621433368638186,48.93142318725586,1653900
1997-02-26,48.88444996212933,48.95959900127173,47.869937933706964,48.45234298706055,1597800
1997-02-27,48.58386252691745,48.58386252691745,47.71964842164359,47.729042053222656,1813100
1997-02-28,47.64448509412089,48.02023024470544,47.531761548945525,47.5881233215332,2961200
1997-03-03,47.343898638556986,47.945091002221204,47.30632411582797,47.90751647949219,1210400
1997-03-04,48.039029423746776,48.1705402590875,47.55056060676695,47.64449691772461,1478700
1997-03-05,47.92629971306376,48.45234298706055,47.76660800488617,48.45234298706055,1254800
1997-03-06,48.471147564011694,48.640232962490806,48.0202531680674,48.17055130004883,1528500
1997-03-07,48.35841526817436,48.79052231991019,48.24569168946067,48.6026496887207,1859300
1997-03-10,48.65901471278826,49.10990905761719,48.42417390818986,49.10990905761719,1074900
1997-03-11,49.14746654803936,49.1756474348215,48.84687042236328,48.84687042236328,624600
1997-03-12,48.88446511804109,48.90325238365141,48.27387898570584,48.4147834777832,1055600
1997-03-13,48.245712599041994,48.37722349787116,47.531796291112244,47.663307189941406,2514100
1997-03-14,47.879335587445425,48.114176354501765,47.64449482038909,47.90751647949219,1642700
1997-03-17,47.64450702212218,48.11418867652007,47.15603810154837,48.039039611816406,3013500
1997-03-18,48.09538847845424,48.161143892389624,47.325110772353995,47.522377014160156,1352500
1997-03-19,47.4002415915417,47.79477392345703,46.93056024402345,47.362667083740234,1510000
1997-03-20,47.3438857959218,47.49418384606758,46.817842620411554,47.118438720703125,1808200
1997-03-21,47.48749019425229,47.52520861378704,47.280038886811155,47.33661651611328,2810600
1997-03-24,47.37433868588071,48.024981474361155,47.12916893949677,47.9966926574707,2145600
1997-03-25,47.88352096648443,48.26070506232125,47.39318164189656,47.52519607543945,2125800
1997-03-26,47.71381824301995,48.07214336026002,47.487507642657796,47.7326774597168,1335300
1997-03-27,47.902393279137556,47.902393279137556,45.95989465403867,46.469093322753906,2898500
1997-03-31,46.41250827498302,46.54452272355062,45.41297030725685,45.488407135009766,4270700
1997-04-01,45.412987966959804,45.978764395119605,45.29040307419185,45.78074264526367,3210900
1997-04-02,45.639281496905646,45.82787356920691,44.92263162216084,44.960350036621094,2672700
1997-04-03,44.92264009745458,45.33754273479463,44.77176641114911,45.205528259277344,2284200
1997-04-04,44.96037774700955,45.78075376714165,44.752926339619826,45.771324157714844,3706700
1997-04-07,45.97875878866169,46.242787756275014,45.950469970703125,45.950469970703125,2596200
1997-04-08,45.94105167901895,46.33709522797601,45.771318729465925,46.280517578125,1822700
1997-04-09,46.469108236747,46.49739706075476,45.77131724455558,45.9033317565918,2453200
1997-04-10,45.92217746223371,46.19563601385687,45.677007726295706,45.733585357666016,1996500
1997-04-11,45.29982282518325,45.450696506532736,44.28142547607422,44.28142547607422,4221600
1997-04-14,44.49830787996956,44.93206972834392,44.24370853418461,44.875492095947266,3988500
1997-04-15,45.41299451087132,45.64873472324088,44.96037330312177,45.639305114746094,2760400
1997-04-16,45.48841538148768,46.23335419059579,45.41297854005901,46.1673469543457,2273300
1997-04-17,46.16734422866784,46.46909157656763,45.86559688076805,45.97875213623047,1386000
1997-04-18,46.35595184948979,46.45967753507653,46.01648596938775,46.205078125,1702100
1997-04-21,46.31823450870561,46.41253058873148,45.545006652493505,45.9033317565918,2809400
1997-04-22,45.93162087138573,46.91230010986328,45.865613614949744,46.91230010986328,3215000
1997-04-23,46.865142263083094,47.09145280922273,46.582254080408546,46.95943832397461,2047700
1997-04-24,47.100874210823434,47.2423182775226,46.39365387732759,46.723690032958984,2689900
1997-04-25,46.50680187469893,46.59166830147758,46.120188152707314,46.186195373535156,1606200
1997-04-28,46.16732912723033,46.95941565637399,46.09189231493094,46.63880920410156,1666500
1997-04-29,47.43090513312363,48.14755499199389,47.25174266840607,48.10983657836914,3197400
1997-04-30,47.82694872180047,48.69447223962493,47.80808951489124,48.33614730834961,3372200
1997-05-01,48.41158981174231,48.600181902945046,47.864672747254374,48.27957534790039,2149500
1997-05-02,48.44932285200516,49.28855791113876,48.31730834832122,49.14711380004883,1448300
1997-05-05,49.2791079030759,50.42951953035781,49.062227022522755,50.31636428833008,3636200
1997-05-06,50.07121988283631,50.37296734729031,49.78833163491068,50.27867126464844,1721100
1997-05-07,50.090099170895435,50.090099170895435,49.12827874253863,49.18485641479492,2327200
1997-05-08,49.07166711265407,50.22207898577932,48.99623026851471,49.524288177490234,2923700
1997-05-09,50.071209425644874,50.165505488593354,49.279122496877605,49.8637580871582,2558200
1997-05-12,50.052355882667364,50.8444429011572,50.014637453215464,50.69356918334961,2357900
1997-05-13,50.65585507837124,50.750151160051004,50.09950819646061,50.486122131347656,1195100
1997-05-14,50.8350170506727,50.995320387690214,50.354107039620146,50.58041763305664,2772000
1997-05-15,50.58041783650716,51.0518982413963,50.40125528264929,50.919883728027344,884100
1997-05-16,50.76901278923742,50.88216809263097,50.09008096887615,50.22209548950195,1934200
1997-05-19,50.27865545457778,50.63698045594199,50.127781769792854,50.37295150756836,1375800
1997-05-20,50.25980555301148,51.10847018711487,49.93919891346132,50.97645568847656,1756400
1997-05-21,51.10846627319924,51.28762879334514,50.48611225585032,50.86329650878906,1208000
1997-05-22,50.919879760060994,50.976457404238836,50.42954017718633,50.69356918334961,907600
1997-05-23,50.91990348908719,51.42910252397806,50.787888924485856,51.16507339477539,644400
1997-05-27,50.91987643472949,51.617667334020226,50.853869187499285,51.37249755859375,1531000
1997-05-28,51.372512495231035,51.570534294496795,51.00475772516606,51.36308288574219,716700
1997-05-29,51.35364290837986,51.447938984230724,50.99531782014658,51.06132507324219,1282700
1997-05-30,50.22206380301659,51.63650420302645,50.1654861870162,51.391334533691406,2143300
1997-06-02,51.50453941803597,51.59883553560835,51.12735494774643,51.16507339477539,1479100
1997-06-03,50.93872647736905,51.56108041063568,50.901008057171076,50.995304107666016,1562100
1997-06-04,51.014176636702565,51.14619114186224,50.74071801887182,50.93873977661133,1063100
1997-06-05,51.051909157905314,51.48567122315534,50.94818344664988,51.12734603881836,1180800
1997-06-06,51.051871552308626,52.164564726149116,51.051871552308626,52.12684631347656,1511100
1997-06-09,52.1645966729644,52.42862572336986,52.10801901930609,52.390907287597656,1823400
1997-06-10,52.40973773670864,52.74920347231885,52.20228645383574,52.55118179321289,1217500
1997-06-11,52.5040684422412,52.74923830206488,52.4003427323158,52.67380142211914,1673800
1997-06-12,53.03210816351539,53.71103984697434,52.843516029221234,53.69218063354492,4273300
1997-06-13,53.748769969402055,54.31454649539576,53.65447388173644,54.144813537597656,2132900
1997-06-16,54.16366958618164,54.314543317619474,53.99393663831408,54.16366958618164,800400
1997-06-17,53.97504819287416,54.455957951406056,53.673300893403166,54.08820343017578,2048100
1997-06-18,53.78646860729989,54.0882159767658,53.69217255434179,53.89962387084961,1971900
1997-06-19,54.07878655107506,54.61627405472132,53.93734247116816,54.455970764160156,2029900
1997-06-20,54.488160784615076,54.73428520789513,54.2231037133904,54.27043533325195,1396900
1997-06-23,54.16629821673691,54.46922054161205,52.91674362662694,52.95460891723633,3991500
1997-06-24,53.46578044173109,54.45027781530404,53.314319307335246,54.2988166809082,4895100
1997-06-25,54.21364115262299,54.67749105946401,53.27647501431154,53.92018508911133,4708900
1997-06-26,53.82551849704438,54.29883469909366,53.12501051801144,53.65512466430664,2569900
1997-06-27,53.90123045641425,54.3556138533071,53.73083668257943,53.863365173339844,2617900
1997-06-30,53.86338625406427,54.20417393510931,53.23860883881501,53.503665924072266,2384900
1997-07-01,53.61725180146577,54.26096174540992,53.55098754253034,54.12843322753906,1749000
1997-07-02,54.26098156566056,55.018287658691406,54.05272239007707,55.018287658691406,1961800
1997-07-03,55.66198166421864,55.83237548563971,55.4158572554993,55.775577545166016,2539100
1997-07-07,55.96490166641884,56.040632250541194,55.075067302981196,55.20759582519531,1158600
1997-07-08,55.283345588698324,55.8513251666644,55.245480283500584,55.78506088256836,3396500
1997-07-09,55.927044723814454,55.96491002152862,54.54496135724761,55.16973876953125,5390300
1997-07-10,55.207600099950014,55.643050992370746,54.81948082627067,55.41585922241211,2072200
1997-07-11,55.491582962051716,55.851303220079345,55.35905444593627,55.60517883300781,2258900
1997-07-14,55.67144798763091,55.92703871976253,55.264396080902785,55.775577545166016,3186400
1997-07-15,55.92706080587761,56.20158429324566,55.415879139744,56.05958938598633,2983100
1997-07-16,56.41927500406901,57.00618692525227,56.277280184427894,56.79792785644531,2621300
1997-07-17,56.722209461410245,56.83580534150652,56.211028000976974,56.51395034790039,1794800
1997-07-18,56.35305224472012,56.476114512346754,55.16976120984862,55.3117561340332,3961900
1997-07-21,55.30223435461318,55.491560730356454,54.94251424070094,55.3211669921875,3810300
1997-07-22,55.548364261882185,56.826317427416285,55.5104989829034,56.7884521484375,4243400
1997-07-23,56.91154757204715,57.24286895678129,56.66542311481607,56.741153717041016,3204300
1997-07-24,56.91151279992972,57.11030550931071,56.15420724038308,57.00617599487305,4152700
1997-07-25,57.29020070221465,57.441661906979256,56.72222118434735,56.968345642089844,2364800
1997-07-28,57.10086333589138,57.29018980583797,56.64647980801957,56.93046951293945,2794700
1997-07-29,56.72222631326131,57.23340792556373,56.59916407326258,57.11981201171875,2737100
1997-07-30,57.25231819640134,57.93389341302517,57.19552026168269,57.80136489868164,4839800
1997-07-31,57.8013581698058,58.18001102384973,57.57416645737945,57.74456024169922,2138700
1997-08-01,57.858152046730986,57.990680536366824,56.83578941239739,57.517364501953125,7077700
1997-08-04,57.42272930182835,57.88657924178706,57.19553749450163,57.668853759765625,2339500
1997-08-05,57.612059001221745,57.97177938276076,57.49846309126206,57.706722259521484,1466700
1997-08-06,57.8202839512178,58.48292636716168,57.593092265751324,58.18000411987305,2478200
1997-08-07,58.46400066438268,58.53973123519147,57.63096438548604,57.74456024169922,3641900
1997-08-08,57.13874603179564,57.40380317044545,55.983854213392874,56.57076644897461,7113100
1997-08-11,56.797940073615294,57.11979506736578,56.11636479273191,56.987266540527344,6355900
1997-08-12,57.0819213372642,57.280714098140244,56.02169327925863,56.0784912109375,6132500
1997-08-13,56.7600691446885,56.85473236874569,55.41585136307646,55.90810012817383,6982300
1997-08-14,56.4003455513402,56.532874057167454,55.56730922899748,56.116355895996094,3462700
1997-08-15,55.813449975135555,55.813449975135555,54.2988380355118,54.39350128173828,4907100
1997-08-18,54.75320980083711,55.60517883300781,54.12843251057859,55.60517883300781,5638900
1997-08-19,55.87022185606493,56.28673994513082,55.45370376699904,56.24887466430664,3802800
1997-08-20,56.30568946008656,57.13872588787534,56.10689667618242,57.100860595703125,3564600
1997-08-21,57.025134732584036,57.100865323198356,55.79451263510131,56.097434997558594,5392600
1997-08-22,55.13185901628967,56.18262075234876,54.86680200178828,56.0784912109375,8087800
1997-08-25,56.211023053408724,56.58967595373482,55.64304370291958,55.870235443115234,3888000
1997-08-26,55.73773763300731,56.07852543103521,54.952032431998546,55.046695709228516,4290000
1997-08-27,55.13187391493055,55.718786034217246,54.772153583754836,55.37799835205078,5484300
1997-08-28,55.24547396399788,55.699857574394024,54.52603324753732,54.535499572753906,4287900
1997-08-29,54.60176602438773,55.19814453679002,54.35564155895186,54.75322723388672,2652300
1997-09-02,54.94252554809816,56.56126639384674,54.88572762368593,56.532867431640625,7294000
1997-09-03,56.52339058050804,56.949374934238215,56.192069416495684,56.22993469238281,2812500
1997-09-04,56.381439612277894,56.779025318073,56.1921130857088,56.589698791503906,2473700
1997-09-05,56.93046803147256,57.21445772900235,56.09743158538516,56.42875289916992,3663300
1997-09-08,56.77902200908161,56.949415873063515,56.53289753888552,56.67489242553711,803500
1997-09-09,56.47608202518724,57.11979197787124,56.286755568515474,56.70327377319336,1885200
1997-09-10,56.419295432256256,56.6464872259432,55.529460906982415,55.52946090698242,3623700
1997-09-11,55.605169262274885,55.680899829877575,54.67746980914193,55.24544906616211,7055900
1997-09-12,55.737721661572515,56.32463381222087,55.094011560861425,56.13530731201172,6708000
1997-09-15,56.13529738864383,56.532882968799484,55.85130768853264,56.04063415527344,2060500
1997-09-16,56.53288709858019,57.72564392617917,56.362493266066046,57.441654205322266,6979000
1997-09-17,57.782441870350546,57.858172462579056,57.252327724751,57.441654205322266,2220000
1997-09-18,57.555234713127156,58.38827100502768,57.536302070129416,57.68776321411133,5045400
1997-09-19,57.55733333814697,57.984880383412175,57.40531661094156,57.78535842895508,1566400
1997-09-22,58.07042093819617,58.49796821277386,57.899402028365095,58.10842514038086,3259000
1997-09-23,58.10842136578553,58.193930815146565,57.61436676947735,57.84239196777344,1872800
1997-09-24,57.99439010797016,58.44093931096404,57.32931682691546,57.3673210144043,2793100
1997-09-25,57.31034920293543,57.61438288570962,56.93030709946768,56.96831130981445,6327800
1997-09-26,57.424338204159554,57.65236337240903,57.27232142532657,57.44334030151367,3995800
1997-09-29,57.46233752889371,58.10840878417889,57.25331447571321,57.9943962097168,2065000
1997-09-30,57.76639460885762,58.18444088563224,57.3863525390625,57.3863525390625,4137600
1997-10-01,57.918390550800396,58.26042829027362,57.63335910123937,58.14641571044922,3567500
1997-10-02,58.089383438650884,58.488427289554274,57.956368821683085,58.469425201416016,2577500
1997-10-03,59.26753640078496,59.438555261832434,57.97539389509295,58.763980865478516,6499900
1997-10-06,59.1725360344661,59.35305597419874,58.92550874851618,59.153533935546875,2272100
1997-10-07,59.30550790758819,59.89457254877218,59.10598601299361,59.704551696777344,1832800
1997-10-08,59.80910248634143,59.818603535187556,58.820993406344684,59.28654479980469,4439400
1997-10-09,58.849497103392025,59.353052696947046,58.507459341732016,59.07752227783203,3607600
1997-10-10,58.564464017806515,58.97300911072762,58.526459823116184,58.90650177001953,2858100
1997-10-13,59.19150314060596,59.31501671056228,58.81146138689421,58.963478088378906,1760300
1997-10-14,59.26754107057433,59.28654316774348,58.48845508663924,58.98250961303711,2235700
1997-10-15,58.56445588409651,59.0205061570421,58.54545378939044,58.8494873046875,2601700
1997-10-16,59.172538389371134,59.28655098742387,57.76638301338736,57.918399810791016,9488100
1997-10-17,57.77588359780923,57.99440774231665,56.55024817861545,57.3293342590332,8151300
1997-10-20,57.67136329451417,58.22242409699882,57.253317168491336,58.14641571044922,3636400
1997-10-21,58.50746874557816,59.28655488346991,58.393456140033024,59.27705383300781,5225400
1997-10-22,59.19152665730636,59.220029800159,58.697472181194016,58.88749313354492,4485200
1997-10-23,57.728336334228516,58.22239056223705,57.329292534683155,57.728336334228516,8054100
1997-10-24,58.469442972477445,58.469442972477445,56.95877650633771,57.15829849243164,6778700
1997-10-27,56.55974925940182,57.12031119561964,52.806834601672314,53.0158576965332,10840700
1997-10-28,51.30566487430274,56.4742355579362,51.30566487430274,56.075191497802734,19548000
1997-10-29,56.24617311851613,57.00625653903662,55.50509178350866,55.92313766479492,10134400
1997-10-30,55.106084027002055,56.284214099303476,54.57402528467238,54.68803787231445,9772900
1997-10-31,55.82815064108461,56.24619669762098,54.99205852801187,55.980167388916016,7072700
1997-11-03,56.664244050675244,57.38632361939612,56.47422311153817,57.15829849243164,5548500
1997-11-04,57.08229011677681,57.42432780722354,56.72125033241637,57.15829849243164,3455700
1997-11-05,57.27232686947165,57.93740034008595,57.06330377870715,57.34833526611328,4774900
1997-11-06,57.177307944755356,57.3673289083471,56.85427230664939,57.12980270385742,3679800
1997-11-07,56.17020737956495,56.702266177476936,55.60014438180211,56.512245178222656,10606800
1997-11-10,56.93027651713246,57.06329118189212,55.94216757891788,56.17019271850586,4347900
1997-11-11,56.360224055889134,56.58824923750433,55.96117998806254,56.189205169677734,3212400
1997-11-12,55.71412741940325,56.37920056390499,54.954043825686966,55.030052185058594,6775300
1997-11-13,55.61913247105214,56.03717856410412,54.78304028494818,55.828155517578125,8589600
1997-11-14,56.13219505960786,56.787767412199756,55.70464787313488,56.5882453918457,5827900
1997-11-17,57.38633454848232,57.956397474460616,57.177311475623604,57.63336181640625,5149900
1997-11-18,57.65238093000891,57.82339985827855,57.09181888734732,57.2723388671875,3433600
1997-11-19,56.96831159821514,57.80440423007687,56.398248440127595,57.557376861572266,4387900
1997-11-20,57.956378533588186,58.69746009516522,57.9373764422657,58.43143081665039,4822700
1997-11-21,58.754455058765664,58.86846758475292,58.165390341164844,58.83046340942383,5436500
1997-11-24,58.37441277754934,58.583435739968955,57.5383209278709,57.7663459777832,4337200
1997-11-25,58.14642500689649,58.26043760494923,57.557359916957346,57.918399810791016,4525000
1997-11-26,58.29842810713468,58.36493544037294,57.956390393337934,58.08940505981445,2681100
1997-11-28,58.22242409699882,58.52645764319725,58.12741361381181,58.14641571044922,1564700
1997-12-01,58.50744595243582,59.6475715637207,58.39343339130733,59.6475715637207,4850900
1997-12-02,59.400557385958166,59.58107731403449,59.13452801826673,59.28654479980469,1974900
1997-12-03,59.362551007952014,59.91361182076591,58.906500680106035,59.45756149291992,3302500
1997-12-04,59.89457840287983,60.02759301227709,59.21050326883679,59.4005241394043,2872500
1997-12-05,59.21051706879183,60.19862582603739,59.0585003369079,60.160621643066406,3458800
1997-12-08,60.179641178676064,60.198643275669646,59.74259294782367,59.989620208740234,2289200
1997-12-09,59.7235810259788,59.951606152390426,59.36254124249372,59.628570556640625,1703000
1997-12-10,59.32450907899421,59.49552784315531,58.6594361072566,59.11548614501953,3558400
1997-12-11,58.56447556659706,58.73549447642813,57.95640833164212,58.10842514038086,5072800
1997-12-12,58.64043125471309,58.678435422732996,57.70932913822543,58.22238540649414,4478400
1997-12-15,58.52648043285857,59.04903829386623,58.29845518441886,58.8115119934082,4674700
1997-12-16,59.11550578078783,59.476545513939534,58.906482777384205,59.17251205444336,2885800
1997-12-17,59.49556128081389,59.514563376400226,58.80198479191267,58.868492126464844,2236300
1997-12-18,58.94449881313677,58.94449881313677,57.89938358595349,58.29842758178711,4658300
1997-12-19,57.710056889776425,58.530398194325315,56.39369526154682,57.86267852783203,8556000
1997-12-22,58.263331075382474,58.549496748640735,57.72915515196705,58.23471450805664,5136800
1997-12-23,58.26332860823231,58.37779487268856,57.09958825292708,57.194976806640625,4436500
1997-12-24,57.65282630856598,57.65282630856598,56.92787349594999,57.02326202392578,2019200
1997-12-26,57.46207118074086,57.46207118074086,57.023283784606384,57.25221633911133,941800
1997-12-29,57.74820906321208,58.435006395975755,57.65282054477268,58.37777328491211,2080000
1997-12-30,58.568595287269,59.36985945732284,58.51136213226515,59.293548583984375,3616000
1997-12-31,59.1408895970312,59.59875454875015,59.026423359101464,59.25535583496094,4359500
1998-01-02,59.4079519927998,59.61780667228625,58.93100953942152,59.56057357788086,2360900
1998-01-05,59.732312068043136,60.09478857053206,59.083669905694535,59.694156646728516,4191800
1998-01-06,59.36982542200885,59.388903129406664,58.72118337048305,58.74026107788086,3154900
1998-01-07,58.66392801060505,59.04548201392606,58.129752405955635,58.892860412597656,4424200
1998-01-08,58.79748276604547,58.79748276604547,58.22515165540907,58.37777328491211,3831000
1998-01-09,58.148845520226146,58.30146716201152,56.10753106134682,56.35554122924805,10258800
1998-01-12,55.63057836573175,57.50019313934002,55.49703445333116,57.38572692871094,12097900
1998-01-13,57.767305913206,58.225170953469195,57.51929568306344,58.187015533447266,5224900
1998-01-14,58.41595758034729,58.58765699844759,57.82454847355736,58.4541130065918,3770400
1998-01-15,58.30149227893723,58.45411398647372,57.8817825832119,57.96763229370117,2875400
1998-01-16,58.759349003617906,59.02643695363435,58.39687250002416,58.79750442504883,4374800
1998-01-20,59.02644686497948,59.837249706531395,58.91198058146627,59.751399993896484,5091700
1998-01-21,59.35077277281298,59.63693850460089,58.702130447427045,59.179073333740234,4699400
1998-01-22,58.70214376234004,59.14093131727466,58.530444284322144,58.654449462890625,4543400
1998-01-23,58.91197563444752,59.083675045299216,57.99624544323849,58.56857681274414,6350300
1998-01-26,58.835600423999374,59.05499387564528,58.244191989127785,58.530357360839844,4362900
1998-01-27,58.49227680749146,59.522473463592085,58.39688822822288,59.12184143066406,7044200
1998-01-28,59.46521352799053,59.894461941330206,59.331669577173734,59.65599060058594,4268600
1998-01-29,59.732286954350755,60.78156059934893,59.56058763062378,59.98029708862305,8007700
1998-01-30,60.304628725045816,60.419094961157896,59.827686074578835,60.018463134765625,3649100
1998-02-02,60.99145085070564,61.35392741190783,60.89606228196823,61.010528564453125,5756300
1998-02-03,61.04867036560172,61.54469081232224,60.876970980198465,61.468379974365234,2759600
1998-02-04,61.220363772234016,61.75453958576551,61.01050898834664,61.39206314086914,3374000
1998-02-05,61.84992894367198,62.021628314582856,61.06774292063357,61.35390853881836,5076200
1998-02-06,61.659125934521064,62.040679931640625,61.46834893596129,62.040679931640625,5701200
1998-02-09,62.097967242576644,62.11704495908742,61.4874803142318,61.83087921142578,2322200
1998-02-10,61.92629286012905,62.555857759816135,61.77367106626552,62.42231369018555,3660400
1998-02-11,62.326850090598654,62.479471700860294,62.088378824564835,62.36500549316406,4073200
1998-02-12,62.0979461588585,62.841976850162794,61.582847987955525,62.63212203979492,5024700
1998-02-13,62.384077555993024,62.58439340135631,62.19330056040895,62.26961135864258,2101300
1998-02-17,62.7656366301746,62.937335940105164,62.36500490700327,62.574859619140625,3055500
1998-02-18,62.460396633551554,63.17581046182223,62.44131893146434,63.147193908691406,3007400
1998-02-19,63.03277876150817,63.128167349222316,62.7275352808229,62.813385009765625,3387800
1998-02-20,62.975522166388124,63.318920954329656,62.49857940535822,63.280765533447266,3707000
1998-02-23,63.6432405214052,63.6432405214052,63.089986931740704,63.52877426147461,3227800
1998-02-24,63.43339257321115,63.54785884552371,62.84198349959625,63.03276062011719,3386800
1998-02-25,63.33799864536622,64.02479622103887,63.26168780362481,63.81494140625,3481800
1998-02-26,63.75772707527514,64.23466997679576,63.60510534678855,64.17743682861328,3187600
1998-02-27,64.08204824830915,64.42544713740399,63.81496022345762,64.17743682861328,3442900
1998-03-02,64.25370850845714,64.55895177928116,63.87215441992711,64.04385375976562,4252300
1998-03-03,63.81490993273766,64.4826294686557,63.81490993273766,64.40631866455078,3349200
1998-03-04,64.15834797430976,64.34912510179805,63.75771600658437,63.98664855957031,4404100
1998-03-05,63.185355522529996,63.75768664139349,62.97550077894671,63.39521026611328,7268000
1998-03-06,63.83398963680661,64.67340850830078,63.75767883030714,64.67340850830078,6896300
1998-03-09,64.42543370149205,64.84514336729981,64.25373429275251,64.44451141357422,3362800
1998-03-10,64.8451302559145,65.22668442040944,64.67343088189178,65.05498504638672,5481900
1998-03-11,65.3029963665376,65.51285116058725,65.1885301152378,65.3602294921875,3439600
1998-03-12,65.37933951976687,65.68458300745765,65.01686287813409,65.62734985351562,3191300
1998-03-13,65.83718331979529,65.93257187864751,65.2457742549116,65.37931823730469,2879400
1998-03-16,65.83714157659517,66.16146247106116,65.64636457985047,66.08515167236328,3223600
1998-03-17,66.12335637717942,66.2759780883789,65.72272438528076,66.2759780883789,4581900
1998-03-18,66.08514635344785,66.52393341064453,65.95160246647495,66.52393341064453,1944100
1998-03-19,66.52397169946806,66.77198191802071,66.33319460827371,66.69567108154297,2554800
1998-03-20,67.07865606748474,67.46130670106994,66.65774037054103,67.26998138427734,3123300
1998-03-23,67.17432570158417,67.53784384123956,66.98300036492343,67.11692810058594,4453100
1998-03-24,67.38474420317827,67.84392474289328,67.30821411322577,67.69086456298828,3333600
1998-03-25,68.20743182026749,68.28396189804619,66.84902293969553,67.44213104248047,4597600
1998-03-26,67.26994959982558,67.80566023372636,67.11688941871108,67.40387725830078,3333500
1998-03-27,67.80569931256458,67.82483184623067,66.73427742726447,67.11692810058594,2611300
1998-03-30,67.11690122144125,67.40388911149873,66.7151181753608,67.0786361694336,3108700
1998-03-31,67.44213993404317,68.07351315895761,67.19341714847081,67.30821228027344,5926500
1998-04-01,67.53776813820625,68.00651468760739,66.98292528381305,67.85345458984375,2929000
1998-04-02,67.92047987423182,68.72404611499738,67.8056846969796,68.59011840820312,3920900
1998-04-03,68.78141096688428,69.06839877342205,68.47529063991067,68.9344711303711,3787600
1998-04-06,69.33625710630925,69.41278719141555,68.37963104248047,68.37963104248047,4550500
1998-04-07,68.41793226645026,68.5327274548168,67.44217316533478,67.92048645019531,5583700
1998-04-08,68.09262371981787,68.13088875141091,67.19339547738137,67.53778076171875,4854800
1998-04-09,67.69088155865468,68.13092968636781,67.67174903136281,68.07353210449219,4481200
1998-04-13,68.18829190878886,68.18829190878886,67.34646114448282,67.88217163085938,4350200
1998-04-14,68.0352536111387,68.45616912841797,67.90132594654985,68.45616912841797,3279100
1998-04-15,68.55179836651686,68.6474609375,68.05435299740455,68.6474609375,3867200
1998-04-16,68.1500688306504,68.26486400554762,67.65262307276244,67.84394836425781,7177900
1998-04-17,67.7865152186482,68.83880376988321,67.61432254662793,68.7431411743164,5688800
1998-04-20,68.57094650438475,68.91533183839114,68.49441643016111,68.72400665283203,3688300
1998-04-21,68.83882049788858,69.27886854442872,68.51356759392412,69.04927825927734,4573200
1998-04-22,69.10667292522969,69.45105833847833,69.06840787931317,69.2406005859375,2386100
1998-04-23,68.95362679447447,69.18321711676462,68.41791604246413,68.57097625732422,5062000
1998-04-24,68.41792423874391,68.85797240918326,67.55696042701476,67.84394836425781,11039700
1998-04-27,66.96384821379448,67.15517349440532,65.89242664237376,66.56206512451172,14510200
1998-04-28,67.2125687146228,67.23170124201097,66.19854476305007,66.46640014648438,6511400
1998-04-29,66.75338252412722,67.32735829819538,66.38986453388404,66.92557525634766,7703100
1998-04-30,67.6908611562056,68.52312584255239,67.59519854857953,68.16917419433594,8684500
1998-05-01,68.41789307860311,68.9344711303711,68.15003779250121,68.9344711303711,4008800
1998-05-04,69.01102142249073,69.37453941723076,68.66663595378964,68.76229858398438,4537200
1998-05-05,68.57096919655365,68.66663182099082,68.03525849970558,68.28398132324219,5146400
1998-05-06,68.64751488620983,68.64751488620983,67.46129807379485,67.48043060302734,5526100
1998-05-07,67.65258241333461,67.69084744863628,66.9446792602539,66.9446792602539,6940400
1998-05-08,67.34644680645388,68.18827739153456,67.34644680645388,68.03521728515625,7951000
1998-05-11,68.30311736457773,68.70490040789878,67.57608138142535,67.80567169189453,6336300
1998-05-12,67.84395894572963,68.55186263467266,67.5569709637257,68.53273010253906,6045200
1998-05-13,68.60920192258533,68.91532217656228,68.32221418448194,68.70486450195312,4441500
1998-05-14,68.28400454239588,68.99190820394494,68.16920935403657,68.36053466796875,4187500
1998-05-15,68.57096775612159,68.70489542752026,67.84393182567163,67.97785949707031,6716100
1998-05-18,67.7865520907378,68.32226291730869,67.24127499940671,67.71002197265625,4847200
1998-05-19,67.9587164575586,68.37963193111328,67.8247888068821,68.16917419433594,5918700
1998-05-20,68.62834643866904,68.87706918851647,67.88217818912679,68.81967163085938,5716600
1998-05-21,68.80054651056513,69.04926928716061,68.15004078716157,68.37963104248047,6301500
1998-05-22,68.41791393837232,68.60923920106352,67.9204682553752,68.1117935180664,4862200
1998-05-26,68.6283490210644,68.6283490210644,66.84902466674073,67.0212173461914,6899300
1998-05-27,66.44728942227337,67.28912090358061,65.86374714545812,67.11692810058594,10202600
1998-05-28,67.26995920620766,67.57607961215172,66.77251354654855,67.42301940917969,4907600
1998-05-29,67.72913085727576,67.84392599432199,66.75337219238281,66.75337219238281,4772600
1998-06-01,66.71513896076893,67.48044023935533,66.46641604522836,67.05952453613281,6092200
1998-06-02,67.34651850457882,67.55697637490563,66.82994009559484,67.11692810058594,6701100
1998-06-03,67.26994492584971,67.4612701389494,66.04546356201172,66.04546356201172,6445100
1998-06-04,66.27508973695583,67.3847765743529,66.16029454688028,67.26998138427734,6566300
1998-06-05,67.57608486073359,68.57097625732422,67.26996443101339,68.57097625732422,8463200
1998-06-08,68.53270322064448,68.85795613933541,68.36051049898457,68.49443817138672,4159900
1998-06-09,68.39874424797617,68.82922585513127,68.20741908924057,68.70486450195312,2725300
1998-06-10,68.34134634727855,69.2214420729154,68.11175615798197,68.26481628417969,6186900
1998-06-11,68.22656202493344,68.49441728807116,66.96381578442711,66.98294830322266,8056600
1998-06-12,67.26993352245597,67.61431884765625,66.27504258298848,67.61431884765625,9779000
1998-06-15,66.61944781843572,67.28908615090133,65.81588181947699,65.83501434326172,10234200
1998-06-16,66.37072408247076,66.86816969392774,65.96894108860167,66.84903717041016,7471500
1998-06-17,67.44210858421229,68.43699926403615,67.30818099269754,68.24567413330078,12057700
1998-06-18,68.07355633979783,68.22661661262481,67.80570086235062,67.93962860107422,3844600
1998-06-19,68.2133634784965,68.3189272092595,67.33046682120589,67.59917449951172,3549100
1998-06-22,67.7143561758541,68.21338487783035,67.59919570616728,67.92548370361328,5438300
1998-06-23,68.23256169041919,68.82755730572242,68.17498146958339,68.7315902709961,5004600
1998-06-24,68.88512639507967,69.82560318342152,68.54924182781473,69.65286254882812,8291900
1998-06-25,69.95997471800175,70.28626266593207,69.28820541343931,69.5377197265625,5854800
1998-06-26,69.59527123164449,69.92155904492027,69.48011082695893,69.82559204101562,4833100
1998-06-29,70.17107840010122,70.43978603073619,69.89277406837215,70.07511138916016,5953400
1998-06-30,69.95996585683933,70.13270651327598,69.44174388752941,69.59529113769531,4284800
1998-07-01,70.05593165706522,70.5933470232016,69.78722397399702,70.40141296386719,3489500
1998-07-02,70.4589929780506,70.55496000744049,70.17109188988096,70.5357666015625,3503900
1998-07-06,70.49738303957315,71.24592590332031,70.36302919223391,71.24592590332031,3144400
1998-07-07,71.23635998106839,71.32273034882127,70.804508142304,71.11160278320312,4920700
1998-07-08,71.16917983665344,71.82175591929806,71.09240617987172,71.62982177734375,6875000
1998-07-09,71.4186557741991,71.68736342828102,71.01559429307623,71.14994812011719,6942500
1998-07-10,71.26512863490804,71.8217375038583,70.67013294740948,71.5338363647461,7849700
1998-07-13,71.59140347411193,71.76414412592614,71.28430898199777,71.55301666259766,6555100
1998-07-14,71.8217231365983,72.57026594855108,71.8217231365983,72.35913848876953,6983600
1998-07-15,72.51267061377978,72.6470244238106,72.1863827894192,72.22476959228516,4977500
1998-07-16,72.28235999334139,72.83896871341757,71.89849191053023,72.72380828857422,6315600
1998-07-17,72.85816525231554,73.0884861119119,72.66623120265191,72.81977844238281,3539500
1998-07-20,72.934938872181,73.23243664915964,72.43591034305555,72.81977844238281,2338400
1998-07-21,73.08848912316842,73.08848912316842,71.4186628222977,71.55301666259766,5518600
1998-07-22,71.45704963381198,71.85051445183323,70.95802108412649,71.55301666259766,10417300
1998-07-23,71.43785729953743,71.61059795394254,69.95996503407144,70.13270568847656,15110900
1998-07-24,70.61252665043008,70.68930025918293,69.32656870381992,70.07511138916016,11540500
1998-07-27,69.7872355702068,70.63174557160644,69.30740034213882,70.57416534423828,9600000
1998-07-28,70.28623753042471,70.42059134329008,68.71237857971614,69.38414764404297,13693000
1998-07-29,69.8448127719039,70.09432707969032,68.94272258221457,69.11546325683594,7462400
1998-07-30,69.78722651908238,70.38222212471813,69.65287267264851,70.15190124511719,6821600
1998-07-31,70.22867502111745,70.32464205448875,68.36691457371423,68.65481567382812,7680500
1998-08-03,68.65486756527712,69.04833269949243,68.19422545692748,68.3669662475586,10486500
1998-08-04,68.92353044492063,68.92353044492063,65.71823120117188,65.71823120117188,15091600
1998-08-05,66.29399726535772,66.86979921033766,64.85449240290785,66.62028503417969,21718400
1998-08-06,66.40910649258585,67.2536153612777,66.06362559175737,66.90813446044922,13084400
1998-08-07,67.3688731242701,67.92548204751905,66.62033008955598,67.02339172363281,12083800
1998-08-10,66.79302778112175,67.34963634596443,66.44754660294353,66.63948059082031,6273000
1998-08-11,65.58386113350852,65.98692261545281,64.79693157352202,65.64144134521484,14287100
1998-08-12,66.17889723687284,66.86986020106293,66.02534991149727,66.75469970703125,11158400
1998-08-13,66.8314363659469,67.34965830215614,65.94853973388672,65.94853973388672,9073900
1998-08-14,66.54353310503022,66.77385395800408,64.9696739430422,65.18080139160156,8628500
1998-08-17,65.10401516994666,66.90819483562325,64.79692075876767,66.56271362304688,11290000
1998-08-18,66.9466124174954,67.92547630318698,66.81225855083184,67.79112243652344,7603900
1998-08-19,68.23257445206265,68.23257445206265,67.33048415691583,67.6183853149414,6258600
1998-08-20,67.36887168775348,67.81032013471028,67.04258370522021,67.21532440185547,7402800
1998-08-21,66.44758891894615,66.77387690612758,64.79695557202838,66.67790985107422,16685400
1998-08-24,67.10017395019531,67.52242904942423,66.52437154215588,67.10017395019531,7201700
1998-08-25,67.79113105007502,68.32854658501333,66.72589668617945,67.25371551513672,9688300
1998-08-26,66.50514496454005,67.33046133783736,66.17885709602714,66.86981964111328,9339700
1998-08-27,65.71821719250048,66.0636984744704,63.54936247791153,63.722103118896484,24887800
1998-08-28,64.47063904085356,64.93128070116332,62.74323281469195,63.49177551269531,23735900
1998-08-31,63.72213234504064,63.885276358574636,58.34797660509746,58.96216583251953,22563100
1998-09-01,59.00051984721463,61.76436983355129,57.50343443794894,61.457275390625,24748500
1998-09-02,61.3037243867378,62.49371527965506,60.670342137281835,61.01582336425781,13843200
1998-09-03,59.960189591953856,61.03502013521552,59.42277432032303,60.53599166870117,17311300
1998-09-04,61.07340429506034,61.30372511578339,58.80858289128375,60.03696060180664,17783800
1998-09-08,61.95632656338145,63.261478424072266,61.303750633036046,63.261478424072266,14746500
1998-09-09,63.107919351378484,63.33824022492366,61.687607297849894,61.72599411010742,12109700
1998-09-10,60.45921375303704,61.01582238758881,59.46115689108215,60.49760055541992,19889300
1998-09-11,60.30567256174867,62.4553337097168,59.57632324368806,62.4553337097168,20379800
1998-09-14,63.184700533126424,64.15396765855864,62.70486532251641,63.530181884765625,10686800
1998-09-15,63.18467889734217,64.06757538254196,62.820004262150945,63.91402816772461,8337900
1998-09-16,64.33631324768066,64.64340782165527,63.3574492931366,64.48986053466797,11024900
1998-09-17,62.800825081619564,63.28066023658304,62.51292398864148,62.64727783203125,12945200
1998-09-18,63.09966986369823,63.11893105718532,62.309960930727655,62.92631912231445,7019200
1998-09-21,61.40467892423341,63.73528311175921,60.98093270831963,62.88779067993164,8834600
1998-09-22,63.79309141360685,63.88939740909841,62.96485985237947,63.407867431640625,7270100
1998-09-23,64.02424273981111,65.95036315917969,63.96645912723006,65.95036315917969,13688500
1998-09-24,65.52656058123011,65.8347395845516,63.63896418588604,64.33236694335938,11129500
1998-09-25,63.56196026150271,64.97765846732709,63.25378106023482,64.25536346435547,10247400
1998-09-28,64.91025862350962,65.52661716236788,64.25537767597274,64.83321380615234,8847800
1998-09-29,64.94873381314213,65.29543523919092,63.71601763163527,64.6790771484375,10618100
1998-09-30,63.79308551535267,64.29387664560605,62.483324097766925,62.71445846557617,7908400
1998-10-01,61.65511766466289,62.589286114127475,60.460922945759705,60.9039306640625,13335600
1998-10-02,60.94242397288229,62.17514051342099,59.92158058774867,62.078834533691406,14351800
1998-10-05,61.385448617675465,61.61658303355627,59.38228368004188,60.826873779296875,12807200
1998-10-06,62.098107707028156,62.425548101264965,60.114204141946296,60.76908493041992,12621000
1998-10-07,60.7883491221542,61.65510314956134,59.016318666121826,59.86381149291992,14348500
1998-10-08,58.28437638321342,59.63266004045894,56.839786750450365,59.536354064941406,20625000
1998-10-09,59.78675779856238,60.884646069992165,57.97620521059045,60.73055648803711,12708500
1998-10-12,62.02105081837861,62.521841911943156,61.44321494118874,61.6165657043457,9508500
1998-10-13,61.36618646025807,61.88623888788738,60.86539523365207,61.40470886230469,6256800
1998-10-14,60.98093148297298,62.752961077550836,60.92314790923674,61.982513427734375,8176900
1998-10-15,61.712883461333774,66.10443696607288,61.59731626384064,65.31472778320312,20541100
1998-10-16,65.41102916789505,65.79625313237028,64.71762603183963,65.333984375,16573900
1998-10-19,65.14137053349604,65.83477364976034,65.02580334745198,65.56511688232422,7915900
1998-10-20,66.29706483466602,67.0578824003166,65.39178823756279,65.95036315917969,14611600
1998-10-21,65.87330499539482,66.33557380238004,65.25694658608118,65.7192153930664,9178400
1998-10-22,65.81555296512067,66.85565827975822,65.43032877451417,66.70156860351562,8277500
1998-10-23,66.54742982590467,66.5666910212233,65.81550440379631,65.8540267944336,6237200
1998-10-26,66.39333961566567,66.85560829880346,65.81550376174341,66.33555603027344,5838600
1998-10-27,66.83637855208923,67.16381902338188,65.50735546272492,65.95036315917969,10089700
1998-10-28,65.68068062931282,66.27777772594294,65.35324028599953,65.83477020263672,5650600
1998-10-29,66.00812772191344,67.45271761953337,65.71920974238945,67.43345642089844,9625600
1998-10-30,67.87646037882024,68.35799031907861,67.49123642661354,67.7994155883789,9872800
1998-11-02,68.30021260863575,68.95509338378906,67.91498862325146,68.95509338378906,6501400
1998-11-03,68.78176330111305,68.91659173659548,68.2617107642522,68.4543228149414,6866000
1998-11-04,69.321092503639,69.70631669093346,68.47359929159117,69.18626403808594,8233600
1998-11-05,68.74319148515484,70.22630320954735,68.49279599921843,70.12999725341797,6841500
1998-11-06,69.93736538046161,70.6115068809618,69.84105945181874,70.34185028076172,5224800
1998-11-09,70.22632655266301,70.41893852894567,69.34031146176271,69.84110260009766,6188700
1998-11-10,69.64851379394531,70.22634991502339,69.18624489708284,69.64851379394531,14015200
1998-11-11,70.1493245063221,70.26489176251044,68.96476013039162,69.18626403808594,10922400
1998-11-12,69.22472853644636,69.72551956091704,68.83950467146892,69.10916137695312,5457400
1998-11-13,69.16698194056823,69.78334045410156,69.10919832992448,69.78334045410156,5524600
1998-11-16,70.39963539855121,70.48631073625121,69.58103498694015,70.30332946777344,6023700
1998-11-17,70.05293404775124,71.26638877555116,69.6484491384846,70.30332946777344,9058900
1998-11-18,70.45745507200819,70.88120138463371,69.95666397526892,70.72711181640625,4567700
1998-11-19,71.0545801755934,71.4398042481095,70.6500948994515,71.34349822998047,5249300
1998-11-20,71.71909987990368,71.95986495268436,71.40128998383321,71.88282012939453,5562000
1998-11-23,72.40282599164553,73.73184833626472,72.21021405764274,73.5777587890625,7151300
1998-11-24,73.3466434137085,73.75112857959293,73.00957244213815,73.11550903320312,5323700
1998-11-25,73.30812101695761,73.4622106039612,72.86511345432228,73.11550903320312,4393500
1998-11-27,73.6355621046601,73.78965169316056,73.356274725503,73.65482330322266,4557900
1998-11-30,73.3562763858791,73.57778017436213,71.57461547851562,71.57461547851562,8705400
1998-12-01,71.57459298761188,72.7495257573224,71.01601839217572,72.49913024902344,8950600
1998-12-02,72.24876245040751,72.67250885774128,71.49757563740674,72.28728485107422,7495500
1998-12-03,72.26801163831787,72.92289234079729,70.93898903622727,71.09307861328125,12145300
1998-12-04,71.88280609517565,73.03847821889231,71.80576128692788,72.96143341064453,10339500
1998-12-07,72.76879202862257,73.6355457716845,72.73026964004204,73.30810546875,4290000
1998-12-08,73.0577271683734,73.80891392280698,72.4221076069296,72.98068237304688,10102600
1998-12-09,73.15403142995402,73.32738221533306,72.65324027219235,73.11550903320312,5327900
1998-12-10,73.25033362513159,73.25033362513159,71.94057220348841,72.0465087890625,5966600
1998-12-11,71.7672325956656,72.32580740652827,71.22791898517751,72.19097900390625,8198200
1998-12-14,71.59383690173809,71.74792640811793,70.11072540283203,70.11072540283203,9521400
1998-12-15,70.68860130126168,71.95984045272853,70.59229530493845,71.92131805419922,9631500
1998-12-16,72.1909519890161,72.1909519890161,71.34345948967866,71.82498931884766,7260000
1998-12-17,72.24872888265757,73.09622130356851,72.13316173435153,72.97102355957031,6914700
1998-12-18,73.16517677790002,73.66763176897909,72.8946240903959,73.2811279296875,4802400
1998-12-21,73.74488292044255,75.03966991092202,73.5902814887435,74.30531311035156,8580700
1998-12-22,74.45993868937954,74.96239350534734,73.70625646542787,74.63386535644531,5461100
1998-12-23,74.94308899297286,76.19922637939453,74.71118670624885,76.19922637939453,7791000
1998-12-24,76.16053658289626,76.21851212457317,75.75470779115791,75.87065887451172,1507100
1998-12-28,76.21851904521316,76.25716940984054,75.44551175266535,75.67741394042969,4203600
1998-12-29,75.88998794555664,76.98186070311303,75.5228094961129,76.87557220458984,3935800
1998-12-30,76.64366762032681,77.14612232484735,76.08323737297697,76.25716400146484,6810700
1998-12-31,76.25716400146484,76.64366762032681,75.7353841160012,76.25716400146484,6790500
1999-01-04,76.29582133352498,77.43600711333197,75.27158664996956,76.08324432373047,9450400
1999-01-05,76.0252569745618,77.22341811650965,76.0252569745618,76.95286560058594,8031000
1999-01-06,77.80318830339507,79.001349673194,77.76453793662736,78.80809783935547,7737700
1999-01-07,78.15103254698955,78.67281243788192,77.78385410525048,78.42158508300781,5504900
1999-01-08,79.27193359479513,79.4651855050701,77.8998450318428,79.00138092041016,6224400
1999-01-11,78.96271256936512,78.96271256936512,77.43602282561088,78.2476806640625,7578300
1999-01-12,78.05440037687059,78.05440037687059,76.52771118900905,76.8369140625,7768800
1999-01-13,74.45992976674677,77.37803238672568,74.440604583833,76.29582214355469,10810600
1999-01-14,76.45044956271198,76.6243762679861,74.7691580783955,74.96240997314453,11400700
1999-01-15,75.67741109570066,77.1654500779195,75.48415927982809,76.91422271728516,7817700
1999-01-19,77.48434806381889,77.68726255556851,76.3731496566186,77.41670989990234,6535100
1999-01-20,77.97711203746597,79.11729781446981,77.32005582698919,78.03508758544922,6534400
1999-01-21,77.65824626281164,77.8225103148793,75.81269132487498,75.96729278564453,6937500
1999-01-22,75.52282052669885,76.58570566717184,75.31024349860425,75.79337310791016,7522300
1999-01-25,76.23787800511106,76.68235739525493,75.38756960657497,76.56640625,5700300
1999-01-26,76.75964777600842,77.95780944824219,76.45044476381906,77.95780944824219,6047000
1999-01-27,78.15108130048145,78.30568284608083,76.77899258328705,77.04954528808594,7399400
1999-01-28,77.45532572839905,78.51821068724684,77.41667536625911,78.34428405761719,5961700
1999-01-29,78.75015324157192,79.33957156644749,77.55199140084126,78.94340515136719,6456800
1999-02-01,79.5810884439543,79.5810884439543,78.47955322265625,78.47955322265625,9426800
1999-02-02,78.58590895215158,78.6728723335077,77.15584445873975,77.99649047851562,9194500
1999-02-03,77.72587244493693,79.11728537781495,77.70654726531362,78.78875732421875,10290700
1999-02-04,78.76947385476404,78.84677461418973,77.16548309668127,77.6099624633789,7761100
1999-02-05,77.70660849698545,77.70660849698545,76.19924329858583,76.72102355957031,7516100
1999-02-08,77.35870174333161,77.35870174333161,76.27649157655006,76.87557220458984,8528400
1999-02-09,76.91422356281589,76.9915242900147,75.14596942814312,75.15563201904297,8985700
1999-02-10,75.52285804027309,76.06396347147259,75.03006559400212,75.63880920410156,6936700
1999-02-11,76.10256685529437,77.97710951272543,75.75471357865767,77.3780288696289,9181800
1999-02-12,77.18478115070215,77.60993517807208,75.83201833634332,76.45042419433594,10676600
1999-02-16,77.14612899888932,77.68723411210799,75.98661804199219,75.98661804199219,6915500
1999-02-17,76.17987722874658,77.52297755025798,75.60012169428124,75.9093246459961,7858100
1999-02-18,76.17985665710866,76.91421346912543,75.58077609993708,76.50838470458984,9048900
1999-02-19,76.68231262575452,77.76452268297284,76.29580903389085,76.8369140625,5312200
1999-02-22,76.95291028917566,78.98205533698165,76.85628433451824,78.88542938232422,10695800
1999-02-23,78.90473153731402,79.46516191071154,78.28632560804778,78.84675598144531,7770700
1999-02-24,79.05932779749948,79.67773368591796,77.30073605230945,77.45533752441406,7271000
1999-02-25,77.01090148233946,77.47470615877012,75.87071498611412,76.72102355957031,11633000
1999-02-26,77.14612293388123,77.20409847716822,75.9479617059502,76.4117660522461,9621300
1999-03-01,76.46974242163486,76.87557122902791,75.67740998815317,76.62434387207031,7607200
1999-03-02,76.99151965425214,77.49397435079094,75.63875700972463,75.94795989990234,9651500
1999-03-03,76.12190332318583,76.41178109669379,75.3102455573636,76.35380554199219,7881400
1999-03-04,76.72097245921674,77.60026823929088,76.22818031873562,77.32005310058594,8256400
1999-03-05,78.84674464810732,79.23324829834314,78.26698917275358,78.875732421875,10703100
1999-03-08,79.32990284950384,79.64876847606091,78.69217159638967,79.38787841796875,4802200
1999-03-09,79.23324570067048,80.3541062496068,79.00134351813193,79.19459533691406,7893400
1999-03-10,79.44585571510525,79.92898546282542,79.0207015371115,79.89033508300781,3950000
1999-03-11,80.199510857249,81.12711965752561,79.6970560904325,80.77926635742188,6583700
1999-03-12,81.01116560046799,81.0304907831017,79.90963019034713,80.00625610351562,5286500
1999-03-15,80.35415147207668,81.16580956775422,80.0835987735175,81.146484375,5394400
1999-03-16,81.08850012297496,81.41702836465528,80.68267111854635,80.83727264404297,4547500
1999-03-17,80.81793094557158,80.97253243948946,80.1608745964206,80.4894027709961,4524100
1999-03-18,80.25748264586768,81.86147278783903,80.23815746343429,81.78417205810547,3506300
1999-03-19,82.02127253520919,82.21499306552381,80.3940200805664,80.3940200805664,5526700
1999-03-22,80.6265147302287,80.95583975435507,80.22938749525281,80.54902648925781,4603800
1999-03-23,80.16155527463462,80.29715964556803,77.9240831542334,78.22434997558594,9713800
1999-03-24,78.63117776178896,78.83458435614689,77.87566755417384,78.669921875,6280900
1999-03-25,79.38670955569587,80.27782440185547,79.19298893696552,80.27782440185547,6639600
1999-03-26,79.73540702675173,80.04536001810936,79.17361722991602,79.69666290283203,6159700
1999-03-29,80.06472308595379,81.4788834501625,80.06472308595379,81.30453491210938,5863900
1999-03-30,80.54904708405454,81.34330175708153,80.31658230170518,80.87837219238281,5401400
1999-03-31,81.30454256007594,81.58543745336189,79.54168495393658,79.58042907714844,7413600
1999-04-01,80.39403898354801,80.39403898354801,79.42543610422817,80.18094635009766,7683600
1999-04-05,81.1689125008816,82.19563144182355,80.74272728011326,82.07939910888672,5791100
1999-04-06,81.94380495546557,82.43779243214745,81.30452704446547,81.88568878173828,5381300
1999-04-07,82.25375355825936,82.67993880985657,81.44012716884653,82.5443344116211,6248600
1999-04-08,82.56373473484575,83.64857029213138,82.00194489267997,83.5904541015625,5909100
1999-04-09,83.33858582971271,83.99723574096566,82.81554031195301,83.60979461669922,4365800
1999-04-12,82.73810310136392,84.5590775081839,82.58312655610264,84.50096130371094,8213200
1999-04-13,84.46216958208353,84.59777398278871,83.37733437644209,83.95849609375,10071400
1999-04-14,84.34593570246379,84.34593570246379,82.25375355825936,82.5443344116211,11551700
1999-04-15,82.71869173263352,82.79617996844864,81.20767113423881,82.23439025878906,11150000
1999-04-16,82.38937322462957,82.38937322462957,81.32390989818832,81.53700256347656,6476200
1999-04-19,82.253774712905,83.39672636341403,79.58043017442621,80.27782440185547,12487200
1999-04-20,80.47151469911587,81.32388510035831,79.96784128019989,81.28514099121094,9049600
1999-04-21,81.24640375867389,84.07472396581896,80.83959057819413,83.60979461669922,5772200
1999-04-22,83.76481270850293,84.5396953422541,83.30956916117411,84.40409088134766,6897400
1999-04-23,84.22973839259072,84.77215621112626,83.68732057405516,84.19099426269531,4593100
1999-04-26,84.61714627927677,84.81086685226046,83.97786838843058,84.67526245117188,3606500
1999-04-27,85.00459641837031,85.23706113054453,84.21034198510843,85.08208465576172,5147200
1999-04-28,84.57839630141044,85.08206975625163,83.68728172746061,83.91974639892578,5544300
1999-04-29,84.03595121906757,84.34590401286772,82.95111644076702,83.28044128417969,9824300
1999-04-30,83.74536788396495,84.07469271718897,81.51758224744958,82.6024169921875,10991900
1999-05-03,82.71867636984145,84.21032463224842,82.50558376092616,84.11346435546875,10709700
1999-05-04,83.76476204417575,84.19094723496481,82.52495058006215,82.91239166259766,10509300
1999-05-05,83.02866528351439,83.72605957894288,81.73073701146691,83.57108306884766,10032300
1999-05-06,83.3385883048811,83.76477355423195,82.06003255682853,83.05769348144531,13507200
1999-05-07,83.37734866672092,83.7647898779975,82.71869860755072,83.68730163574219,8680700
1999-05-10,83.59039075904022,84.13280812665393,82.77676470761966,83.270751953125,5580100
1999-05-11,83.88099969119753,84.84960245899427,83.51293063943477,84.11346435546875,7000600
1999-05-12,84.15223453947134,85.06272142330079,81.51763419477334,84.77214050292969,13865800
1999-05-13,85.08207395377826,85.5470033196459,84.81086515702214,85.14019012451172,4485700
1999-05-14,83.41607939041376,84.22970580341826,82.75742943702916,82.93177795410156,8370100
1999-05-17,82.83494998556989,83.36768177336297,82.06006738514361,83.18364715576172,6268100
1999-05-18,83.39670984977548,83.67760469131362,82.21501430951152,83.02864074707031,8218600
1999-05-19,83.35791884248445,83.68724364386075,82.60240900403292,83.6291275024414,5052400
1999-05-20,83.76480453871703,84.05538549803265,83.10615436426828,83.12552642822266,4670400
1999-05-21,83.14486966827086,83.4935666985665,82.19563886357717,82.66056823730469,6418200
1999-05-24,82.97050973912212,82.97050973912212,80.82989770872918,81.28514099121094,7952000
1999-05-25,81.44013380449871,82.04066761704378,79.61916030839431,79.96785736083984,15406400
1999-05-26,80.16156898575305,81.20766002616645,79.40605878989892,80.85896301269531,12575900
1999-05-27,80.49091744318596,80.7621263106239,79.34796578755468,79.69666290283203,14515400
1999-05-28,79.96785980814234,81.05269511561713,79.71602304033568,80.71368408203125,8748000
1999-06-01,80.6652956394791,80.68466770855677,79.58045977112876,80.43283081054688,6705300
1999-06-02,80.43278855882778,80.70399738344811,79.3576392897972,80.5102767944336,6981900
1999-06-03,81.01393434150734,81.13016667198296,80.45214474420851,80.95581817626953,6076600
1999-06-04,81.49827143476514,82.67028128068938,81.16894635409221,82.5831069946289,9787200
1999-06-07,82.71870011082865,83.18362957280989,82.38937507525861,82.79618835449219,5299100
1999-06-08,82.67993798643519,82.94146075185621,81.5757307546576,81.9825439453125,4895700
1999-06-09,82.0794236247226,82.50560897278582,81.71135446048618,81.90507507324219,7409700
1999-06-10,81.47886105863198,81.49823311309194,80.33590984549377,81.1495361328125,7040700
1999-06-11,81.34326197771597,81.96316776082789,80.02596218860316,80.47151947021484,12824800
1999-06-14,81.01395593508325,81.0527000555687,80.30687573622372,80.54902648925781,6823500
1999-06-15,80.87833803689942,81.61447620346281,80.63618732421409,81.0914306640625,5700900
1999-06-16,82.06001275299974,82.98987125445016,82.06001275299974,82.64117431640625,7865800
1999-06-17,82.37006092913141,84.03605933926906,82.21508433283954,83.41615295410156,8162800
1999-06-18,83.3570144852132,83.74562527535404,82.92954261605826,83.51245880126953,2875100
1999-06-21,83.60960390308773,84.09536734663344,83.1044099218002,83.70675659179688,4646400
1999-06-22,83.31816100360858,84.05652157220399,83.00727234314735,83.12385559082031,5862400
1999-06-23,82.69639739739326,83.0850082874186,82.15234215135777,82.71582794189453,9629200
1999-06-24,82.61865687263084,82.65751795300366,81.23908851939547,82.09403228759766,9176900
1999-06-25,82.44377738327188,82.70608966106452,81.60826420215459,81.89000701904297,4087000
1999-06-28,82.50205244304873,83.08496849893461,82.38546923187155,82.89066314697266,5028900
1999-06-29,82.69640330851936,84.05654152083054,82.56038948728823,83.66793060302734,6956200
1999-06-30,83.706765905784,85.49437557693817,83.22100240818776,85.18348693847656,16856100
1999-07-01,85.18344611594762,86.1161115843704,84.60053019818338,85.82465362548828,9939500
1999-07-02,85.88302735442191,86.73797151813109,85.74701351019546,86.67967987060547,3772800
1999-07-06,86.5824951171875,87.51516113281251,86.17445373535156,86.66021728515625,11221100
1999-07-07,86.46592858976918,86.87397005052989,86.12589403913526,86.77681732177734,3230700
1999-07-08,86.4658845192448,87.43741131159587,86.27157916077458,86.84477996826172,7101500
1999-07-09,87.04882964544873,87.41800994974862,86.7768020528067,87.3597183227539,2976800
1999-07-12,87.63168442345176,87.63168442345176,86.73788010338995,86.9710464477539,4436300
1999-07-13,86.66021728515625,87.00025177001953,86.21331481933595,86.66021728515625,6477600
1999-07-14,87.04883574588908,87.18484955174202,86.27161399815792,87.14598846435547,4382500
1999-07-15,87.53456273770378,87.90374291351208,87.24310470417092,87.69972229003906,3348600
1999-07-16,87.826054364167,88.38954011119374,87.51516567615225,88.1758041381836,2281500
1999-07-19,88.40893988283524,88.44780095531122,87.39855199845998,87.59285736083984,4287000
1999-07-20,87.12653944611401,87.30141430227258,85.51380466154053,85.79554748535156,7060100
1999-07-21,85.86360022632758,86.36879452501155,85.37783647759298,85.69844055175781,4793700
1999-07-22,85.45553909994145,85.80528891890437,84.2314147335712,84.57144927978516,7804100
1999-07-23,84.96977395642529,85.18350995311421,84.01767724390187,84.40628814697266,4603000
1999-07-26,83.86220701992622,84.63942858637596,83.70676270663627,83.78448486328125,4333400
1999-07-27,84.56172333184799,85.30979923908055,84.17311247094794,84.48400115966797,5908500
1999-07-28,84.71719663988172,85.3778353292753,84.30915509643276,84.75605773925781,3955500
1999-07-29,83.9010512159747,84.0953565684897,82.89066338289673,83.57073211669922,7760600
1999-07-30,83.82335505512475,84.15367425677915,82.42435608341195,82.54093933105469,5994300
1999-08-02,82.54092411526831,83.78447852755107,82.38547981373297,82.7352294921875,6065500
1999-08-03,83.1432938064928,83.22101597878212,81.68600307606818,82.34664154052734,5445400
1999-08-04,82.52148858576871,83.24041843688089,81.10305942006089,81.21964263916016,6497900
1999-08-05,81.37510683322868,82.03574523636378,80.11212165076454,81.95802307128906,10322000
1999-08-06,81.58885657547305,82.07462018928273,80.52017662509176,81.0642318725586,7537700
1999-08-09,81.2002472392991,81.94832321889064,80.6756225263388,80.88935852050781,5565900
1999-08-10,80.75332789853097,80.92820276645367,78.96571813754328,79.99553680419922,9793300
1999-08-11,80.63672951207849,81.1613540173378,79.9760912461964,80.96704864501953,8003400
1999-08-12,81.25853733736466,81.95803694141657,80.77277372343971,80.91850280761719,7036800
1999-08-13,81.84146700440313,82.85185548593897,81.53057824085364,82.79356384277344,5857700
1999-08-16,82.77408610548929,83.29871059489028,82.23003107944382,83.1626968383789,3927000
1999-08-17,83.5901733653459,83.84277035598967,82.77409078018911,83.70675659179688,4808000
1999-08-18,83.44442734663693,83.55129528246334,82.85179606614504,83.1043930053711,4355500
1999-08-19,82.30778654495089,82.84212651897973,81.88031456572782,82.42436981201172,6448100
1999-08-20,82.73522505877037,83.39586330489489,82.50205861896171,83.25984954833984,3663700
1999-08-23,83.82333855861545,84.90173338708163,83.72618587136624,84.85315704345703,5637800
1999-08-24,84.60053132892934,85.78579371089182,84.17305965018876,85.16401672363281,9279500
1999-08-25,85.30006119229283,86.29101862300055,84.65885344301135,86.03842163085938,6005300
1999-08-26,85.9801560320173,86.06759347882952,84.87261503906251,85.00862884521484,4322300
1999-08-27,85.10573835959869,85.22232156283101,83.97876739501953,83.97876739501953,6247400
1999-08-30,84.15368827341413,84.25084099596484,82.07462001082921,82.42436981201172,4652000
1999-08-31,82.65752717075448,83.16272127193915,81.37511137543953,82.11347198486328,11453700
1999-09-01,82.65752260012847,83.15300140273855,82.26891177455194,83.12385559082031,6863900
1999-09-02,82.15232391267186,82.4923583659528,81.23908852386023,82.14260864257812,10896300
1999-09-03,83.86217534374954,84.87256299849352,83.74559215281755,84.54224395751953,9160800
1999-09-07,84.60052619414896,84.9502757282543,84.07590189299093,84.2313461303711,4560800
1999-09-08,83.8427948012195,84.60058599409263,83.33760067263741,83.8233642578125,6159600
1999-09-09,83.78448486328125,84.09537348986113,83.12384653179897,83.78448486328125,6177800
1999-09-10,84.71716767620799,84.7851745768655,83.90108486831792,84.48400115966797,2934500
1999-09-13,84.01761162826222,84.23134745802884,83.62900102868653,83.9107437133789,2320500
1999-09-14,83.35702514648438,83.66791381835938,82.92955322265625,83.35702514648438,3736000
1999-09-15,84.21197212685459,84.21197212685459,81.99689025734342,82.03575134277344,6984500
1999-09-16,82.38549957329391,82.57980499681584,81.02536160864048,82.35635375976562,15377600
1999-09-17,82.6954574014539,83.51383845962096,82.4031784521085,83.39692687988281,8542300
1999-09-20,83.5138295432034,83.55280006562207,82.9877274905514,83.2800064086914,2803900
1999-09-21,82.46161381737909,82.59801062662333,81.156101500327,81.52632141113281,9335200
1999-09-22,81.8381382412482,82.2083583904348,80.9028452327768,81.43869018554688,13009100
1999-09-23,82.18887057262431,82.18887057262431,79.57784433821662,79.73372650146484,12204100
1999-09-24,79.65576934814453,80.04547467763643,78.75944709031316,79.65576934814453,13792900
1999-09-27,80.27929583673489,80.90282434808817,79.98701684703803,80.18186950683594,6970300
1999-09-28,79.77263163382449,80.31821875784675,78.29175229719267,80.02593994140625,11063400
1999-09-29,80.08445437052029,80.51313028199266,79.03224986054265,79.07122039794922,7580300
1999-09-30,79.46090814164542,80.7079650619655,79.1686291759454,80.27928924560547,7498900
1999-10-01,79.77267809408303,80.16238340963791,78.9542969314178,80.10392761230469,11127100
1999-10-04,80.55205848795963,81.60426244498667,80.27926486947113,81.52632141113281,6341600
1999-10-05,81.50684292624442,82.28625332955538,80.2403010208641,81.4483871459961,11976000
1999-10-06,81.52635670337443,82.81238431867622,81.4873861695774,82.69547271728516,10308200
1999-10-07,82.84159953402117,82.92928322163803,81.99399055372481,82.22781372070312,6535600
1999-10-08,82.1498783656529,83.4748764038086,81.82837148874748,83.4748764038086,9674300
1999-10-11,83.29949993270007,83.63074940611666,83.1241325644207,83.33847045898438,4282000
1999-10-12,83.00723008604464,83.12414167771513,81.79914363878295,82.05245208740234,8686100
1999-10-13,81.4873795753453,81.87708488177928,79.92855834960938,79.92855834960938,10469300
1999-10-14,80.11369110810642,80.55210970227702,79.03225857581897,79.90909576416016,10562200
1999-10-15,78.56459828969595,79.03224470808699,77.62930545291385,77.86312866210938,14238700
1999-10-18,77.90212029309006,78.52564901979814,76.96682720302796,78.42822265625,9758800
1999-10-19,79.30499900983074,79.96749777305783,78.52558870015181,79.1880874633789,14392900
1999-10-20,79.65574225115265,80.72743154269213,79.2660370542292,79.9675064086914,9759400
1999-10-21,79.32452046593954,80.4351806640625,78.95430039989856,80.4351806640625,9105400
1999-10-22,80.90282667986109,81.81863420730653,80.78591508061274,81.1171646118164,8309600
1999-10-25,80.63001335950821,81.35096804638637,80.27927864697288,80.70795440673828,8114300
1999-10-26,81.17557392819877,81.48733801433684,79.69469451904297,79.69469451904297,6256300
1999-10-27,80.04547515634614,81.25356168499597,79.96753408998164,81.13665008544922,5433300
1999-10-28,82.5785512042721,84.08865920765368,82.422669087794,83.90354919433594,10509700
1999-10-29,84.70243095133426,85.85206136912326,84.62448990606045,85.42338562011719,10988600
1999-11-01,85.11163465149009,85.42339888098273,84.5270767211914,84.5270767211914,4006500
1999-11-02,84.78040172540591,85.57929771960073,83.92304992675781,83.92304992675781,6516900
1999-11-03,84.79987765942113,85.03370085149675,84.25429021124471,84.48811340332031,7222300
1999-11-04,85.26753090622496,85.64749362392867,84.65374497762669,85.13113403320312,7907500
1999-11-05,86.4366481985056,86.73866985023616,85.28701739514405,85.96900177001953,7431500
1999-11-08,85.42339236494425,86.2807439306508,85.2675102620885,86.04692077636719,4649200
1999-11-09,86.35871476829496,86.47562638576106,84.9752606282794,85.23831176757812,4533700
1999-11-10,84.95575172765363,86.29049232245737,84.84858277478618,85.8715591430664,6405600
1999-11-11,86.1638052695925,86.35865783691406,85.71564436475292,86.35865783691406,4794100
1999-11-12,86.82634305186264,87.28424679102753,85.5013449981089,87.13810729980469,11802900
1999-11-15,87.19651957829439,87.4498279033263,86.92372599749078,87.34265899658203,2187500
1999-11-16,87.64472655237249,89.16457730183559,87.35244756209111,88.07340240478516,7544800
1999-11-17,88.69690276749452,89.12557848385762,88.11234497245391,88.30719757080078,9459000
1999-11-18,88.81381353968386,89.164548213601,88.30719678847022,88.93072509765625,4491000
1999-11-19,88.79432742470189,89.14506209524055,88.54101905153509,88.852783203125,4832100
1999-11-22,88.8138277255069,89.16456245544528,88.22926984227627,88.83331298828125,4155400
1999-11-23,89.06713532736725,89.06713532736725,87.52779958226508,88.05390167236328,5918000
1999-11-24,87.76162775481767,88.81383199521736,87.29398142575114,88.52155303955078,4459700
1999-11-26,88.83334440432762,89.08665290997716,88.07341888737899,88.1903305053711,1693900
1999-11-29,87.83953138127295,88.49228743745589,87.56673780555471,87.87850189208984,7348600
1999-11-30,87.76165577026394,88.73591926682549,86.67048065411501,86.8458480834961,7682000
1999-12-01,86.86530277974722,87.6057427765239,86.67045014901652,87.54728698730469,6980200
1999-12-02,87.68369708441,88.15134346886019,87.52781495625993,88.07340240478516,6698300
1999-12-03,89.18407211618633,90.62598195594988,89.18407211618633,89.69068908691406,10045400
1999-12-06,89.49581404226983,89.61272562168494,88.69691824959989,89.02816772460938,3138900
1999-12-07,89.33991634203919,89.35940160187387,88.15131549212329,88.30719757080078,10714200
1999-12-08,88.13183933116584,88.58000035363253,87.60573726131365,87.74213409423828,4611400
1999-12-09,88.42406937235627,88.6773776363141,86.9042197886093,88.17076110839844,6474700
1999-12-10,88.71642799881586,89.04767756525115,87.83959091119303,88.46311950683594,5127300
1999-12-13,88.19030460099327,88.98920042261075,88.09287828128383,88.61898040771484,4210800
1999-12-14,88.3072222545346,88.84306704976842,87.68369376553522,87.76163482666016,5739000
1999-12-15,87.52780903523045,88.6676970202173,87.31347112352351,88.22927856445312,6879100
1999-12-16,88.65795093559863,88.95022989472697,88.01493722551626,88.61898040771484,5854900
1999-12-17,89.38339542183394,89.57872626847256,88.79740288191807,89.18806457519531,4775400
1999-12-20,89.10998548957492,89.50064741631572,88.19192996173406,88.54352569580078,4608700
1999-12-21,88.50444674668027,90.04756113489209,88.34818199850693,89.89129638671875,7981300
1999-12-22,89.77408338926239,90.12567901611328,89.36388849126968,90.12567901611328,5377500
1999-12-23,90.6433155045573,91.56137084960938,90.63354895833334,91.56137084960938,5721700
1999-12-27,91.57118759367155,91.74698552207236,90.6726648485118,91.43445587158203,2691000
1999-12-28,91.18045494728692,91.57111670798652,90.93629134684967,91.37578582763672,4084500
1999-12-29,91.45394237156165,91.76647186279297,90.82888338909903,91.76647186279297,3001000
1999-12-30,91.96179765671826,92.23526094626669,91.37580489340017,91.6590347290039,3641300
1999-12-31,91.78602415368913,92.19621919672541,91.41489530522773,91.80555725097656,3172700
2000-01-03,92.66499127304805,92.66499127304805,89.93035830967816,90.90701293945312,8164300
2000-01-04,89.71551744839799,90.04758010823312,87.28364679254658,87.35201263427734,8089800
2000-01-05,87.46918881961277,88.46537654399872,85.78934285300119,87.50825500488281,12177900
2000-01-06,87.27386863694649,88.44585433932268,86.10188293457031,86.10188293457031,6227200
2000-01-07,87.70361208384074,91.10237121582031,87.54734729616351,91.10237121582031,8066500
2000-01-10,91.41484069824219,91.82503549624712,90.65305035909017,91.41484069824219,5741700
2000-01-11,91.1414273370921,91.31722520379459,89.6959782108716,90.32103729248047,7503700
2000-01-12,90.37966073179099,90.37966073179099,89.30534014820584,89.42253875732422,6907700
2000-01-13,90.30150516937519,91.10236212631752,89.55924750196523,90.6335678100586,5158300
2000-01-14,91.59065722871684,92.17664991732026,91.23906161555477,91.86412048339844,7437300
2000-01-18,90.84844485567815,91.64930192707845,90.75077935916592,91.14144134521484,6488500
2000-01-19,90.82890262409133,91.8836898803711,90.63357165070619,91.8836898803711,6157900
2000-01-20,91.86416788875337,91.86416788875337,89.89132481906081,90.4773178100586,5800100
2000-01-21,90.94606935178393,90.94606935178393,90.04754718894414,90.28194427490234,6244800
2000-01-24,91.04373165377794,91.16093019270149,87.1371136896596,87.72310638427734,7896900
2000-01-25,87.8305587818947,88.71931457519531,86.88320370551932,88.71931457519531,9942500
2000-01-26,88.13333475288157,88.47516395460485,87.566874932883,88.0161361694336,5158100
2000-01-27,88.66071571003306,88.89511284343699,86.33627747044419,87.6645278930664,10922700
2000-01-28,87.1566740595757,87.54733597826497,84.71503706776778,84.92990112304688,11916200
2000-01-31,84.89083827113123,87.30317571394869,84.38297775685386,87.23480987548828,10768700
2000-02-01,87.35198840629764,88.56304012391625,86.59019780973108,88.09424591064453,8419900
2000-02-02,88.30908726230363,88.91461296571691,87.74262773330412,88.17235565185547,6205900
2000-02-03,88.05518433975891,89.53969942623223,87.50825772895296,89.5006332397461,7997500
2000-02-04,89.50061477905247,90.00847509861933,88.83648974577272,89.12948608398438,4925400
2000-02-07,89.11000408343415,89.24673578632412,88.40681246857145,88.99280548095703,5845800
2000-02-08,89.98892481701877,90.36005344118273,89.77406087671332,90.20378875732422,4936400
2000-02-09,90.30154262509818,90.30154262509818,88.29939940228343,88.30916595458984,8511500
2000-02-10,88.52399050815742,89.109983384425,88.05519620714334,88.48492431640625,6690600
2000-02-11,88.66076321320365,88.7193625279513,86.27772441346563,86.68791961669922,9849800
2000-02-14,87.3715299637087,87.3715299637087,86.453474540437,87.19573211669922,8528800
2000-02-15,87.03948087034226,88.2700659903673,86.13119185318092,88.18216705322266,11078300
2000-02-16,87.74267313977798,88.09426889145118,86.75625172536151,86.88321685791016,8845400
2000-02-17,87.78173599501788,87.78173599501788,86.39488613839877,86.43395233154297,7584200
2000-02-18,86.80504196202233,86.80504196202233,84.14854202799104,84.5782699584961,9409200
2000-02-22,84.50017313903116,85.22289768968862,83.46491905295427,84.36344146728516,16415400
2000-02-23,84.7736263318793,85.92607885574586,84.07043496138444,85.359619140625,12119000
2000-02-24,85.43773020032074,85.65259417659041,83.19142499386513,83.64068603515625,17375000
2000-02-25,84.5001631025607,85.45728469110104,83.2109789220778,83.33794403076172,10559900
2000-02-28,83.3672315038816,85.43773912792363,82.95703659723176,85.08614349365234,13397800
2000-02-29,85.04706874984457,85.90652465820312,84.85173786158127,85.90652465820312,8242500
2000-03-01,86.02373295562262,86.88318896153712,85.76980277205698,86.5315933227539,6868000
2000-03-02,86.68786015974166,86.96132344100268,85.84793722443997,86.59019470214844,7600200
2000-03-03,87.78171302788652,88.58256977780717,87.33245192427252,88.21144104003906,12770300
2000-03-06,88.0161379539476,88.34820061378274,86.7269535098818,87.35201263427734,11967100
2000-03-07,87.50824583499602,87.60591128793686,84.51968297500619,85.66236877441406,20062000
2000-03-08,85.30102429847196,86.1604804626883,84.40250194497305,85.5549545288086,11808500
2000-03-09,85.78935205143114,88.05519104003906,85.08616064117349,88.05519104003906,5500900
2000-03-10,87.6254919836502,88.75841185325602,87.2152968584481,87.58642578125,7924600
2000-03-13,85.4377386701685,87.80124264344019,84.81267976814624,86.62925720214844,10540500
2000-03-14,87.05896341615276,87.56682364698516,85.10565483602818,85.39865112304688,8263900
2000-03-15,85.55494162670779,87.78171408000567,85.04708124262231,87.39105224609375,10300800
2000-03-16,88.52397561424593,91.786002076642,88.05518139210517,91.47347259521484,25601400
2000-03-17,91.37304731309794,92.74383885015685,91.13805447817356,92.0780258178711,10272900
2000-03-20,92.03884472139578,92.33258571518746,90.72680161579291,91.60802459716797,12502300
2000-03-21,91.19682586887265,93.84049593378522,90.5505954085607,93.48800659179688,13612600
2000-03-22,93.72300159486909,94.52589400301568,93.17468482832994,94.055908203125,8260000
2000-03-23,93.46840785796712,96.170825684156,93.46840785796712,95.66167449951172,11654500
2000-03-24,95.79874067729598,97.60035231717971,95.07417947429926,96.22956085205078,11462900
2000-03-27,96.11203294171075,96.36660841608773,95.13289650179927,95.21122741699219,8798600
2000-03-28,94.78044502785447,95.86728690782263,94.3692075597584,94.66294860839844,6334400
2000-03-29,94.97627436461886,95.55396510559953,93.78172740869272,94.7608642578125,6747500
2000-03-30,94.09507915822334,95.201504126473,92.19555310653809,93.17469024658203,9491900
2000-03-31,93.7621842191701,95.4463003099906,93.01803989997033,94.23217010498047,9249100
2000-04-03,94.07546279528908,94.78044128417969,93.17465694837334,94.78044128417969,8508200
2000-04-04,95.09376459812543,95.87707402644607,88.60208771091814,94.0754623413086,19585500
2000-04-05,92.66553146049074,94.50630913531874,92.50886953071814,93.48800659179688,8387200
2000-04-06,94.15381913912432,95.0546252290577,93.37050949570398,94.30068969726562,6378500
2000-04-07,94.97627253577672,95.32876179467239,94.31045949119601,94.89794158935547,6023600
2000-04-10,95.0937783237518,95.94562745000452,94.19297235116272,94.52587890625,9624200
2000-04-11,93.99711058834797,95.01541261972173,92.9788085569742,94.2516860961914,9006400
2000-04-12,94.23217948158947,94.72174816135667,91.58850861084663,91.66683959960938,10779200
2000-04-13,92.41097416208356,92.84179455444759,90.10021023940378,90.39395141601562,12225800
2000-04-14,89.3756237520891,89.49312018997529,83.65746377496158,85.22408294677734,29604000
2000-04-17,84.71493299562172,88.2006607055664,84.40160915652558,88.2006607055664,23918200
2000-04-18,88.08315596765134,90.53099822998047,87.59358751518552,90.53099822998047,11069200
2000-04-19,90.55058244596923,90.94223721433414,89.31686992561973,89.6889419555664,6553700
2000-04-20,89.96308147259663,90.19807428445364,89.21893756838271,90.11974334716797,8537600
2000-04-24,88.67062410109911,89.80642273136937,88.04397658095,89.14060974121094,12893100
2000-04-25,90.62889448969305,92.84174346923828,90.5113980836995,92.84174346923828,14102000
2000-04-26,92.72423955891928,93.21380787760417,91.49052739583334,91.79405975341797,7711100
2000-04-27,89.61056706676744,92.33256637233578,89.61056706676744,91.49050903320312,15595300
2000-04-28,92.1172234138589,92.65574884835743,90.9030933433531,90.92267608642578,8743400
2000-05-01,91.84299501418258,93.0473327952854,91.39259226677827,92.15631866455078,7328300
2000-05-02,91.17718418515048,92.19548607037983,90.31554412841797,90.31554412841797,9411900
2000-05-03,90.23726565969139,90.23726565969139,87.59359576731761,88.2006607055664,12630700
2000-05-04,88.98392857450281,89.2091299782455,88.20061934409345,88.8664321899414,5963600
2000-05-05,88.39646822586575,90.23724536659047,88.31813728370726,89.9435043334961,7862400
2000-05-08,89.45393454428368,89.84558924894343,88.88603522252707,89.26789855957031,5064100
2000-05-09,89.64977202991214,89.86518214182325,87.89711702845362,88.55313873291016,5620300
2000-05-10,88.04399030176224,88.33773137260886,86.32070935279535,86.55570220947266,10293900
2000-05-11,87.8090079412395,88.67064851871821,87.1823602485277,88.5335693359375,7091100
2000-05-12,88.86647063073757,89.90435580998594,88.74897419535097,89.49311828613281,5960800
2000-05-15,89.45392915689193,91.24574932279728,88.98394353960529,91.04013061523438,4441300
2000-05-16,91.84302526278145,92.56758644289295,91.05971587887713,91.92135620117188,8192200
2000-05-17,91.29472141491713,91.60804521213693,90.53099465919388,90.9618148803711,5907200
2000-05-18,91.25553786286918,91.68635799870246,89.84558105468751,89.8455810546875,4325600
2000-05-19,89.33645201785254,89.75748089079944,87.98524307676708,88.4356460571289,6518400
2000-05-22,88.51396512155394,88.65104427107846,85.85071307364876,87.76982116699219,10839400
2000-05-23,88.00480149103247,88.23979428540105,86.20319006754004,86.47734832763672,7979200
2000-05-24,86.47736444320272,88.16147978335566,85.5373930905592,87.88732147216797,11081500
2000-05-25,88.16149247506124,88.86647109103241,86.30113223847066,86.37946319580078,8278900
2000-05-26,86.98649938210197,87.5348159022953,86.05631957105967,86.47734832763672,4814000
2000-05-30,87.73064543071546,89.57142236609208,87.39773896367926,89.2972640991211,5362700
2000-05-31,89.336456372284,90.23726237691466,89.04271528381749,89.49311828613281,6056500
2000-06-01,90.04142062279485,91.13805384482106,89.61060042842742,91.05972290039062,8961600
2000-06-02,93.33132321445011,93.42923689805738,92.4207259569025,92.64592742919922,8962200
2000-06-05,92.41094387803122,92.88092960659081,92.03887184292154,92.1955337524414,6998100
2000-06-06,91.88218490701509,92.60674604119231,91.43178203982383,91.78427124023438,4858900
2000-06-07,91.8821901341012,92.74383045078928,91.49053544469753,92.42071533203125,4919500
2000-06-08,92.43050548275134,92.58716735645092,91.52969970897877,92.05843353271484,5723100
2000-06-09,92.43052453126666,92.7242656049889,91.25556023637768,91.86262512207031,3085300
2000-06-12,92.09763482812151,92.09763482812151,90.78559112548828,90.78559112548828,3678900
2000-06-13,90.74640936107421,92.58718676287417,90.6289129311721,92.48927307128906,6558700
2000-06-14,92.90050300657812,93.2921577410072,92.23468995804869,92.64592742919922,6420500
2000-06-15,92.82216073490602,93.2138154215512,92.01926862728342,92.84174346923828,5881200
2000-06-16,93.1584818524304,93.1584818524304,91.62743221389488,92.07889556884766,5567900
2000-06-19,92.00038403426942,93.68846447526519,91.8629821379093,93.25662994384766,5106900
2000-06-20,93.07996621754384,93.51180072972984,92.33407024194986,92.92293548583984,6480000
2000-06-21,92.29481697888667,93.23700141423048,92.26537371528218,92.88368225097656,3115000
2000-06-22,92.6874324618491,92.76594786418865,91.07786671388814,91.47044372558594,7490500
2000-06-23,91.58812982138102,91.78441814075818,90.37114224124265,90.6852035522461,4863300
2000-06-26,91.31336394190876,91.86297146348517,90.99930250100796,91.85315704345703,5201300
2000-06-27,91.69615932173056,92.15743722905383,91.08766506100623,91.17599487304688,4159500
2000-06-28,91.47044056113977,92.32429553204311,91.27415206208153,91.43118286132812,5347700
2000-06-29,90.92082414763492,91.54894728509699,90.14548464983017,90.5675048828125,6345700
2000-06-30,90.41040808730394,91.45073627415307,90.38096483673273,91.25444793701172,7420200
2000-07-03,91.35267052184035,92.60891695789489,91.19563971733353,92.51077270507812,1436600
2000-07-05,91.94147719611561,92.11813673812352,90.68523156405938,90.8422622680664,2748200
2000-07-06,91.03859254303764,92.00040604769673,90.58712906125889,91.54894256591797,5963200
2000-07-07,92.13785016071346,93.4529835140939,91.863046176425,93.02114868164062,3034800
2000-07-10,92.88368066091464,93.53143244912472,92.66776339817793,92.86405181884766,2816100
2000-07-11,92.62851394688724,93.66884266890143,92.43222550877135,93.06034851074219,5431600
2000-07-12,93.76696744089055,94.296946113887,93.39401948581897,93.6688232421875,5883000
2000-07-13,94.208634541076,94.45399508525006,93.7080990309609,94.08104705810547,5356000
2000-07-14,94.49325115109278,95.00360107421875,94.01234449276254,95.00360107421875,5341900
2000-07-17,94.83676608271946,95.4648891324239,94.65029205233846,94.8465805053711,4208300
2000-07-18,94.61100585173367,94.61100585173367,93.80622343681229,94.07121276855469,4262100
2000-07-19,93.88475002117102,94.15955380546882,93.11922519348428,93.31551361083984,8506800
2000-07-20,93.59035330491443,94.61105346679688,93.4725802093126,94.61105346679688,4538900
2000-07-21,94.06144180330138,94.06144180330138,92.76593780517578,92.76593780517578,5656900
2000-07-24,93.04072933517688,93.5020072126825,92.05928704261171,92.23594665527344,5628500
2000-07-25,92.80518409363232,92.8640706317628,92.19668986628406,92.53038024902344,4757100
2000-07-26,92.31445092836198,92.43222398929547,91.48022508008314,91.62744140625,12062500
2000-07-27,91.66670421229696,92.0985387931686,90.881550428894,91.31338500976562,7652600
2000-07-28,91.52928001214207,91.6470530509739,88.8892010583284,89.25233459472656,6229500
2000-07-31,89.7823594266718,90.52825572273947,89.23275162956931,89.82161712646484,5265500
2000-08-01,90.21414695627062,90.90115634344849,89.90008552213217,90.37117767333984,3946600
2000-08-02,90.37120652719221,91.33301997633045,90.21417575998598,90.82266998291016,7439800
2000-08-03,89.74306588747082,91.58817704088777,89.58603515100981,91.45077514648438,4607100
2000-08-04,91.90219436111255,92.15736918526771,91.33295821492027,91.94145202636719,3686600
2000-08-07,92.15740500824361,93.23699122239769,91.94148776541279,93.04070281982422,4159800
2000-08-08,92.64815443952126,93.47256598326277,92.64815443952126,93.39405059814453,3658700
2000-08-09,93.67865100761954,93.72772311396193,92.56962140428156,92.60887908935547,5383800
2000-08-10,92.66772885388586,92.87383161875894,91.88257546389319,92.15737915039062,4193400
2000-08-11,92.09854278014528,92.96221197927709,91.43116203536162,92.58926391601562,5089400
2000-08-14,92.82476080434702,93.94360440042395,92.37329759891247,93.7669448852539,2966700
2000-08-15,93.80623435374703,94.10066697883727,93.31551331192999,93.68846130371094,5564600
2000-08-16,93.78658601393512,94.17916276577243,92.86403064711742,93.35475158691406,5191600
2000-08-17,93.39401266071829,94.49322760586335,93.17809543935051,94.33619689941406,5652200
2000-08-18,94.45399796201191,94.45399796201191,93.72773072913692,94.02216339111328,4626400
2000-08-21,94.2380685964692,94.66990311201229,93.84549176415732,94.53250122070312,2380600
2000-08-22,94.57173850810071,95.0428306052768,94.27730594736565,94.37545013427734,3075300
2000-08-23,94.10069165843255,95.02324745900542,93.76700126248066,94.74844360351562,5483200
2000-08-24,94.9446948546607,95.1606120850517,94.53248923300515,95.04283905029297,4529000
2000-08-25,94.94471454462729,95.23914719258458,94.80731264224723,95.00360107421875,2822200
2000-08-28,95.00358538341415,96.04391390104244,95.00358538341415,95.32746124267578,5518700
2000-08-29,95.12134478888558,95.39614850886998,94.78765455747596,95.34707641601562,3561900
2000-08-30,95.04286613456425,95.16063920288465,94.43437194824217,94.43437194824219,3964800
2000-08-31,94.88583020332533,96.16170504056491,94.78768598507612,95.69061279296875,4863100
2000-09-01,96.25984190643811,96.47575917009448,95.47468822041496,95.78874969482422,3191200
2000-09-05,95.39621783002204,95.60232076977826,94.72883688223999,95.02326965332031,3470800
2000-09-06,94.96437233758681,95.44527914252085,93.9240433309948,93.94367218017578,4322200
2000-09-07,94.37549551392235,94.89565995467088,94.1105060818429,94.74844360351562,4265500
2000-09-08,94.3950718818827,94.53247373323914,93.79639238668672,94.10063934326172,3518200
2000-09-11,94.06143158513618,94.96435851604524,93.39405081011643,93.96328735351562,3937500
2000-09-12,94.06145255092018,94.37551416210856,93.23704082155068,93.27629852294922,4769100
2000-09-13,92.96218451568896,93.80622462003326,92.7462672796939,93.5216064453125,7691600
2000-09-14,94.13989968412889,94.17915735705805,93.06031367857695,93.99268341064453,3397100
2000-09-15,93.3138344157232,93.35319073559488,91.93636322021484,91.93636322021484,4085700
2000-09-18,92.17251656796614,92.54640166933065,90.80488422350123,91.09021759033203,5109300
2000-09-19,91.38536151158327,92.13313148088562,91.11970639091007,91.91667175292969,6588200
2000-09-20,91.73957072874752,91.95603046234174,90.14563996319013,91.23777770996094,6508100
2000-09-21,90.9720879052221,91.66082315866852,89.81107704941243,89.85043334960938,5972300
2000-09-22,89.8110911106135,91.50341228403875,89.68318311494765,91.48373413085938,7791300
2000-09-25,91.89700167968327,91.97571431495496,90.499852403611,90.83438110351562,9726300
2000-09-26,90.91307890579998,91.3066420179463,89.67335510253908,89.67335510253906,5302400
2000-09-27,90.40143825195419,90.65725425049042,89.49624318021064,90.14562225341797,7186200
2000-09-28,90.1653151512146,92.1429699248281,89.9783726601765,91.30664825439453,7036400
2000-09-29,91.60179925857159,91.91664969640986,90.44078826904297,90.44078826904297,9333600
2000-10-02,90.85406173583402,91.24762492290715,90.13580891942554,90.57856750488281,5517800
2000-10-03,91.0114328066508,91.77888056437175,89.59460617701212,89.73235321044922,9347200
2000-10-04,89.96855426405035,90.83439336895373,89.26014045094759,90.48018646240234,6148900
2000-10-05,90.3030519307719,91.20824704709692,90.24401746666375,90.79500579833984,4566900
2000-10-06,90.5982048700592,91.08031955713923,88.00068900497497,88.8271713256836,10014900
2000-10-09,88.98462467193603,88.98462467193603,87.76457895551408,88.15814208984375,4508000
2000-10-10,88.21717575599646,88.94526754787063,86.70195770263672,86.70195770263672,6104700
2000-10-11,86.6626048298716,87.29230586405777,85.08835224440617,85.97386932373047,10346000
2000-10-12,86.44615959561487,86.64294120179656,83.61250446659858,83.82896423339844,12336900
2000-10-13,83.71087806628867,86.68227970898016,83.67152175314044,86.62324523925781,11778800
2000-10-16,86.52483088762067,87.04630189478962,86.07223340970043,87.01678466796875,5659000
2000-10-17,87.17421779384861,87.25293040585208,84.63573605673653,84.8521957397461,7831700
2000-10-18,83.51409699708168,85.71805054648628,81.95952261848379,84.53736114501953,10897300
2000-10-19,86.1706453976261,87.8137714288437,85.91482936881378,87.7252197265625,8767300
2000-10-20,87.13486862949476,88.90590254472839,87.13486862949476,88.0990982055664,7373500
2000-10-23,88.1187907823966,88.80752630660024,87.48908973169614,88.49267578125,5290000
2000-10-24,88.76815970621308,89.37818252840164,87.52843590628149,87.9023208618164,5750700
2000-10-25,87.37101684738222,87.88264892802005,85.7180516637831,85.83612060546875,9137600
2000-10-26,86.34772922985074,86.6822578070858,84.39959222124655,86.07223510742188,9345800
2000-10-27,86.82006423741358,87.70558166503906,86.03293763507982,87.70558166503906,9762900
2000-10-30,87.1742392063459,88.84688262226902,86.99713578583639,88.49267578125,10154100
2000-10-31,88.7977075363094,90.48019041594475,88.19752358509446,90.01775360107422,7752400
2000-11-01,89.57497567161965,90.20467673082261,88.92559645431662,89.71272277832031,6753600
2000-11-02,90.14560845401272,90.61788407132254,89.74220636422723,89.86027526855469,11395100
2000-11-03,90.34242724600024,90.5195306755829,89.6536916865121,89.90950775146484,5187100
2000-11-06,90.1456139027049,90.86386644744377,90.06690129506228,90.53917694091797,4042500
2000-11-07,90.13576916487321,90.67691830842391,89.77172337739364,90.51949310302734,5231300
2000-11-08,90.71632125739151,90.71632125739151,88.51236724853516,88.51236724853516,6123300
2000-11-09,88.15811725898236,88.92556515476369,86.42643995568092,88.17779541015625,10635300
2000-11-10,87.52845332781764,87.82362571988537,85.97387872959426,86.03291320800781,8569500
2000-11-13,85.40322503828135,86.25922510490928,83.76009847360473,85.3638687133789,17285300
2000-11-14,86.56421252659389,87.92200535776801,86.26904017199081,87.6071548461914,7668900
2000-11-15,87.56780936159578,88.22702770173363,86.74132666649757,87.88265991210938,8837700
2000-11-16,87.26277403011443,88.07941742221044,86.46580879204484,86.50516510009766,6684100
2000-11-17,86.46583556954421,87.52845621605204,85.48192756351844,86.04275512695312,6551100
2000-11-20,85.48190824504242,85.87547135850947,84.57671308406822,84.81285095214844,5458500
2000-11-21,84.93093041501876,85.75741305575806,84.07493053711022,85.24578094482422,7684300
2000-11-22,84.59638581372357,84.93091443871387,83.19923685052878,83.20907592773438,5736900
2000-11-24,84.14379913223992,84.9899598812311,84.14379913223992,84.91124725341797,3411600
2000-11-27,85.93452898266943,86.0722761095022,85.20643702655339,85.6590347290039,5992000
2000-11-28,85.08836955408897,86.01324313619862,84.15365689131856,84.18317413330078,5336100
2000-11-29,84.6160940487435,85.58032395767106,83.9175193188062,84.02574920654297,6914100
2000-11-30,83.43543088945856,84.06513225466203,81.70375213514905,83.29768371582031,11201600
2000-12-01,83.86829304272501,84.41928135928913,82.4908222513147,83.25827026367188,7587200
2000-12-04,83.04180920361523,84.30121104935726,82.8056713575386,83.96668243408203,6996600
2000-12-05,84.93089929091192,87.05613958827487,84.6357270273893,86.72161102294922,8883400
2000-12-06,86.76097856414067,87.11518532625328,85.02930106047899,85.33431243896484,12888000
2000-12-07,84.93093853518593,85.56063965500195,84.16349029541016,84.16349029541016,6529100
2000-12-08,86.30838976914104,87.82360773818434,84.30121791404474,84.3602523803711,10276300
2000-12-11,86.5051635866019,87.88263434435034,86.09192235927736,87.29228973388672,6405600
2000-12-12,87.01680203058451,87.41036513339132,86.50516999693568,86.91841125488281,5022900
2000-12-13,87.68588222160852,87.78427302302416,85.65903171244656,85.7279052734375,6070500
2000-12-14,85.56059230723733,85.95415528933134,84.39958151006,84.6357192993164,7678400
2000-12-15,84.08609421661093,84.08609421661093,82.46753559554001,82.72413635253906,9065300
2000-12-18,83.41494380195533,84.30317675772626,83.22742795573701,83.82945251464844,7235400
2000-12-19,83.67157443064563,85.25065580702017,82.12210083007812,82.12210083007812,9616600
2000-12-20,81.24374936547609,81.44113456801612,79.64492922490186,79.74362182617188,9994300
2000-12-21,79.5857160450083,81.39179070227968,79.28963823234085,80.29630279541016,14331500
2000-12-22,81.48062589731876,82.81297624811067,81.38193327874158,82.70441436767578,10182900
2000-12-26,82.6451343036458,83.59258270263672,82.2898411540242,83.59258270263672,4665300
2000-12-27,83.2175876994788,84.47098352939268,82.90177142737451,84.20451354980469,4854100
2000-12-28,83.88868083628464,84.5597902829749,83.75051124431899,84.46109771728516,8358700
2000-12-29,84.67827186748038,84.81644154185621,82.8623275756836,82.8623275756836,8774600
2001-01-02,83.37547264487809,83.47416520245962,80.57260400956258,81.36214447021484,8737500
2001-01-03,81.04635798842818,85.90203360098378,80.63184909467344,85.27040100097656,19431600
2001-01-04,85.23091834780068,85.56647314444555,84.00713026591933,84.35255432128906,9219000
2001-01-05,84.30318273203812,84.40187528967338,81.59900665283203,81.59900665283203,12911400
2001-01-08,82.03328954263542,82.23067474365234,80.65159313551692,82.23067474365234,6625300
2001-01-09,82.7734366167897,83.05964499426518,81.74703415963623,82.01350402832031,5702400
2001-01-10,81.48057840540372,83.45442962646484,81.36214733214004,83.45442962646484,8746100
2001-01-11,82.803068819028,84.31306518724149,82.803068819028,83.53339385986328,7245100
2001-01-12,83.80969727039337,84.46106797456741,82.92146449197422,83.37545013427734,7244000
2001-01-16,83.37548449078157,84.12554803496948,83.0695375188102,83.9084243774414,8542200
2001-01-17,85.17169123887318,85.29999158488769,83.78012594748486,84.29332733154297,7851400
2001-01-18,84.28345368684043,85.71449593327976,83.96763746693658,85.13220977783203,8107000
2001-01-19,86.02044738221588,86.02044738221588,84.55979728898872,84.64862060546875,7782500
2001-01-22,84.79665758081241,85.76384478320062,84.36241026545443,85.21116638183594,7050900
2001-01-23,84.93482218071445,86.31651810278045,84.73743704899074,85.88227081298828,8463100
2001-01-24,86.05991618770946,86.7310256258705,85.80331552017729,86.13887023925781,6199900
2001-01-25,86.0599454550696,86.69157808226277,85.68491358267366,85.9217758178711,10818300
2001-01-26,85.36905808084693,85.98095190755357,84.92494159372114,85.82304382324219,7136800
2001-01-29,85.5861986660736,86.47048025836735,85.50408336180828,86.28099822998047,6705900
2001-01-30,86.09151453640939,87.11475613624486,85.76937578242608,87.0389633178711,7069100
2001-01-31,86.78630133195182,87.60742550658104,86.28100304413111,86.5462875366211,9706900
2001-02-01,86.5968015890934,87.13368331962927,86.05991022061247,87.12104797363281,8239100
2001-02-02,86.78631240721435,87.1589829532691,85.11248992982202,85.14407348632812,8276600
2001-02-05,85.14406861363638,85.86412932620522,85.11248505893776,85.76937866210938,4352900
2001-02-06,85.45987139670082,86.34415296101055,85.40933964474794,85.51671600341797,7106700
2001-02-07,85.09351790315826,85.52302330997469,84.43661480833296,85.07456970214844,5748700
2001-02-08,85.14411023748697,85.52308416529368,84.0703363184393,84.08296203613281,5943300
2001-02-09,84.22819288026187,84.22819288026187,82.90807370643546,83.27442169189453,9913000
2001-02-12,83.1859581391268,84.32289801751322,83.1859581391268,84.22815704345703,5804400
2001-02-13,84.44925562834398,84.74612364733247,83.37548240376354,83.53970336914062,6587600
2001-02-14,83.78604433271586,83.78604433271586,82.5291018700639,83.41338348388672,8400100
2001-02-15,83.9060389888454,84.33555399820789,83.36915727457328,84.22185516357422,5929800
2001-02-16,82.74386682072115,82.92703602565761,81.67009337735486,82.36488342285156,6434900
2001-02-20,82.76908994058259,82.8322570239204,80.91209912854205,81.09526824951172,5760000
2001-02-21,80.78581717142963,81.37954858753055,79.26989784251879,79.34569549560547,10910800
2001-02-22,79.80673446182412,79.92674613235464,77.70339789595307,79.46565246582031,21281600
2001-02-23,79.00456958381551,79.29511986480125,76.93281640184959,78.92877197265625,20173000
2001-02-26,79.45936166465309,80.60893249511719,78.63823757761887,80.60893249511719,11503700
2001-02-27,80.09102033709402,80.74791403918728,79.27621365670146,79.86363220214844,11415000
2001-02-28,80.0594129342338,80.11625754155337,77.86132989072087,78.29084014892578,14825800
2001-03-01,78.35404378614743,78.7014389038086,76.90128654799958,78.7014389038086,14672000
2001-03-02,77.3749982255069,79.36464200081485,77.24867362538163,78.07611083984375,12564300
2001-03-05,78.4171646308239,78.81509131411876,78.20240710565243,78.78982543945312,5293200
2001-03-06,79.80679206854917,80.69107882771644,79.26358755158822,79.6362533569336,6917000
2001-03-07,80.15417252350603,80.24260069605242,79.43411179335752,80.20470428466797,6371700
2001-03-08,79.9646773529827,80.36892178675974,79.67412696739133,80.29312896728516,6055000
2001-03-09,79.64886180123484,79.64886180123484,77.76028186849011,77.9181900024414,10020300
2001-03-12,77.27391905605882,77.3749825708914,74.37472814467316,74.58316802978516,13972900
2001-03-13,75.41694640764725,76.07384500319064,74.23579150715452,75.80855560302734,12888000
2001-03-14,73.93259824456037,75.34745392856678,73.11147393156216,74.31157684326172,19883400
2001-03-15,74.81687558581385,75.07584725122612,74.12839840133077,74.33052062988281,10370300
2001-03-16,74.18231631277591,74.35331898344243,72.7129834753932,72.83965301513672,58514600
2001-03-19,73.31466526007105,74.53699874067412,72.71933040292198,74.32166290283203,10067800
2001-03-20,74.6699726106952,75.02463759645497,72.26963960904703,72.3266372680664,15083900
2001-03-21,72.31395958323351,72.9979603587806,70.86996116726554,71.09796142578125,19004600
2001-03-22,70.94596480183682,71.31329912360191,68.42530201609192,70.37596893310547,28624800
2001-03-23,71.72496553343814,72.61796742365286,70.6166327327007,72.50396728515625,12861700
2001-03-26,73.27660839323897,73.637607922397,72.68760865282891,73.4286117553711,9943800
2001-03-27,73.2260012424402,75.14500045630196,73.01066539795465,74.9296646118164,12880700
2001-03-28,74.03662706033778,74.06829081048251,72.76996108781513,72.85862731933594,10953300
2001-03-29,72.64333266353039,73.7833346161304,71.02200084823254,73.13733673095703,12060300
2001-03-30,73.1816338470934,73.90363311767578,72.51663223010813,73.90363311767578,9183600
2001-04-02,73.65664062856158,74.34063669653425,72.07330789649403,72.3266372680664,10561000
2001-04-03,72.1872955466698,72.29496099413973,69.7046265804015,69.91362762451172,12836000
2001-04-04,70.02762360302768,70.99662223670235,69.22329288815723,70.2049560546875,14884300
2001-04-05,71.75666459232902,73.14366122914885,71.24999602117636,72.86499786376953,21522800
2001-04-06,72.19364945028208,72.45331837922646,70.9713161922596,71.75665283203125,14937800
2001-04-09,72.19999949385999,72.82699813651861,71.42733205949794,72.5546646118164,9034300
2001-04-10,73.11828584340091,74.57495353525469,72.9409533936685,73.87828826904297,17873600
2001-04-11,75.22733126632455,75.36033068420299,73.55533168163863,73.92900085449219,12722300
2001-04-12,73.65664794433924,75.32864708891421,73.44131215877735,75.27164459228516,9233200
2001-04-16,74.9169819060471,75.29698084493869,74.04298386340156,74.47998046875,7350000
2001-04-17,74.29633103664464,75.78466822050423,74.11266379199921,75.53133392333984,10924700
2001-04-18,76.67130149652685,79.79996847337293,76.4369713482184,78.5333023071289,32481600
2001-04-19,78.69167094181944,79.69866867719158,78.267338745101,79.57833862304688,13809900
2001-04-20,79.10329449940828,79.41996100674623,78.31796291415546,78.84996032714844,7626700
2001-04-23,78.31161901345283,78.4636175661389,77.20962105057191,77.41861724853516,8451800
2001-04-24,77.59593226642305,78.3116014204379,76.69660085314422,77.00060272216797,10044700
2001-04-25,76.8993040952801,78.3243035749674,76.60163676418928,78.00763702392578,8249000
2001-04-26,78.36229171399299,79.30595650091705,78.21662300258728,78.35595703125,10590400
2001-04-27,79.11596246962915,79.69862770876857,78.65996190614695,79.66062927246094,7938700
2001-04-30,80.0849599834964,80.6042928765874,78.95762795936824,80.21796417236328,10766900
2001-05-01,79.21097927803655,80.52831342963141,78.91331191540276,80.46498107910156,10578000
2001-05-02,80.69298213512897,80.87031465099311,79.79998003916486,80.3193130493164,9572900
2001-05-03,79.88231750383497,79.89498687415889,78.67265356314812,79.29965209960938,9926200
2001-05-04,78.31165479197948,80.65498580828745,78.17865539362191,80.64865112304688,12145300
2001-05-07,80.34463357457975,80.67396464462684,79.9456354803394,79.95196533203125,7185200
2001-05-08,80.34461463806879,80.49661318596213,79.52127990908194,79.91394805908203,6952600
2001-05-09,79.32500430956044,80.1483396204038,79.20466942346562,79.57833862304688,9507400
2001-05-10,80.59794305582079,80.7499415929331,79.65427359271376,79.81260681152344,6872400
2001-05-11,79.79994392715139,80.11027568947863,78.78661227224353,79.26161193847656,7734400
2001-05-14,79.10332391445843,79.44532444939207,78.82465573815341,79.41999053955078,7914000
2001-05-15,79.51500472067626,80.1166694756581,79.07166847262907,79.78733825683594,9782200
2001-05-16,79.06530491600529,81.82663772442983,78.92597568749984,81.66830444335938,14909000
2001-05-17,81.69999441160854,82.38399552448989,81.4213262177792,81.79499053955078,11824600
2001-05-18,81.7569678220598,82.16864013671875,81.12997423594105,82.16864013671875,6683100
2001-05-21,82.231941999354,83.49860780832948,81.79494074903455,83.3782730102539,11531500
2001-05-22,83.49228502491319,83.65694811501521,83.01095545576524,83.27061462402344,8342700
2001-05-23,82.99832392049994,82.99832392049994,81.85832214355469,81.85832214355469,12330800
2001-05-24,81.99764813583568,82.33331395036768,81.41498276600845,82.09898376464844,7902800
2001-05-25,82.11166383066796,82.14333243051165,81.00333531538766,81.1300048828125,7425000
2001-05-29,81.20598537744056,81.28832178761182,80.36998572921397,80.4839859008789,9003900
2001-05-30,80.17363146011596,80.49029799688606,79.16663419252207,79.35663604736328,10041800
2001-05-31,79.43901741517524,80.2813520907896,79.33135188483531,79.76834869384766,9874200
2001-06-01,79.92662041521193,80.49662106554108,79.24262446676414,80.26229095458984,8848300
2001-06-04,80.30665543124117,80.70565362631388,79.85065473290146,80.64865112304688,5623500
2001-06-05,80.74365625156415,81.84565477493685,80.60432216075681,81.57332611083984,9115400
2001-06-06,81.59230294309893,81.59230294309893,80.6613025299838,80.89563751220703,12064900
2001-06-07,80.46498176865731,81.28831682844694,80.43331317714669,81.18698120117188,7355300
2001-06-08,80.87663507096168,80.98430537042027,79.88863697955128,80.43330383300781,8170600
2001-06-11,80.24966838672306,80.42700095202662,79.42633792896366,79.86333465576172,7012200
2001-06-12,79.07798600816521,80.26865071883678,78.55865296253785,79.72398376464844,9364400
2001-06-13,79.90761048655439,80.16727929376184,78.94494660878858,79.03994750976562,7629400
2001-06-14,78.6473138534462,78.72331557393677,77.10831404513999,77.26664733886719,12603000
2001-06-15,76.79409790643639,77.74044674743436,76.47017802556678,77.39112091064453,16821100
2001-06-18,77.26410524105171,77.76586202783521,76.79410711439917,77.01640319824219,11368300
2001-06-19,77.72773135441318,78.05165119364158,76.78138263507218,77.3530044555664,7732300
2001-06-20,76.97196356816427,78.0326371850421,76.91479893452039,77.75952911376953,8787200
2001-06-21,77.62612753774414,78.95355611455743,77.58166832334587,78.64234161376953,12259100
2001-06-22,78.43272299848894,78.4962354509684,77.58799817370203,78.02623748779297,12212000
2001-06-25,78.29938684230491,78.40101069661819,77.16884811437623,77.30857849121094,8406800
2001-06-26,76.78771574867118,77.73406422663022,76.57812032700242,77.20055389404297,8005800
2001-06-27,77.2323180445525,77.63880354644309,76.7940787399548,77.1561050415039,10105100
2001-06-28,77.48639391347336,78.71855615419389,77.4419347009572,77.5816650390625,10269300
2001-06-29,77.99450720595021,78.76301925780513,77.65153404429999,77.86747741699219,9824200
2001-07-02,77.99449321167567,78.95989520608316,77.88016884497175,78.83921813964844,8522200
2001-07-03,78.74397739097965,78.8201904296875,78.15330211253548,78.8201904296875,3303100
2001-07-05,78.16600153194037,78.53438069930178,77.2704644203249,77.28316497802734,5517900
2001-07-06,77.04816289977201,77.16248730101101,75.61276245117188,75.61276245117188,11665900
2001-07-09,75.89220372503362,76.55909674487252,75.70801417816679,76.02558135986328,8339300
2001-07-10,76.40030667528902,76.62260271448777,75.07922614849332,75.1109848022461,8630700
2001-07-11,75.00937322263931,75.51112999050245,74.36788610857491,75.18721008300781,15328600
2001-07-12,75.89854535986265,77.14976064863689,75.77786829779104,76.971923828125,12002800
2001-07-13,76.74959766073813,77.68959820379986,76.60987223759541,77.63878631591797,10433800
2001-07-16,77.34031705291906,77.66423696752125,76.40032081443387,76.66707611083984,6915300
2001-07-17,76.34317580232513,77.4546613351542,76.10817910519867,77.38479614257812,7469800
2001-07-18,76.57178402966623,77.25773018621763,76.25421690300611,76.85759735107422,7709300
2001-07-19,77.60070316812896,78.1088125084301,76.69881369249975,77.53083801269531,10082900
2001-07-20,76.94651985814622,77.44827652648266,76.8004368399966,77.06719207763672,6705800
2001-07-23,77.35940058932056,77.41020767746505,75.54926300048828,75.54926300048828,8065200
2001-07-24,75.58099172022895,75.70801665879334,74.15193935577084,74.81883239746094,12269000
2001-07-25,74.89503444568038,75.88584723489387,74.60287325324887,75.64449310302734,12088500
2001-07-26,75.61909920905363,76.75599035294051,75.3015320128514,76.43842315673828,12898200
2001-07-27,76.74328859215345,77.07355633891383,76.15896612328233,76.73058319091797,8478800
2001-07-30,76.97193728428756,77.07355626562074,76.4066680721164,76.75598907470703,8547700
2001-07-31,76.85123610967644,77.91826173048133,76.72421121140722,77.07353210449219,11918100
2001-08-01,77.46732548886287,77.93097077921931,77.20057026599837,77.55624389648438,11940800
2001-08-02,78.26759478901818,78.28029534175717,77.41651238481364,77.87380981445312,11070100
2001-08-03,77.71503558522863,77.71503558522863,76.78774006186956,77.44828033447266,10816300
2001-08-06,77.0735578236849,77.1751816527632,76.27963983035131,76.40666961669922,8550100
2001-08-07,76.38761011561101,76.97828528566193,76.15896619575365,76.7051773071289,8865100
2001-08-08,76.29235226225389,76.95289267505983,75.2189734857328,75.28248596191406,15183800
2001-08-09,75.39045161473493,75.56194061694285,74.85694104273456,75.50477600097656,14118500
2001-08-10,75.4539148122402,76.1144498526558,74.52661498577943,75.76512908935547,11173300
2001-08-13,75.9620546475626,76.1208382086343,75.46029801309327,75.78421783447266,7431600
2001-08-14,76.3050482387818,76.43842588446344,75.45397044852051,75.75247955322266,13178100
2001-08-15,75.72706833626636,75.96841763733975,74.99666288725922,75.09828186035156,8520600
2001-08-16,74.81880999988034,75.42218554597238,74.31070070634753,75.35867309570312,10734700
2001-08-17,74.72357668370712,74.86330705236422,73.6819564664165,74.1519546508789,11604600
2001-08-20,74.18367269031263,74.88231930531214,74.02488914846325,74.83786010742188,10417400
2001-08-21,74.8188244885847,75.28882252641984,73.54855585445382,73.5612564086914,14480800
2001-08-22,74.15196397259233,74.58385569105697,73.53588264007885,74.32344818115234,11752300
2001-08-23,74.28535052934296,74.64102439443651,73.98683645869959,74.05670166015625,8744100
2001-08-24,74.44409733040781,75.66355413170135,74.14558340759635,75.59368896484375,11687700
2001-08-27,75.56194465492518,75.70802286167358,75.11099978667689,75.14275360107422,7425100
2001-08-28,75.1236869825939,75.25706460900047,74.04396057128906,74.04396057128906,12046600
2001-08-29,74.39328413485235,74.42504279039966,73.14842139930772,73.3834228515625,16180000
2001-08-30,72.94520482960536,73.51047421261504,71.16047822790237,71.97344970703125,17692600
2001-08-31,72.02423669797653,72.89436766153624,71.85274770884496,72.5005874633789,15985400
2001-09-04,72.3100724854786,73.78358454825795,72.0052105942511,72.0369644165039,24473400
2001-09-05,72.21478271484375,72.52600207427813,71.10329746292678,72.21478271484375,21477100
2001-09-06,71.54786080922835,71.9606989634177,70.35380554199219,70.35380554199219,21653000
2001-09-07,69.87745985074774,70.65867701865272,68.99462373452937,69.05178833007812,33133900
2001-09-10,68.40391590302747,70.0870216287057,68.40391590302747,69.896484375,23408700
2001-09-17,64.1485617896818,67.57828784460477,63.513427514536446,66.2445068359375,32388700
2001-09-18,66.26358365010016,66.8796648913604,65.6475024088399,66.08574676513672,22029200
2001-09-19,66.11753206849781,66.3715869590108,62.59888467598179,64.75199127197266,42771800
2001-09-20,63.767470068389265,64.66300670629974,62.59882070458094,62.694091796875,36210900
2001-09-21,60.10513295107701,63.10783898456335,59.79912735717346,62.01768493652344,49782100
2001-09-24,63.57324885022537,64.4912756495817,63.15248494589613,64.19801330566406,25549600
2001-09-25,64.22989877611765,65.02679578326551,63.68800978403177,64.86741638183594,25466200
2001-09-26,65.24991754493018,65.28179536664815,64.0258850673745,64.63790130615234,18587500
2001-09-27,64.54864785445558,65.21166664818088,63.75175096736354,65.19891357421875,20536800
2001-09-28,65.6515387910009,69.8846536025317,65.34552832314036,66.58231353759766,21687200
2001-10-01,66.23806726253476,66.5058234372814,65.55592375227691,66.47394561767578,20457400
2001-10-02,66.30179594990295,67.30907440185547,66.07866587861494,67.30907440185547,19833100
2001-10-03,66.68434924479621,68.77540648487114,66.52496982267007,68.4375228881836,32045800
2001-10-04,69.0367849494565,69.47029713374954,68.05500721256128,68.4948959350586,32674100
2001-10-05,68.37380168598017,68.60968508381764,67.27089346739689,68.36105346679688,29796100
2001-10-08,67.7490008184076,68.40564810578617,67.49399764087578,67.91475677490234,12970300
2001-10-09,67.96572544836604,68.05497748874977,67.32183155942222,67.55133819580078,15976300
2001-10-10,67.44935849359747,69.20253174980856,67.27084949458457,69.05590057373047,19987400
2001-10-11,69.45755753598431,70.31821039725435,69.45755753598431,70.126953125,23006300
2001-10-12,69.58505156088609,70.05681325383613,68.40564489657417,69.80818176269531,31360500
2001-10-15,69.25355397534372,69.77631835499105,68.89016903905075,69.68069458007812,16873000
2001-10-16,69.99944227163455,70.51583002907587,69.4575483597962,70.12056732177734,15877100
2001-10-17,70.8090778918186,70.86008046589085,68.62876892089844,68.62876892089844,28542300
2001-10-18,68.73713228517451,68.95389075060685,68.05498879809974,68.48212432861328,16510000
2001-10-19,68.2143926699818,68.79453610118041,67.58325152024706,68.4375228881836,21912500
2001-10-22,68.40565775427399,69.85282093276942,68.34827862652442,69.78907012939453,17540600
2001-10-23,70.10142014671165,70.30542554176861,69.09414138067373,69.4320297241211,22062500
2001-10-24,69.4766226569644,69.77625163832523,68.9921082505514,69.24711608886719,16065200
2001-10-25,68.50127653521756,70.50945831036016,68.04863954120592,70.4903335571289,27467900
2001-10-26,70.09506459138795,71.26809961198897,69.9165604252663,70.33094787597656,18623300
2001-10-29,70.22893569202013,70.47756714758505,68.50125885009766,68.50125885009766,18727500
2001-10-30,68.43752922571298,68.66065946457732,67.2963718739503,67.67888641357422,26178600
2001-10-31,68.15063980114209,68.7626561798274,67.44937133789062,67.44937133789062,28124200
2001-11-01,67.95936408949284,69.49578358925544,67.38559737041402,69.1770248413086,29806800
2001-11-02,69.13240839472334,69.73167161650377,68.76902356624413,69.64879608154297,17575900
2001-11-05,70.20344698647973,70.8218350355735,70.09506528693863,70.56045532226562,15929500
2001-11-06,70.35004686705828,71.70796209501421,70.03128815459868,71.6569595336914,23245800
2001-11-07,71.25532219106516,72.11597462691613,71.17244667478657,71.56133270263672,19716000
2001-11-08,71.95657911037875,72.72797445658804,71.33818655366552,71.7844467163086,22563500
2001-11-09,71.5613583489752,72.01399531032392,71.04497059349795,71.86099243164062,15895800
2001-11-12,70.76442420714362,71.81632878299703,70.12690687194413,71.42106628417969,26068800
2001-11-13,72.31998883256766,73.02763366699219,72.15423291592491,73.02763366699219,15296200
2001-11-14,73.42288583978423,73.56951699796251,72.492110917411,73.0977554321289,17571300
2001-11-15,72.91288489759108,73.42927256340184,72.63237561548502,73.23164367675781,19470200
2001-11-16,73.36549979389139,73.37824800113351,72.29447042230642,72.90648651123047,18134900
2001-11-19,73.26350814469059,73.8563995997761,72.96387414878349,73.8053970336914,13625400
2001-11-20,73.55041183758546,73.82454461719054,73.0850218205355,73.18702697753906,16209700
2001-11-21,72.99575686851223,73.10413368081288,72.36461587843304,72.70249938964844,11470200
2001-11-23,72.70250320577448,73.79265765090494,72.67700191968176,73.74803161621094,6717100
2001-11-26,73.79264869701747,74.16878167753143,73.35913661378896,73.90740203857422,13726000
2001-11-27,73.70979110158119,74.5258129004999,72.73438502919154,73.58866119384766,19261400
2001-11-28,73.14878960858432,73.42292245188693,72.19888946666936,72.25626373291016,20195500
2001-11-29,72.4602480148391,73.2635166363507,72.03948409168,73.23164367675781,16354700
2001-11-30,72.93201538306498,73.25715072527511,72.68975557896303,72.7088851928711,13680300
2001-12-03,72.45386422767453,72.72799694488326,72.04585342027632,72.27536010742188,15220400
2001-12-04,72.62599650288944,73.50577381507371,72.26261170207897,73.49939727783203,17239900
2001-12-05,73.703371705433,75.2270375860752,73.67149389650076,74.84452819824219,25204000
2001-12-06,74.80628967285156,75.18880400543958,74.54491006704632,74.80628967285156,17972900
2001-12-07,74.52577177334746,74.64689675036442,73.76074811113537,74.30901336669922,18857800
2001-12-10,73.8564406363082,74.20070085285113,72.90016387831403,72.9192886352539,13862700
2001-12-11,73.25074390469007,73.77350793297394,72.61322655976477,72.7726058959961,20833300
2001-12-12,73.02762406927104,73.17425035544122,72.10959740713002,72.8554916381836,16171500
2001-12-13,72.32638825393917,72.48576769466084,71.42749073748378,71.44023895263672,19026700
2001-12-14,71.61234909686232,72.35186694153118,71.4019671335144,72.12236022949219,16721900
2001-12-17,72.03310434360766,72.9065051105902,71.97573010057391,72.86825561523438,13925900
2001-12-18,73.07863802846057,73.41014989194265,72.89375734764809,73.30177307128906,13663700
2001-12-19,72.7344082783093,73.90106709680713,72.67703400717423,73.81819152832031,20143400
2001-12-20,73.63327380875141,73.8245310109466,73.02763410825447,73.09138488769531,14867900
2001-12-21,73.58586884797994,73.61145784350312,73.05490817222824,73.5346908569336,14037700
2001-12-24,73.45793673026039,73.59227531089805,73.31719967989642,73.39396667480469,5728800
2001-12-26,73.34276532941458,74.34071154251231,73.34276532941458,73.79695892333984,10304800
2001-12-27,73.75862030212552,74.25759369566875,73.72663282588152,74.24479675292969,9407300
2001-12-28,74.39192223941991,74.68618843473237,74.1552276368281,74.20640563964844,10593800
2001-12-31,74.30235192759203,74.45588103221026,73.07410932944173,73.11888885498047,14619500
2002-01-02,73.63708444943157,74.04649882570853,72.80545875227907,73.90576171875,18651900
2002-01-03,73.98249201138563,74.81411241502487,73.91212349284514,74.74374389648438,15743000
2002-01-04,74.95486421641787,75.47303294415579,74.55824690354036,75.24273681640625,20140700
2002-01-07,75.29394140340729,75.4794580772119,74.56467165430224,74.71180725097656,13106500
2002-01-08,74.711741179179,74.88446075412459,74.18717910634346,74.53901672363281,12683700
2002-01-09,74.64141442896641,75.34509493773704,73.78419990036691,73.93133544921875,16610300
2002-01-10,74.00809695525031,74.43030327687244,73.75861029233657,74.25758361816406,12823400
2002-01-11,74.34077357350098,74.38555312348926,73.37480913163385,73.5283432006836,13708400
2002-01-14,73.34280947364438,73.46435114929112,72.90140766882203,73.06773376464844,12301100
2002-01-15,73.27886375922861,73.81621841276561,72.86305082174097,73.66268920898438,20219900
2002-01-16,73.11891576368411,73.18288584076667,72.08898141666167,72.1721420288086,17067000
2002-01-17,72.77344255176857,73.08050075190228,72.54314646136724,72.71586608886719,17283400
2002-01-18,72.28727458139977,72.83102744062599,72.07616897986159,72.38323211669922,17028000
2002-01-22,72.76705298976594,72.88220104906176,71.66035192650035,71.8842544555664,11689300
2002-01-23,72.05058754311266,72.639124877126,71.66036377103356,72.43441772460938,12438900
2002-01-24,72.69669863296504,73.08692241662243,72.49199147437457,72.65831756591797,12142800
2002-01-25,72.36404632638676,73.04213782721332,72.31286832012728,72.63912200927734,12810700
2002-01-28,72.86303712937296,73.04855378602393,72.23611860411782,72.83744812011719,10589200
2002-01-29,72.8310064664828,73.01012454447043,70.40011059570548,70.5472412109375,27720800
2002-01-30,70.61761871065818,72.53674958576751,69.3445965967376,71.56439208984375,34711800
2002-01-31,71.74353426210126,72.47920232051251,71.40448847463792,72.40243530273438,19909200
2002-02-01,72.34482365937113,72.47916709534235,71.75629145091271,72.0633544921875,15838500
2002-02-04,71.79472353496156,71.79472353496156,70.0099303566568,70.27220916748047,24243400
2002-02-05,69.98432427180673,70.68160632027154,69.42777442276713,69.83718872070312,33614000
2002-02-06,70.14424974955683,70.20182134566899,69.12710762614597,69.5365219116211,29486000
2002-02-07,69.54931694147598,70.27858642246868,69.08872466282729,69.10151672363281,23445400
2002-02-08,69.49174355522595,70.8479314492399,69.28064281863122,70.42572021484375,19277800
2002-02-11,70.4001249166633,71.41726201525923,70.25298939089906,71.28932189941406,18792400
2002-02-12,70.98225384726089,71.46203656918502,70.3873230768509,71.06541442871094,13942500
2002-02-13,71.31492265449982,71.9930141653427,71.23175717294887,71.8202896118164,16781100
2002-02-14,71.97380088274261,72.26806700916211,71.38526374930176,71.68592834472656,20453800
2002-02-15,71.74350576683527,71.80107734684955,70.82232144179139,70.93746948242188,18366800
2002-02-19,70.46409474597922,70.55365380290078,69.47894023923944,69.57489776611328,15988100
2002-02-20,69.76041764904997,70.74556732177734,68.97357174819571,70.74556732177734,29242800
2002-02-21,70.32331939879695,70.77111443957529,69.25500488679728,69.28059387207031,26288600
2002-02-22,69.31262089830835,70.32976297272717,69.00556263929353,70.13784790039062,26572900
2002-02-25,70.2018337749775,71.52603440664419,70.17624476752934,71.29573822021484,17458700
2002-02-26,71.39166296723249,71.67313703919602,70.73276219022868,71.14857482910156,22346500
2002-02-27,71.62197657206421,72.19771691440458,70.78395750080401,71.42366790771484,28597900
2002-02-28,71.53882412223814,72.12735659226698,71.02705378619346,71.10382080078125,23755400
2002-03-01,71.46844542609642,72.83102679738472,71.33410683010486,72.76065826416016,26273600
2002-03-04,72.86300000113981,74.19999210939282,72.70307243523766,74.04646301269531,27184600
2002-03-05,73.77779371793248,74.4622835775497,73.54749760809841,73.80977630615234,22718900
2002-03-06,73.63066462859535,74.94207287527325,73.61147409786592,74.68618774414062,20143200
2002-03-07,75.07642707281822,75.16598615523573,73.93134465550429,74.52627563476562,19330800
2002-03-08,75.08923132089166,75.42188357865557,74.51349566352404,74.8397445678711,19930100
2002-03-11,74.77575137466269,75.42186027209618,74.48148516409972,74.99964904785156,15621800
2002-03-12,74.27034434758897,75.00601196558914,74.16799326576162,74.954833984375,17153600
2002-03-13,74.60942141828772,74.68618842250567,73.97610949544945,74.23199462890625,17175300
2002-03-14,74.23197939770806,74.48146600947202,73.96969584756535,74.12962341308594,11168100
2002-03-15,74.39969596642459,75.02840497228675,74.35478818029158,74.83594512939453,21220100
2002-03-18,75.12467192885236,75.41978107282232,74.48312903467841,74.84880828857422,17548900
2002-03-19,75.25300798482866,75.53528362199971,74.94506514158654,75.34923553466797,17912000
2002-03-20,74.73975726952412,74.79108188269275,73.89933753087205,73.93141174316406,17114500
2002-03-21,73.96989488756395,74.35481963074469,73.21287410498891,73.9634780883789,25846800
2002-03-22,74.09820209180967,74.3804825231881,73.58496583377317,73.80309295654297,15235400
2002-03-25,73.83516952653362,74.00838884936262,72.68681205031167,72.88568878173828,17499600
2002-03-26,72.82793258651576,73.79024673477332,72.79585838499023,73.30908966064453,19947600
2002-03-27,73.15512270657857,73.7838367870557,72.98190830891716,73.50155639648438,19020300
2002-03-28,73.75816431213464,74.271395530584,73.4566384628222,73.46946716308594,17532900
2002-04-01,73.28343419983052,73.84157328808185,72.8151058149811,73.50155639648438,17711000
2002-04-02,73.12305915297348,73.74535163118254,72.98833084179294,73.09739685058594,15669500
2002-04-03,73.14228084530768,73.27058742089264,71.95542789010932,72.58413696289062,25658500
2002-04-04,72.2377536158176,72.7509900645558,72.00038579630925,72.28266143798828,23549000
2002-04-05,72.61621198941762,72.89848741882074,71.96825256144392,72.29544067382812,19404900
2002-04-08,71.41650289593551,72.5135398605697,71.35876642680859,72.44938659667969,16470100
2002-04-09,72.60984761741679,72.60984761741679,71.80791874944505,71.94264221191406,15122700
2002-04-10,71.91696069637734,72.84078407185409,71.91054389666319,72.75738525390625,17199300
2002-04-11,72.42377755586048,72.52642676921317,70.89049041713797,70.94822692871094,25453700
2002-04-12,71.22408713481443,71.62826227465938,70.595377864408,71.48070526123047,14950600
2002-04-15,71.60902395408706,71.76299288754625,70.69802926920856,70.9354019165039,17394900
2002-04-16,71.66035843671078,72.6996599645552,71.64111292788526,72.62267303466797,15040900
2002-04-17,72.74456793808409,72.92419921361791,72.237748328065,72.46870422363281,12920100
2002-04-18,72.4301680468493,72.78943037392264,71.30746838016302,72.15430450439453,25204800
2002-04-19,72.62265192387453,72.64831422637712,72.21206487300047,72.4173583984375,10499200
2002-04-22,72.0966084979591,72.12868760931693,71.10863158207697,71.2112808227539,13922900
2002-04-23,71.26898423820428,71.5191904224625,70.67876606228221,70.90330505371094,16967000
2002-04-24,70.92897827193791,71.73090686091906,70.18479108654691,70.19120788574219,18902700
2002-04-25,70.06290327712253,70.4029202492145,69.74854860975616,70.22970581054688,25451500
2002-04-26,70.43499818535894,70.57613841171637,68.8311408759954,68.89529418945312,19769800
2002-04-29,69.24174108495413,69.45345146463393,68.40773316811038,68.55529022216797,17724400
2002-04-30,68.65791692585348,69.6972181544402,68.41413239328395,69.19681549072266,19473500
2002-05-01,69.2673890585891,70.08856320360778,68.51678502552522,70.04365539550781,24575600
2002-05-02,69.99233796148818,70.51199110228708,69.14550142582027,69.77421569824219,15666800
2002-05-03,69.67156065556924,69.77420987293937,68.77339958191686,69.0171890258789,18185500
2002-05-06,69.05569089218824,69.28022997225784,67.560894467663,67.66354370117188,23630400
2002-05-07,68.06770566643107,68.20884589783954,67.29785608821936,67.42616271972656,21910000
2002-05-08,68.6771397297458,70.15910162217294,68.51033727733206,69.93456268310547,27917400
2002-05-09,69.7036254546657,69.99231775374997,69.0171748617785,69.12623596191406,18085600
2002-05-10,69.26736946041329,69.31869405360143,67.7469114256475,67.82389831542969,18958900
2002-05-13,68.14470011235937,69.25456679183587,67.86883641900897,69.2032470703125,14677700
2002-05-14,70.32594402202908,70.80710126245039,69.92818560789702,70.71086883544922,34201200
2002-05-15,70.24895713425518,71.15353509606946,70.11423369422457,70.43500518798828,29535300
2002-05-16,70.37729169628726,70.87769953654771,70.13992382925994,70.80071258544922,28092000
2002-05-17,70.99313344392922,71.37164137236914,70.63386612308639,71.14710235595703,27823700
2002-05-20,70.98027175457736,71.01235084190479,70.24249679728013,70.3772201538086,13833800
2002-05-21,70.64028023945043,70.87765284469101,69.49191800531348,69.73570251464844,16877200
2002-05-22,69.42778248244771,70.00517214672206,69.28664224289348,69.88969421386719,15844200
2002-05-23,70.094986865279,70.8006831593282,69.59458412758202,70.63388061523438,13879800
2002-05-24,70.55690012568222,70.69803547189487,69.67798446818051,69.72930908203125,11877000
2002-05-28,69.9602914563081,70.01161119501826,68.93381836872187,69.35082244873047,24236900
2002-05-29,69.04283315897698,69.29944634569664,68.72847368445463,68.83753967285156,14773300
2002-05-30,68.35640345479221,68.97228410101395,67.93939955731109,68.64509582519531,18217900
2002-05-31,68.9017328414941,69.64592032387557,68.54888216369321,68.7862548828125,19826300
2002-06-03,68.70283269171982,69.03002096920662,66.80386613254164,66.95783996582031,26056300
2002-06-04,66.81673390117389,67.49035141154968,66.43180891030389,67.12467193603516,25856200
2002-06-05,67.32991345709793,67.79182504631744,66.944988764276,67.75333404541016,19695900
2002-06-06,67.70842597277782,67.7469169735297,66.17513911144346,66.37401580810547,22998500
2002-06-07,65.2962224316666,66.66912356967035,65.25773143168351,66.29702758789062,24011600
2002-06-10,66.23288608917889,67.0155691921572,66.09174587131936,66.55365753173828,18759900
2002-06-11,66.80387513022971,67.06691012657024,65.26417574673825,65.41172790527344,19990700
2002-06-12,65.25131948679302,65.95701560827513,64.65468446976348,65.80946350097656,31266000
2002-06-13,65.52078813832931,66.07893233857952,65.01396855537253,65.14869689941406,21043900
2002-06-14,64.35315267518396,65.15508112500764,63.191961846105784,65.05243682861328,39267500
2002-06-17,65.38605738361241,66.93859017389565,65.34114957214419,66.79745483398438,17647200
2002-06-18,66.55366580766814,67.38125681973213,66.483095689963,67.34276580810547,21628500
2002-06-19,66.39964886328194,66.99628358508306,65.59130394142022,65.77093505859375,21540700
2002-06-20,65.60415613781439,66.11097544476323,64.7701486920338,64.93053436279297,25691000
2002-06-21,64.68140807259174,64.97755008646944,63.529026483452476,63.91529846191406,31190700
2002-06-24,63.48401939043512,64.82310138777318,62.60846615461556,64.25012969970703,37169700
2002-06-25,64.57197467622747,64.95180745220138,62.79511742174622,62.80799102783203,33355000
2002-06-26,61.28864988103081,63.1878284892456,61.28221553386865,62.9109992980957,37913600
2002-06-27,63.413163134072086,64.05051233242335,62.17065121325056,64.01188659667969,31616400
2002-06-28,63.8895380123563,64.70071249957115,63.65777387315205,63.70927810668945,28184200
2002-07-01,63.85091972605189,64.25007021486144,62.376644023490805,62.466773986816406,20270200
2002-07-02,62.35735046091658,62.57623617910445,61.01183002904103,61.14059066772461,34213900
2002-07-03,60.9152565948619,61.700674270844104,60.335846086583715,61.48822784423828,30565800
2002-07-05,62.30579526014672,64.07621207277906,62.22854385181853,63.93457794189453,19013500
2002-07-08,63.72217946604391,64.18570299891671,62.80799618400934,63.136329650878906,19118600
2002-07-09,62.91744169919982,63.31014809946582,61.166336487422505,61.54616928100586,28620400
2002-07-10,61.80369117914641,61.84875617416257,59.25428950741256,59.30579376220703,50522500
2002-07-11,59.074037218071624,60.09765862886562,58.14698015794369,59.78864288330078,59476500
2002-07-12,60.08478629236376,60.44530630706663,58.919525681898854,59.13197708129883,39018600
2002-07-15,58.99676072818229,59.48604122231945,56.58255454961182,59.447410583496094,77317200
2002-07-16,58.662027234356266,59.47319744778036,57.85729137139893,58.3015022277832,53282400
2002-07-17,59.52465580406323,60.06544044089861,57.77999038842565,58.41733932495117,48880600
2002-07-18,58.391574788672095,58.64909099374175,56.492401985745374,56.524593353271484,32656700
2002-07-19,55.85506906487943,56.36366236376861,54.27135058424812,54.535301208496094,77572600
2002-07-22,54.14259808237855,55.30785831065816,52.4365580094111,52.91939926147461,78134000
2002-07-23,53.144728366190144,53.58893897191782,51.34211908564447,51.47087478637695,74484100
2002-07-24,50.29916281264375,54.799245197409896,50.00946013044077,54.54172897338867,107022800
2002-07-25,54.25207550008573,55.269262898249764,52.533160725943155,54.07825469970703,87176600
2002-07-26,54.49668323178093,55.32073151004449,53.94946413246983,55.108280181884766,41206800
2002-07-29,56.3314761064471,58.15983251616462,56.20272041146119,57.79287338256836,53492900
2002-07-30,57.50315446831799,58.8422349317548,57.11688258009563,58.54609298706055,47532200
2002-07-31,58.25640603077255,58.93882501722382,57.458109857334684,58.687747955322266,44669900
2002-08-01,58.5074757672631,58.81005703775096,56.865818638197325,57.155521392822266,66571900
2002-08-02,56.97528266075725,57.23923830528411,55.12117353560817,55.87440490722656,51772900
2002-08-05,55.68126209102943,55.9645305829448,53.7885273735221,53.93015670776367,47191300
2002-08-06,54.870092023514076,56.58900601462475,54.79283564091774,55.74563980102539,64730000
2002-08-07,56.56969720382215,56.975282190178376,55.217737425868485,56.71776580810547,43289400
2002-08-08,56.92373036614861,58.64908229910762,56.524584973590734,58.552513122558594,48339800
2002-08-09,58.00532889640983,59.18990200518441,57.52248763770767,58.77143859863281,41879200
2002-08-12,57.934494396855335,58.7585424451664,57.65123095006953,58.340084075927734,25841700
2002-08-13,58.03753316094571,59.00965515286179,57.0718504291886,57.277862548828125,49690500
2002-08-14,57.3100446427227,59.634121298994046,56.66625620412601,59.37017059326172,57423600
2002-08-15,59.76929223753467,60.50964962643102,59.357268195520255,60.19419479370117,45551500
2002-08-16,59.75644922069536,60.56762411747595,59.22854283967992,60.01396560668945,36517300
2002-08-19,60.16843089107522,61.64270612300487,59.93666679887674,61.417381286621094,33669900
2002-08-20,61.04399525256807,61.417393577133936,60.271451398451276,60.76716613769531,30508300
2002-08-21,61.198507632607935,61.662035944540904,60.239264544238786,61.642723083496094,39628900
2002-08-22,61.47534917203878,62.54404020814735,61.204959239426515,62.241458892822266,38399800
2002-08-23,61.81011428749831,61.900244253979004,60.612667690866445,60.90237045288086,33716400
2002-08-26,61.10194180036631,61.5719044464263,60.19419806023088,61.327266693115234,33830100
2002-08-27,61.610501019497356,61.96458633466594,60.194169582246914,60.61907196044922,35335700
2002-08-28,60.052574322036776,60.187769281222955,59.099770349187,59.292903900146484,38970600
2002-08-29,58.75856307919428,59.90451051749091,58.46242101481949,59.318660736083984,42965700
2002-08-30,59.02251713525424,60.123394643201394,58.84225718004166,59.08689498901367,30366700
2002-09-03,58.41090994935936,58.58473061530532,56.74993508936668,56.83362579345703,76586400
2002-09-04,57.046101458385586,58.10191424395333,56.69201580578564,57.64482498168945,51099500
2002-09-05,56.96882220652732,57.57398474750303,56.33147319932365,57.155521392822266,67250900
2002-09-06,57.78001281950209,58.30791914684394,57.51605719997315,57.94095993041992,38622200
2002-09-09,57.36155796646649,58.81008218234553,57.16842435137935,58.36587142944336,33998400
2002-09-10,58.67487283847004,59.086897010686414,58.30147439748784,59.03539276123047,41416600
2002-09-11,59.531105397158285,60.08476373284128,58.64911365038072,58.668426513671875,27711200
2002-09-12,58.423787399600315,58.4817259881586,57.29071863232791,57.58686065673828,43601700
2002-09-13,57.09758675857326,57.87657002389806,56.81431833055878,57.72849655151367,41131000
2002-09-16,57.49672645684262,57.87012481689453,56.94950743219523,57.87012481689453,28167600
2002-09-17,58.513924714172234,58.70706319037931,56.49242961985759,56.5439338684082,47609700
2002-09-18,56.01600947498586,56.97525246321087,55.54604195453068,55.977378845214844,54719400
2002-09-19,55.35937265584478,55.88084468944166,54.52888488769531,54.52888488769531,48510500
2002-09-20,54.91555143869332,55.09661935789721,54.35294825169993,54.54694747924805,46325600
2002-09-23,54.09425896249955,54.35939262852122,53.47345276845351,54.10072708129883,46893800
2002-09-24,53.31182731122018,54.09430256992712,52.93028693415387,53.22775650024414,69507000
2002-09-25,53.91320976203444,54.81854935805388,53.0531322120852,54.54694747924805,59294400
2002-09-26,54.9802376277908,55.59458107037214,54.61163353573501,55.43938064575195,53638000
2002-09-27,54.96730401076579,55.374706958466646,53.51228713989258,53.51228713989258,64648300
2002-09-30,53.02731871699686,53.544660385291145,52.315977623394055,52.891517639160156,73096400
2002-10-01,53.30535963376741,55.46524930145612,52.68455293406527,55.432918548583984,67198100
2002-10-02,54.766867838310084,55.31007207842979,53.415315497323405,53.77098846435547,56749100
2002-10-03,53.76449731750253,54.70864114041504,52.99495337308949,53.22775650024414,55547000
2002-10-04,53.544618519949275,53.62221625590642,51.462327087078855,52.25127029418945,68483700
2002-10-07,51.77275602078308,52.50996451521145,50.796281132210616,51.171348571777344,53188000
2002-10-08,51.6110684591778,52.58107979932262,50.5699225593904,51.973209381103516,79531000
2002-10-09,51.14545889954028,51.5399305469044,50.29831729638084,50.505252838134766,79956400
2002-10-10,50.40178443862983,52.425872736277434,49.83917615635259,52.141334533691406,76749000
2002-10-11,53.091954303879305,54.792710718646774,52.910886305440094,54.42410659790039,82308300
2002-10-14,53.80330193397734,54.87031555831211,53.69983660738904,54.72804641723633,40631900
2002-10-15,56.25418455911997,57.37293304191965,56.16365057019195,57.3599967956543,82320300
2002-10-16,56.52579814354367,56.77800070448383,55.56224996586669,55.96965789794922,62977800
2002-10-17,57.469944393189714,57.74801452781067,56.810333872119934,57.08193588256836,68534100
2002-10-18,56.680999012950615,57.625142826130926,56.21539276344076,57.321205139160156,47448700
2002-10-21,56.98492511244557,58.5240077387124,56.62925237368989,58.310604095458984,45859100
2002-10-22,57.58633371921548,58.207140297026065,57.24359228318783,57.89026641845703,40966800
2002-10-23,57.40528019627245,58.37529172663939,56.70040751906469,58.33002471923828,54905800
2002-10-24,58.68570344208646,58.7827055915475,56.97201524738887,57.14015197753906,54987400
2002-10-25,57.0431441370636,58.452894425212904,56.868544232440414,58.33002471923828,43672100
2002-10-28,58.944373135515,59.034907157720575,57.457020027164866,57.94849395751953,39416100
2002-10-29,57.6057490374728,57.87088294049767,56.26066528113806,57.275943756103516,59508200
2002-10-30,57.347060002059635,58.17480206956408,57.05605862742294,57.83206558227539,41688600
2002-10-31,57.980804349282856,58.39467539411026,57.03019259722451,57.24359130859375,41620600
2002-11-01,57.13368384783,58.73097044980705,56.93968448265604,58.37529754638672,51878900
2002-11-04,59.364702531260455,60.101910836298764,58.78269467630038,58.931427001953125,49080600
2002-11-05,58.74391012825728,59.539321946509666,58.74391012825728,59.39705276489258,37270800
2002-11-06,59.80442898757334,60.185964376971256,58.711548069243136,60.16656494140625,65013100
2002-11-07,59.50695216501345,59.63628995319417,58.3429416737798,58.69214630126953,51572000
2002-11-08,58.5434331201757,59.215975093710114,57.89029058940208,57.974361419677734,37905400
2002-11-11,57.88380890434261,57.91613965403652,56.77799661666585,57.07546615600586,33505100
2002-11-12,57.334122696676985,58.155396555805595,57.14658663321865,57.52812194824219,37724500
2002-11-13,57.1142712850287,58.032547563624966,56.55166289441841,57.58634567260742,63891500
2002-11-14,58.24599048323572,58.84739815624794,58.0390547749808,58.67279815673828,31896800
2002-11-15,58.200680785720785,59.20302781719022,58.16834510068002,59.10602569580078,39152100
2002-11-18,59.591034157072755,59.591034157072755,58.42701851340495,58.51108932495117,28934800
2002-11-19,58.213618923335396,58.91202835872793,58.04548715586689,58.43349075317383,32806600
2002-11-20,58.187748270018254,59.76563000601119,58.16834389915491,59.733299255371094,36688400
2002-11-21,59.88202648945394,60.91024097386256,59.77209306587201,60.8455696105957,55128200
2002-11-22,60.451119183804934,60.96198756826652,60.315313231371334,60.412315368652344,32513800
2002-11-25,60.41880565522285,60.95554673581979,59.99199806812587,60.451141357421875,33846400
2002-11-26,60.18595206801524,60.43168642446934,59.248276693438804,59.30000686645508,42284700
2002-11-27,59.83031927364685,61.20773904036762,59.77212094004522,60.968467712402344,37764000
2002-11-29,61.304748020119426,61.401745253584814,60.63866910333437,60.77447509765625,19385700
2002-12-02,61.7380139671041,62.11308635307612,60.28299637362092,60.87146759033203,49911900
2002-12-03,60.302382729588125,60.39938486817871,59.72037483177833,60.05664825439453,34407700
2002-12-04,59.34530683945162,60.231252533478674,59.12543991415481,59.7850456237793,64040800
2002-12-05,59.96610961880228,60.01137662215776,58.91202735908662,59.125431060791016,36724900
2002-12-06,58.27830121616354,59.60398083306496,58.1877671909599,59.51344680786133,49824100
2002-12-09,58.89262830722796,59.14483088954461,57.86441853835752,57.877349853515625,36789600
2002-12-10,58.213627299650064,58.91203683553622,58.0454955079892,58.65336608886719,33319900
2002-12-11,58.472278837546874,59.2482908226257,58.30414710111909,58.705081939697266,39201000
2002-12-12,58.97667080515118,59.16420686985034,58.3299967615257,58.69860076904297,34465600
2002-12-13,58.14250829006863,58.5111125680331,57.72863205945193,57.77389907836914,36862200
2002-12-16,58.08429626551687,59.358245663596676,57.980830923754546,59.2677116394043,37098400
2002-12-17,59.08663197707546,59.325898308096676,58.679224014554684,58.75035858154297,32353900
2002-12-18,58.407610865986065,58.459345983707465,57.767404818813965,58.07134246826172,35612600
2002-12-19,57.78034308472807,58.65335233297297,57.295337398621676,57.65747833251953,39264200
2002-12-20,57.96681407514558,58.49969267915643,57.901829846945,58.48019790649414,31176900
2002-12-23,58.220212612822664,58.792085293612104,58.0382549263806,58.49964904785156,22599300
2002-12-24,58.220252222078585,58.3957150805034,57.99930486907369,58.06428909301758,10937000
2002-12-26,58.2917350171789,58.88310284483836,57.73286177973441,58.09028244018555,17485600
2002-12-27,57.81082481597408,58.02527713432379,56.78405761718749,56.7840576171875,22205700
2002-12-30,57.050535159552155,57.49243493076033,56.680119539420275,57.258487701416016,29968000
2002-12-31,57.18049582465469,57.46643238988363,56.60862765217582,57.336463928222656,34036600
2003-01-02,57.73936473235858,59.33150553521203,57.537912144748255,59.182037353515625,44516300
2003-01-03,59.07808199730341,59.38350844991622,58.81164014279287,59.364013671875,32222600
2003-01-06,59.2925014496039,60.75466860638968,59.247012003045235,60.410247802734375,40984500
2003-01-07,60.37126163195957,60.676692915020475,59.916362183025726,60.26078796386719,38640400
2003-01-08,59.91636660363837,60.04634000919949,59.16904059307045,59.38998794555664,38702200
2003-01-09,59.669414889090525,60.55321407160194,59.40297812738008,60.312767028808594,34804900
2003-01-10,59.753898755973,60.85215039417565,59.656424907120275,60.47523498535156,37768900
2003-01-13,60.787160180275144,60.99511263394772,60.07232393064926,60.45573425292969,31649900
2003-01-14,60.23478707778757,60.975618005564165,60.05282930015509,60.650691986083984,30733000
2003-01-15,60.78717201266982,60.80666678431234,59.72791477027172,60.04634094238281,33511800
2003-01-16,60.11133158309942,60.39076824175083,59.428984754910445,59.799400329589844,44812100
2003-01-17,59.13007789864161,59.98138804955892,58.58420417559338,58.91563034057617,35618300
2003-01-21,59.052079669065854,59.08456930893875,57.804359498033975,57.99931716918945,36826200
2003-01-22,57.687376599634504,58.35672851858446,57.186992595930754,57.29746627807617,42286500
2003-01-23,57.67440167390861,58.08380690936875,57.154517760134716,57.648406982421875,55919800
2003-01-24,57.57039651792696,57.62888578645599,55.997755588724765,56.13422393798828,68633900
2003-01-27,55.71185763420973,56.40719961872481,54.9125368686922,55.367431640625,57884400
2003-01-28,55.64684390278195,56.147232889450976,55.32191779226196,55.776817321777344,46929100
2003-01-29,55.51034945962072,56.65409021970131,55.087944722740936,56.199195861816406,53712200
2003-01-30,56.40066334924378,56.459147657372476,54.84751725454955,54.86701202392578,49845900
2003-01-31,54.68504715182729,56.02374069409306,54.68504715182729,55.92626190185547,55317000
2003-02-03,55.97825771347508,56.41365741668525,55.83528946275463,56.036746978759766,39696000
2003-02-04,55.438858866652296,55.72479526271595,54.78251207819865,55.48434829711914,43633400
2003-02-05,55.72482153645488,56.23820532690849,54.89951149229427,55.13995361328125,55270600
2003-02-06,54.828031918949165,55.16595288156222,54.36013754150122,54.8800163269043,53638000
2003-02-07,55.17894219074624,55.230926588798624,53.91822757589066,54.21065902709961,43165000
2003-02-10,54.236687732068944,54.67208770653294,53.71030880646264,54.59410858154297,45455900
2003-02-11,54.82801024039526,55.1594311617307,53.827237652768765,54.21714782714844,46861000
2003-02-12,54.04170999819388,54.34064140785942,53.34636340169391,53.35286331176758,35873600
2003-02-13,53.38537421908199,53.716800322423175,52.6380429875394,53.515342712402344,57934100
2003-02-14,53.52831137536058,54.717536775084554,53.170890789829365,54.6850471496582,59580900
2003-02-18,54.931998985762384,55.75731395576359,54.8410200854757,55.64683532714844,39492700
2003-02-19,55.44539863459305,55.542877472238395,54.76955164035949,55.35441970825195,31432000
2003-02-20,55.373915990330694,55.51038438355421,54.620089871860834,54.80204772949219,29280100
2003-02-21,54.834535879463175,55.71833541361632,54.23667294694182,55.35441970825195,60955800
2003-02-24,55.191961544876335,55.23745101209651,54.32115679783011,54.4576301574707,30628600
2003-02-25,53.90524617444535,54.906019309038356,53.43085677303477,54.89302444458008,56770600
2003-02-26,54.600576674525676,54.93200266662278,53.98971901137987,54.093692779541016,37787200
2003-02-27,54.39263148508381,55.07497833257286,54.041715632181166,54.808536529541016,51126000
2003-02-28,54.8930029977131,55.386891939816515,54.69155045045068,55.17243957519531,43666800
2003-03-03,55.40642261412025,55.74434371477453,54.40564922197907,54.64609146118164,42923100
2003-03-04,54.555073716998486,54.594068208637616,53.710269087136325,53.77525329589844,31440500
2003-03-05,53.6842750062134,54.28863757454708,53.521812003521305,54.23014831542969,43974700
2003-03-06,53.85323732119937,54.275637157141794,53.593295528173584,53.77525329589844,41217700
2003-03-07,53.03442918601027,54.58107536730296,52.91745561209886,54.14567565917969,63538000
2003-03-10,53.67778775992593,53.846750710816046,52.70300951383292,52.845977783203125,41014100
2003-03-11,52.94994259889246,53.28786345391953,52.30009060555198,52.326080322265625,48102700
2003-03-12,52.23512130476697,52.70301571118795,51.585269064288745,52.67702102661133,62459800
2003-03-13,53.404867997634646,54.52911477993461,52.982462965279865,54.496620178222656,72117800
2003-03-14,54.717532284925554,55.08794769863529,54.16515911823235,54.67204284667969,63951800
2003-03-17,54.236656242643605,56.504638707312054,54.080693125233765,56.3941650390625,88217500
2003-03-18,56.63461847303902,56.7645869258348,56.069245291622174,56.7255973815918,50792300
2003-03-19,56.71908824521079,57.29096124363593,56.32917799227047,57.160987854003906,49630800
2003-03-20,56.751606141863846,57.5704165219575,56.11474866603333,57.28448486328125,67321600
2003-03-21,57.93955431494986,58.64422076265761,57.37190150349259,58.5072021484375,71165300
2003-03-24,57.43063959497622,57.508938103862874,56.34101148065246,56.5628547668457,65398900
2003-03-25,56.595450111261215,57.587210868577294,56.39971139350573,57.10437774658203,61040100
2003-03-26,57.1304636809524,57.319681214460104,56.63458839793336,56.81727981567383,45740800
2003-03-27,56.37361416384977,57.19573074971821,56.10609810082521,56.86296844482422,53120200
2003-03-28,56.419286169620726,56.94778719205455,56.27574145291794,56.57587814331055,32583000
2003-03-31,55.68851297946043,56.49757728368499,55.06866625036325,55.290504455566406,61119500
2003-04-01,55.62327527270164,56.36709345289081,55.40143703347348,56.138729095458984,53574000
2003-04-02,57.11742971312315,57.91996791029483,57.09133022195113,57.49586486816406,50431200
2003-04-03,57.98524815845083,58.06354169319686,57.189230702056584,57.22185134887695,48755500
2003-04-04,57.6981491650773,57.80254218701039,57.16964797998395,57.56113052368164,36250100
2003-04-07,58.944352688909284,59.27711499806003,57.39799632714906,57.4501953125,69776200
2003-04-08,57.61333733157422,57.84170176484899,57.22837587722136,57.54156494140625,39712700
2003-04-09,57.6524496451865,58.135277726714605,56.61501615688461,56.78466033935547,55647300
2003-04-10,56.82382004699223,57.176155747295695,55.92340990930746,57.097862243652344,41812400
2003-04-11,57.5219669370345,57.874297638723235,56.67375085882446,56.86296844482422,47730100
2003-04-14,57.07176574610056,58.07004779371969,56.7651028994788,58.03742218017578,36711700
2003-04-15,57.965680180508265,58.57900619506836,57.69164280386444,58.57900619506836,49709800
2003-04-16,58.66379503449873,58.761661910723696,57.43714375414017,57.5806884765625,51788000
2003-04-17,57.6133056673358,58.53981513196798,57.54153331661388,58.43541717529297,37403100
2003-04-21,58.631189794868746,58.82693357126736,58.10920970978645,58.494171142578125,32052700
2003-04-22,58.13527674895878,59.74035789404478,57.99825817317966,59.5968132019043,59763600
2003-04-23,59.77949181281505,60.255793628025806,59.53154924459932,60.144874572753906,44227100
2003-04-24,59.72082058349967,60.07968253053856,59.348911373828116,59.609901428222656,49692400
2003-04-25,59.570738267050885,59.68165739180029,58.73556932725275,58.87259292602539,43917200
2003-04-28,59.009601395927355,60.15142801750199,58.9182556644389,59.890438079833984,46432900
2003-04-29,60.11883180660345,60.549466161030786,59.636003421494905,60.09925842285156,52017100
2003-04-30,59.9687385559082,60.39936773615847,59.64250236742772,59.9687385559082,48709100
2003-05-01,59.975243603829774,60.50374947238598,59.048734271845696,59.962196350097656,50240400
2003-05-02,59.740386285765844,60.986611270739445,59.69471340546669,60.81696701049805,50201500
2003-05-05,60.986605791313515,61.188870674755485,60.35370666548135,60.69951629638672,35437800
2003-05-06,60.705998661207296,61.580308797638466,60.6798991824825,61.273651123046875,44401000
2003-05-07,60.95397202716619,61.42375296407968,60.660361430580004,60.93439865112305,41413100
2003-05-08,60.36672158830206,60.895227418852514,60.21012966493812,60.321048736572266,40570700
2003-05-09,60.569031306848714,61.20193051126083,60.42548654156299,61.15625762939453,33608100
2003-05-12,61.00618300206552,62.06319031780704,60.86263824558539,61.906593322753906,35662300
2003-05-13,61.678212884815366,62.102320924658,61.50204753366461,61.795658111572266,39253600
2003-05-14,62.043575947487064,62.14144776809411,61.27366356956282,61.66514587402344,32195100
2003-05-15,61.91308831130155,62.200177679909395,61.49550649039993,62.05663299560547,43879200
2003-05-16,61.91311363511122,62.27849663335773,61.50205776208389,61.90006637573242,38905000
2003-05-19,61.43025781714915,61.6064231185249,60.24275862789578,60.4515495300293,41606000
2003-05-20,60.562500526812386,60.69951916186755,59.75995711809456,60.32761001586914,55404600
2003-05-21,60.09921394931003,60.60161534639239,59.968721502214485,60.4515495300293,49333800
2003-05-22,60.64732600640665,61.36504984674305,60.471160595214634,61.05186080932617,38421800
2003-05-23,61.025752345828685,61.31936795865629,60.771288468160186,61.17582321166992,26155900
2003-05-27,60.875670160994176,62.5329454926143,60.72559933532825,62.2458610534668,43719200
2003-05-28,62.539457520739205,62.94399206481724,62.26542039957394,62.42201232910156,37727100
2003-05-29,62.559066985220554,63.17239278187006,62.037091926301684,62.25893020629883,50844200
2003-05-30,62.572112834888024,63.34855171356766,62.35026959957238,63.257205963134766,52529500
2003-06-02,63.635626066643134,64.23589942041896,63.07449946003608,63.51818084716797,50305500
2003-06-03,63.38770374821712,63.83790638377709,63.191960008951,63.7791862487793,38254500
2003-06-04,63.7204868036419,64.8231622908311,63.66176167160614,64.6991958618164,49360700
2003-06-05,64.32072985891784,65.01887512207031,64.11846003155843,65.01887512207031,46262400
2003-06-06,65.5082223482594,66.16069467248913,64.67957970882512,64.764404296875,60356800
2003-06-09,64.44468347320355,64.6600005155312,63.79221120770279,64.10540008544922,37808500
2003-06-10,64.24241226996173,64.76439202159834,64.0662469661159,64.75786590576172,29965900
2003-06-11,64.69916737618003,65.50170566287883,64.40555180121721,65.44298553466797,37610200
2003-06-12,65.73656359059733,65.83443540046954,64.99927191509848,65.64521789550781,36442000
2003-06-13,65.64523427566199,65.7365799935446,64.56212793795649,64.96013641357422,48628300
2003-06-16,65.22110910351708,66.35640913905327,65.116716158325,66.33031463623047,36326300
2003-06-17,66.5978256028833,66.6695979305634,66.04975144019927,66.33031463623047,36801800
2003-06-18,66.08889218611561,66.64349241325354,65.89967470100427,66.2715835571289,35521000
2003-06-19,66.31728370503136,66.37600880015995,65.14283158214495,65.2602767944336,43551700
2003-06-20,65.73833513025365,65.81036677714864,65.10314969633569,65.11624908447266,41545000
2003-06-23,65.12279977937155,65.2603183877091,64.12091132060479,64.44832611083984,34237500
2003-06-24,64.31734050558957,64.88703885108862,64.18637163608577,64.51378631591797,36213600
2003-06-25,64.52032300207495,65.11621999730261,63.86549377441406,63.86549377441406,47743400
2003-06-26,64.02919214972862,64.81499011087897,63.492232457786635,64.6971206665039,33477300
2003-06-27,64.66438399399023,64.95251044289542,63.89823502316547,63.95062255859375,54208800
2003-06-30,64.31734023021018,64.61201144241689,63.82621821256465,63.93098831176758,33349000
2003-07-01,63.682144072828386,64.72986986558196,63.14518429179526,64.52032470703125,51322800
2003-07-02,64.67749182585545,65.3454205515477,64.54652795600867,65.33232116699219,34662100
2003-07-03,64.87393175946765,65.38469776064305,64.10778275770456,64.6578369140625,30792800
2003-07-07,65.25373931549565,66.07227592257425,65.25373931549565,65.9413070678711,31391100
2003-07-08,65.81035991809583,66.32767578462797,65.59426499993324,66.23600006103516,30952500
2003-07-09,66.08538680702948,66.39970714083017,65.5025889969812,65.86274719238281,36528500
2003-07-10,65.37817782928784,65.50914673276367,64.58583469808215,65.02457427978516,49777700
2003-07-11,65.08348700851181,65.77760450280144,65.08348700851181,65.64009094238281,39976300
2003-07-14,66.26870298067664,66.72708634865486,65.77758115523898,65.9609375,42114900
2003-07-15,66.38659282648058,66.43898036965957,65.4501867249481,65.81689453125,42573600
2003-07-16,66.0133242706706,66.05261741647482,64.97869802222388,65.43052673339844,39894200
2003-07-17,64.92633437336869,65.40435702559186,64.27805468256864,64.50069427490234,52253500
2003-07-18,64.84120883530677,65.35197999419853,64.47450594826338,65.16207885742188,35698100
2003-07-21,65.12277756676563,65.14897134056444,64.07505159457098,64.35662841796875,34786000
2003-07-22,64.62509973839975,65.09657759379179,64.12087842240246,64.93941497802734,49968300
2003-07-23,64.96563118378754,65.12278885787714,64.35663957624385,64.98527526855469,37275400
2003-07-24,65.47636914880425,65.70555836555265,64.41554906101162,64.49412536621094,40896200
2003-07-25,64.60545557973752,65.67282544839719,64.19945965011235,65.63353729248047,43241100
2003-07-28,65.72522260174523,66.12466889850168,65.26683906654122,65.3912582397461,34382800
2003-07-29,65.57458371735251,65.65316500554921,64.61853385939827,65.09001159667969,53472100
2003-07-30,65.22102873821225,65.31925417977857,64.78229409463005,64.93290710449219,28363300
2003-07-31,65.46982502800117,66.07881637838628,64.93940998350429,65.0834732055664,54937200
2003-08-01,64.95252445068066,65.17516403034018,64.33043357419682,64.50724029541016,49321000
2003-08-04,64.37627142859446,64.8281052761936,63.518446583745245,64.50724029541016,55214100
2003-08-05,64.44176307829946,64.6709523670685,63.0862614362544,63.138648986816406,61415600
2003-08-06,63.315447107577015,64.21256005813764,63.138640397470866,63.505348205566406,50096900
2003-08-07,63.62975409826292,64.21910139535939,63.36127671599982,64.17326354980469,43427400
2003-08-08,64.38282219176756,64.53343514212281,64.0161193504873,64.35662841796875,27357300
2003-08-11,64.34353965755336,64.85430580143101,64.06850750658297,64.59892272949219,34631400
2003-08-12,64.63818099968985,65.21442881929508,64.44827995783197,65.18824005126953,43285600
2003-08-13,65.36505218330396,65.38469626044451,64.52032189460684,64.85428619384766,36152000
2003-08-14,64.89358385602719,65.31922390825368,64.46794380380072,65.03109741210938,35525100
2003-08-15,65.06383570585089,65.3454124876299,64.90667808223843,65.23409271240234,12567000
2003-08-18,65.43706038420231,65.8757946032025,65.31264127889384,65.7972183227539,22873800
2003-08-19,65.93477699753078,66.09848435525952,65.48294309149479,66.04609680175781,37437700
2003-08-20,65.67281020445483,66.06570666027505,65.5876842210778,65.77758026123047,21295300
2003-08-21,66.17050086555494,66.47826643112906,65.74486083357243,65.98714447021484,46494200
2003-08-22,66.62888546066151,66.67472331470302,65.30613238978394,65.33232116699219,52040300
2003-08-25,65.29301716385108,66.02642764652681,65.01144041564031,65.43708038330078,23473000
2003-08-26,65.15547796773234,65.73827531068243,64.7167437874797,65.55492401123047,45065800
2003-08-27,65.51568323078624,65.71867874534547,65.20136292170731,65.57461547851562,18919500
2003-08-28,65.74485951352538,66.13775607517786,65.26028725401903,65.98059844970703,27402400
2003-08-29,65.88239365885359,66.4520970987391,65.79726762593145,66.4259033203125,28706600
2003-09-02,66.5568476630144,67.36883457187872,66.17050078561839,67.31645202636719,49419100
2003-09-03,67.4670640000123,67.90579844512236,67.30335667010993,67.68315887451172,44912400
2003-09-04,67.51288853078142,67.80756466403041,67.29024900410244,67.71588897705078,28381000
2003-09-05,67.40809878930878,67.80754487857345,67.05449053015894,67.33606719970703,31637300
2003-09-08,67.47362501887487,68.02367934162788,67.40159338194978,67.89271545410156,32632800
2003-09-09,67.6896991967557,67.74863142930639,67.237865430065,67.4474105834961,35053200
2003-09-10,67.13966341824073,67.31647016934131,66.49793334819637,66.76641082763672,45904900
2003-09-11,66.85810023360636,67.29029016167027,66.68784314110059,66.96287536621094,38396300
2003-09-12,66.7336615615295,67.21168419004862,66.36695372770566,67.08726501464844,42524800
2003-09-15,67.13308584360794,67.20511745362926,66.75983340802027,66.85150909423828,21312800
2003-09-16,66.94322870505422,67.86653579486904,66.90393553386099,67.8272476196289,37892600
2003-09-17,67.76175311552859,67.96474864462024,67.48017625455364,67.6962661743164,31885800
2003-09-18,67.70936204030662,68.56063727632784,67.55874907768296,68.49515533447266,30243600
2003-09-19,68.54115622276076,68.75808062847973,67.9692709905754,68.1467514038086,34331600
2003-09-22,67.60773764301432,67.68004578609214,67.06871649515327,67.41053771972656,36677400
2003-09-23,67.43682653658756,67.8969697178138,67.28564043135442,67.66690063476562,32489200
2003-09-24,67.78521972573306,67.85095303023262,66.43766441540862,66.46395874023438,41694700
2003-09-25,66.66116639359821,66.97011343888713,65.8657768267146,65.91836547851562,52673100
2003-09-26,66.02352529061969,66.16814153719469,65.63569035524777,65.70142364501953,42914700
2003-09-29,65.93147981591197,66.38504290302134,65.59623360925335,66.3456039428711,36771600
2003-09-30,66.04981960955409,66.23387482696644,65.24128560148866,65.70142364501953,70764500
2003-10-01,65.89202651540184,67.16727287447311,65.86573220731385,67.1015396118164,65797600
2003-10-02,67.00294867608893,67.41707281530664,66.80574383924584,67.34476470947266,44591500
2003-10-03,68.14674749802893,68.54772712860178,67.75891753590746,67.96269226074219,48806900
2003-10-06,68.02186365843988,68.3571050160468,67.83780338459356,68.27165222167969,20226500
2003-10-07,67.87721080652379,68.56741765482126,67.6471418570913,68.53455352783203,42602900
2003-10-08,68.58061769832365,68.62005668573413,67.97586315408654,68.36369323730469,30920800
2003-10-09,68.9421266288421,69.16562583918478,68.25191954203828,68.54772186279297,40066500
2003-10-10,68.54116785223357,68.75809229475841,68.30452893281492,68.73837280273438,22682800
2003-10-13,68.83038733943567,69.21164749642288,68.6989207408818,68.95528411865234,23825600
2003-10-14,68.88954696668306,69.30367124258393,68.60031444788494,69.19849395751953,38484400
2003-10-15,69.58634806340301,69.60606755599316,68.78438859720099,69.01445770263672,39021700
2003-10-16,68.81064202222159,69.50085394337282,68.7909225413534,69.2905044555664,32772200
2003-10-17,69.32993761879976,69.43510984634305,68.35049836828604,68.53455352783203,32790300
2003-10-20,68.65945213488929,69.04728698730469,68.32421092422166,69.04728698730469,27657000
2003-10-21,68.90272178050535,69.20509908473149,68.57405014350329,68.92901611328125,26729100
2003-10-22,68.38339122016838,68.48856850701904,67.83122550958956,68.06129455566406,33914500
2003-10-23,67.63401657878813,68.3307985097502,67.60114742482138,67.93639373779297,45830500
2003-10-24,67.59460852257624,68.08761596679688,67.16733440122546,68.08761596679688,51723600
2003-10-27,68.19276864913412,68.48200120465503,67.8838166039422,68.1204605102539,32460200
2003-10-28,68.35050523753182,69.11959509512573,68.24532798429121,69.04728698730469,34956200
2003-10-29,68.86983779947064,69.30368667427193,68.27823299220358,69.13935089111328,30955400
2003-10-30,69.54032182320775,69.65864377274809,68.88955360830062,69.2839584350586,39123100
2003-10-31,69.2839645088725,69.50745875808062,69.16564254895941,69.21823120117188,25761600
2003-11-03,69.51398447026958,70.07929954424027,69.48769016274461,69.67174530029297,37589300
2003-11-04,69.67177780573643,69.85583302915593,69.40226980433748,69.52059173583984,31421600
2003-11-05,69.34308929142037,69.65861603626884,68.95525945382008,69.57315826416016,33558800
2003-11-06,69.41541543606769,69.96758612924563,69.08674395671592,69.94129180908203,28392300
2003-11-07,70.09907498928582,70.15166364632334,69.3957180005828,69.42201232910156,31723200
2003-11-10,69.50746144054703,69.57319475078447,69.02760376219662,69.13935089111328,25530800
2003-11-11,69.08014678422269,69.237912654187,68.889521801155,69.11959075927734,26558600
2003-11-12,69.17219511904734,69.98729890545445,69.1261813169549,69.89527130126953,28000000
2003-11-13,69.68491666315391,70.03330756988565,69.5337256015825,69.91498565673828,29714800
2003-11-14,69.94130652077979,70.30284221503614,69.21165528193119,69.32340240478516,49158500
2003-11-17,68.96185382129558,69.11303989686904,68.38996362837221,68.9749984741211,44382100
2003-11-18,69.17879587281011,69.31683734081751,68.1664867589586,68.25851440429688,41155000
2003-11-19,68.38342188001928,69.02762051298478,68.3111137166722,68.83699035644531,29827000
2003-11-20,68.36370966485065,69.17881402969465,68.19937382431014,68.2190933227539,53578700
2003-11-21,68.52143610226591,68.58059958288436,68.11388663299596,68.50171661376953,30016000
2003-11-24,68.81727713632753,69.5337789828547,68.81070229856962,69.40888214111328,28906400
2003-11-25,69.50083982407028,69.95440283727831,69.31677967139557,69.67174530029297,37580000
2003-11-26,69.95444159488278,69.9741610826703,69.27737910015564,69.92157745361328,33053600
2003-11-28,69.86238928448377,70.11218274852193,69.80980065888339,69.97413635253906,10507500
2003-12-01,70.237095311771,70.78269118027119,70.20423117236221,70.7301025390625,38699000
2003-12-02,70.5854688065647,70.84183210007123,70.38169414124607,70.55260467529297,35352000
2003-12-03,70.76298415883845,71.04564188621558,70.38172396560795,70.44088745117188,39078600
2003-12-04,70.44744486147688,70.80898550087554,70.29625878691299,70.7301025390625,36089500
2003-12-05,70.4145917613647,70.86158525145854,70.08592022497598,70.23710632324219,28824400
2003-12-08,70.1647998460283,70.75640962856745,70.12536086556895,70.71039581298828,32482900
2003-12-09,70.92733068272233,70.9470501758565,70.03334354968254,70.16481018066406,43596100
2003-12-10,70.1845000573929,70.32254648134041,69.6520539069293,70.15821075439453,36915400
2003-12-11,70.12535791727507,71.05878385985388,70.11878308243169,70.94703674316406,45304000
2003-12-12,70.97334350094069,71.12452962291741,70.59208325530567,71.08509063720703,34142200
2003-12-15,71.7621308009209,71.80157478939185,70.65122459237833,70.7301025390625,38693400
2003-12-16,70.7827091716612,71.32173034323527,70.6775318625101,71.09823608398438,32894200
2003-12-17,71.03247618201846,71.32170867919922,70.86157062925582,71.32170867919922,23198800
2003-12-18,71.35458240326405,72.13024731938013,71.24940511932272,72.12367248535156,29353100
2003-12-19,72.18707794748124,72.23330917607676,71.71155385974114,71.92289733886719,41465100
2003-12-22,71.8502276594957,72.42481994628906,71.84362176043152,72.42481994628906,27611300
2003-12-23,72.30597231372401,72.6163791693942,72.23992337026144,72.47108459472656,24741200
2003-12-24,72.33238855406326,72.57015065071958,72.27295054931274,72.3984375,8055800
2003-12-26,72.45784643926001,72.70221434025053,72.40500931923637,72.45124053955078,8308400
2003-12-29,72.71545539967656,73.48817974891115,72.50411185871937,73.41553497314453,22483700
2003-12-30,73.36927553788261,73.48815655708057,73.21076919189399,73.42871856689453,19559500
2003-12-31,73.4551332812431,73.65326494363833,73.20415945451994,73.49475860595703,31501800
2004-01-02,73.79856392141629,74.09576897083953,73.13151411295036,73.46173858642578,38072300
2004-01-05,73.76555797467714,74.31372687129192,73.69950903685412,74.26089477539062,27959800
2004-01-06,74.07595954327053,74.45241525791793,73.9702852885077,74.33353424072266,20472800
2004-01-07,74.22783734285218,74.67033681232955,73.89761295569159,74.58448028564453,30170400
2004-01-08,74.79582681933441,74.90150104628005,74.47880917732202,74.88168334960938,36438400
2004-01-09,74.5184663161916,74.96096596322006,74.14861142776856,74.22786712646484,54084300
2004-01-12,74.33353190359205,74.79584415657928,74.20804498971309,74.77603149414062,31564100
2004-01-13,74.69017847650777,74.78264597654233,73.8117850950285,74.34014129638672,54239700
2004-01-14,74.4722522852608,75.06665756570231,74.41280923780292,74.96098327636719,30112800
2004-01-15,75.00716513033844,75.3307836103951,74.3533222717844,75.14585876464844,38408700
2004-01-16,75.31762065574674,75.49593970675993,75.04683408925858,75.44310760498047,31922700
2004-01-20,75.64118994522478,75.72044560439625,75.17227196581379,75.4232406616211,29863000
2004-01-21,75.3770334191771,76.14976248501831,75.10625198218945,76.01766967773438,30725000
2004-01-22,76.04410746084555,76.20261383082652,75.67425758461442,75.8195571899414,29888500
2004-01-23,75.95162045125772,76.19598834842573,75.25814711856405,75.57516479492188,44245300
2004-01-26,75.54877062242024,76.56586282056934,75.54216472068195,76.52623748779297,30460600
2004-01-27,76.4469833754642,76.94232020079119,75.72049037274998,75.74030303955078,35322800
2004-01-28,75.93842239340928,76.1365540548669,74.59110593242994,74.8750991821289,52621300
2004-01-29,75.00059363092922,75.19212446296223,74.34014457101945,74.94776153564453,60117100
2004-01-30,74.97417506387366,75.10626789915148,74.69018176655939,74.94776153564453,30984400
2004-02-02,75.09305350171927,75.74029577515203,74.70999688971445,75.27137756347656,38832400
2004-02-03,75.11944020970975,75.38362072027248,74.9213086059058,75.14585876464844,25093500
2004-02-04,74.75621724744367,75.11286028025815,74.49203666326716,74.53166198730469,39332600
2004-02-05,74.74302788679779,74.98739588232155,74.48545312557167,74.7496337890625,37226800
2004-02-06,74.90811730661294,75.7534911406794,74.76281773410298,75.58837890625,37216000
2004-02-09,75.7336895928164,75.8657824230401,75.48272077363077,75.60820770263672,24851300
2004-02-10,75.47612142858057,76.04410805081447,75.46291466382414,75.85257720947266,27908100
2004-02-11,75.85257650433952,76.86966870123764,75.40347092439524,76.6583251953125,42965700
2004-02-12,76.59228681951036,76.79041853626752,76.33471206054715,76.38094329833984,27814700
2004-02-13,76.4932329633654,76.74420186776645,75.78655245790364,76.03752136230469,44739900
2004-02-17,76.51302173908738,76.89608339892945,76.46018460555888,76.724365234375,23984300
2004-02-18,76.74418845731748,77.00836912247651,76.18280769312143,76.3875503540039,28618000
2004-02-19,76.83003908880092,76.86966441932128,75.99126597472649,76.10354614257812,51146200
2004-02-20,76.26867190712855,76.32150401090009,75.5025484559278,75.87239837646484,46728800
2004-02-23,76.09692558420127,76.12334414573516,75.40345220070645,75.68083953857422,36357000
2004-02-24,75.46954949612419,75.94507386261958,74.6505936642871,75.5488052368164,43953000
2004-02-25,75.59495915322493,75.99122737361613,75.50249673642777,75.8657455444336,31213600
2004-02-26,75.69406081205861,76.14316633669068,75.51573675909349,75.9120101928711,29683000
2004-02-27,76.07713919378715,76.44038320295678,75.7072842434194,75.96485900878906,39312000
2004-03-01,76.2356206106819,76.83662652009768,76.11673960107515,76.7177505493164,33130800
2004-03-02,76.57245980948113,77.25272148337046,76.10354161717709,76.2686538696289,38556400
2004-03-03,76.11674945198143,76.52622965780465,75.89880006635815,76.4073486328125,31346200
2004-03-04,76.42718020538653,76.67814908075957,76.29508734558962,76.60549926757812,21060000
2004-03-05,76.22900680351314,77.23949276094378,76.1365443655015,76.863037109375,55905600
2004-03-08,76.83664992565977,77.02157991602247,75.89221250014924,75.92523193359375,39281600
2004-03-09,76.01766725736528,76.09031703935196,75.44968080119226,75.62139892578125,39746100
2004-03-10,75.76673929770676,75.79975873714164,74.34016648906214,74.35337829589844,67671800
2004-03-11,74.2344653685998,74.80905274867948,73.37587969053315,73.38909149169922,89134800
2004-03-12,73.791997437226,74.43923488502267,73.69292904126547,74.35337829589844,54012200
2004-03-15,74.14861296338107,74.20145009693951,73.24380098561808,73.44193267822266,57677200
2004-03-16,73.82499810216805,74.00992304022441,73.20417434827029,73.83160400390625,59832600
2004-03-17,74.08918647979286,74.80247277718857,74.03634933802418,74.65717315673828,41607300
2004-03-18,74.43261868993204,74.8090745114678,73.92407505126441,74.67698669433594,60014300
2004-03-19,74.50138776128532,74.60742749160491,73.59339823604755,73.60665130615234,48636200
2004-03-22,73.26199444829571,73.28187657588845,72.3076118719064,72.67213439941406,62752100
2004-03-23,73.06977282094043,73.16918848913785,72.47991292785755,72.54618835449219,54080200
2004-03-24,72.62572471344345,72.9968711621662,72.14190447293744,72.60584259033203,51584300
2004-03-25,72.95711428365935,73.76568774845313,72.76491198002053,73.56685638427734,49873600
2004-03-26,73.54032240184819,74.09041795658425,73.43428274858621,73.58671569824219,37409500
2004-03-29,73.98440550802884,74.72007456913235,73.95127031415015,74.62065887451172,44113600
2004-03-30,74.42842385699487,74.93875008104845,74.37540150588835,74.87247467041016,39059900
2004-03-31,74.8857289530118,75.15746471450358,74.48144236807855,74.95863342285156,48517600
2004-04-01,74.93874741497949,75.4689607942021,74.92549435591921,75.40930938720703,45103800
2004-04-02,76.09197781450196,76.1118599371155,75.48886485043032,75.97930908203125,50987700
2004-04-05,75.85999788547753,76.46973980150993,75.8467448249073,76.39683532714844,30251800
2004-04-06,76.10524090834761,76.33720744815251,75.96606098446468,76.1516342163086,28420900
2004-04-07,76.18476353774483,76.20465071661792,75.62804388508069,75.9726791381836,45890500
2004-04-08,76.48962177657197,76.48962177657197,75.382801675832,75.80034637451172,46929700
2004-04-12,75.93952504019924,76.27090714801318,75.93289598222584,76.09858703613281,23085200
2004-04-13,76.39020864812743,76.41671982482895,74.90561309178251,75.03153991699219,56210300
2004-04-14,74.63389301058021,75.31653947429051,74.59412876810875,75.15084838867188,62322300
2004-04-15,75.19064374932628,75.4093572864168,74.46823274416958,74.86589050292969,61602500
2004-04-16,75.14422734541104,75.58828334517139,74.87912562533411,75.44247436523438,47059200
2004-04-19,75.25690113858404,75.5485140419669,75.07132285544253,75.44247436523438,28277600
2004-04-20,75.60815571125357,75.76721773407093,74.08379573507479,74.17658233642578,53299400
2004-04-21,74.36221339867929,74.85928703117445,74.1435048433172,74.67371368408203,50177300
2004-04-22,74.54776459322383,75.99921563193121,74.52125340238769,75.72085571289062,62071500
2004-04-23,75.83346539890216,75.93288102295877,75.41592584565088,75.793701171875,29395700
2004-04-26,75.88650677406076,76.17812466271036,75.29001793659111,75.68767547607422,35515200
2004-04-27,75.70757398288063,76.29743385030956,75.52862477660986,75.75396728515625,43485500
2004-04-28,75.48225202308134,75.56178558713009,74.56100972960823,74.7730941772461,50165800
2004-04-29,74.70679557512246,75.1044531591016,73.6728848454786,74.11693572998047,69687600
2004-04-30,74.34229634465746,74.48147628960547,73.50058761383123,73.54035186767578,48681400
2004-05-03,73.81204713887102,74.4217889592819,73.79878902388987,74.3290023803711,33758000
2004-05-04,74.39530551892683,75.06469899331111,74.00427694153333,74.26937866210938,51185100
2004-05-05,74.50134718537386,74.86586456440554,74.33565608858919,74.74656677246094,34405000
2004-05-06,74.2428480968059,74.62062351214448,73.56683079543313,74.10366821289062,54997000
2004-05-07,73.71267107980105,74.38206466405498,72.8775863647461,72.8775863647461,60950000
2004-05-10,72.53291817228524,72.73837346330761,71.81713159799537,72.12863159179688,75279400
2004-05-11,72.54619340076438,72.93722704114342,72.46003584579536,72.73839569091797,48300600
2004-05-12,72.61910064680322,73.26198297289571,71.61832491062341,73.20233154296875,90830500
2004-05-13,72.74505839835828,73.44095833304507,72.65889574704447,72.89749145507812,57393700
2004-05-14,72.87092110293497,73.39450542293945,72.42024124878489,72.93057250976562,54123100
2004-05-17,72.1683991540808,72.57268575320691,71.85027514405729,72.30757904052734,55020400
2004-05-18,72.56608964359647,72.86433672696425,72.46004994427113,72.67213439941406,30193100
2004-05-19,73.23547536603395,73.68615541669998,72.34074432534908,72.42027282714844,54804100
2004-05-20,72.53958599776435,72.81795098248556,72.26785513158694,72.65225982666016,38082900
2004-05-21,72.88422775216183,73.26863245418981,72.55284543451555,72.77818298339844,47480400
2004-05-24,73.25535086648429,73.40778890863322,72.69200211822229,73.0830307006836,40961500
2004-05-25,72.83777710108194,74.21632767102464,72.63894584439234,74.13016510009766,48668000
2004-05-26,74.00427238125566,74.42181211627545,73.90485671392021,74.388671875,35977000
2004-05-27,74.58749232459031,74.91224540443442,74.2693632468419,74.80620574951172,45306900
2004-05-28,74.71342589163507,74.81283649693506,74.46820126675034,74.7995834350586,23367200
2004-06-01,74.53447371737397,74.79958045274871,74.14344520147628,74.70016479492188,41044700
2004-06-02,74.9122554585062,75.21050245701535,74.53447997225393,74.97853088378906,39774200
2004-06-03,74.76642133858111,75.01827494902304,74.2759772886776,74.28923034667969,38688300
2004-06-04,74.87911987304688,75.27677747910501,74.7001706636017,74.87911987304688,32739500
2004-06-07,75.17737248107007,76.09198561043566,75.17074342068938,76.01908111572266,31643800
2004-06-08,75.80037651553656,76.16489395101597,75.66782058368713,76.12512969970703,32846500
2004-06-09,75.89316107734047,76.01908288856102,75.3695765378691,75.41596984863281,36737600
2004-06-10,75.5816388082753,75.78709411621094,75.50873433323552,75.78709411621094,21711000
2004-06-14,75.43584274272705,75.4557248654083,74.80621859419591,75.0381851196289,34633000
2004-06-15,75.48886902711831,75.85338642701372,75.23039130585913,75.56839752197266,37445000
2004-06-16,75.55514526367188,75.68769612750283,75.3563139114341,75.55514526367188,26633400
2004-06-17,75.45572742864174,75.60153640857877,75.11109215864701,75.44247436523438,28402400
2004-06-18,75.34531143398027,75.97723862464932,75.28544737194049,75.58477783203125,31799800
2004-06-21,75.66462002985708,75.9240411782494,75.25220444974634,75.29876708984375,25284000
2004-06-22,75.25222324572984,75.75111097493105,74.94623938081358,75.67794036865234,37334000
2004-06-23,75.57152492856538,76.38969808485773,75.44513839428072,76.329833984375,35580000
2004-06-24,76.20345784058047,76.44957768433869,76.00390573681288,76.09037780761719,35272100
2004-06-25,76.10364677214098,76.45619321561806,75.61806058351864,75.7244873046875,32837900
2004-06-28,76.17680343325955,76.23667258035239,75.43845450205758,75.46505737304688,40824500
2004-06-29,75.51827357190074,75.94399055871475,75.44510298901582,75.77769470214844,28418100
2004-06-30,75.8775030511357,76.35643611826012,75.59812712029606,76.18348693847656,52230600
2004-07-01,75.99722814658814,76.0970067040022,74.88637272558401,75.12583923339844,57734700
2004-07-02,75.27219320707096,75.35866526485636,74.89968686787816,75.0859375,34615100
2004-07-06,74.74668906871634,74.79989990410517,74.25444951051843,74.42739868164062,38698200
2004-07-07,74.37418388275047,74.87972488861327,74.3342744868753,74.64691162109375,29839800
2004-07-08,74.37417406253891,74.71341910753048,73.96841167488869,74.12805938720703,45291100
2004-07-09,74.31431537069652,74.46065658013646,74.08815029930342,74.32096862792969,27412900
2004-07-12,74.18126838270105,74.5271666758927,73.8353751644572,74.35421752929688,35691300
2004-07-13,74.44734194530163,74.51385928553303,74.23448341159249,74.40743255615234,26752000
2004-07-14,74.00834555156831,74.7600013631589,73.9152202324314,74.18128967285156,54089400
2004-07-15,74.32764672732272,74.44073184601054,73.63585487012534,73.70237731933594,38403500
2004-07-16,74.21452958103254,74.28104692203834,73.46287398526611,73.64247131347656,40871200
2004-07-19,73.66907901980827,73.80876695794012,73.16353809493977,73.329833984375,39592800
2004-07-20,73.52274652657009,74.43404993550962,73.33649592035142,74.26110076904297,46679800
2004-07-21,74.38081770317268,74.54046031990413,72.80433100373928,72.89080810546875,56241100
2004-07-22,72.74446176191027,73.429599896486,72.35200089140908,73.0903549194336,72477100
2004-07-23,72.9174324519007,72.9772965435321,72.29881146363387,72.47840881347656,49610500
2004-07-26,72.63141998069297,72.79106267002497,71.97953763058376,72.33873748779297,49679100
2004-07-27,72.53825359955793,73.24334639706746,72.48503770825053,73.01718139648438,51295100
2004-07-28,72.87084649586463,73.41629670329145,72.23226593965812,73.2366943359375,65862300
2004-07-29,73.52939985610084,73.74891167433763,73.1702000830629,73.54935455322266,52200500
2004-07-30,73.38308002954574,73.76888786949596,73.23673877474049,73.72897338867188,41581700
2004-08-02,73.29656029720049,74.0748236553787,73.20343502741574,73.88191986083984,38263100
2004-08-03,73.78882379548679,73.87529584452642,73.27663460895442,73.30989074707031,40948800
2004-08-04,73.09704021063085,73.66909862855051,72.9307442769321,73.3032455444336,40763200
2004-08-05,73.36310022995224,73.42296431828474,72.01942650907715,72.10590362548828,50772000
2004-08-06,71.59371733403782,71.81322916545241,70.92188547417919,71.07487487792969,74729000
2004-08-09,71.18796880156232,71.49395781877847,71.08819529045891,71.17466735839844,37476300
2004-08-10,71.38084414630298,72.11255010121326,71.3475880142283,72.09259033203125,55870600
2004-08-11,71.62698338419015,72.05935381845721,71.24117560746268,71.94627380371094,52933200
2004-08-12,71.62697294306801,71.80657028884093,70.928528106838,71.16134643554688,50015900
2004-08-13,71.24117910192159,71.40747504056984,70.90193396609335,71.3010482788086,41634700
2004-08-16,71.2677751021408,72.26555056660044,71.24116714742807,72.03939056396484,45731900
2004-08-17,72.33872046490619,72.69126698023766,72.19237925289347,72.44515228271484,40701600
2004-08-18,72.18574136222762,73.28329561101856,72.1657866608777,73.19017028808594,43165400
2004-08-19,73.04380463306605,73.18349257078007,72.62474081992393,72.97728729248047,39881600
2004-08-20,72.91079027135937,73.5892754543353,72.84427291223611,73.489501953125,44870900
2004-08-23,73.53606391157118,73.6824000702688,73.20347204417365,73.3032455444336,33745100
2004-08-24,73.59590370630669,73.6557728616397,73.07040812037229,73.40299987792969,30453100
2004-08-25,73.38968934673845,74.01495832250374,73.10366026768364,73.9018783569336,38551400
2004-08-26,73.80875308235265,74.04156626880498,73.73558249876095,73.9018783569336,26629500
2004-08-27,73.96840870240584,74.25443783179696,73.86863522990127,74.13470458984375,24902900
2004-08-30,73.98172921465485,74.06154800776231,73.46953494245474,73.52275085449219,26726500
2004-08-31,73.60923866842403,73.94183055452763,73.23673230502239,73.9085693359375,44125300
2004-09-01,73.80212849832452,74.26110686917187,73.48949642646132,74.04824829101562,52778300
2004-09-02,73.99502671045796,74.96619421609834,73.99502671045796,74.8863754272461,42736600
2004-09-03,74.7200788844327,75.0460174443655,74.50722032438192,74.58039093017578,30480500
2004-09-07,74.8598189042092,75.25227508556102,74.71347759084007,75.07267761230469,37338800
2004-09-08,74.91298338184632,75.20566073255196,74.70677300243166,74.8863754272461,32963100
2004-09-09,74.8797340962912,75.08593943360069,74.5205342643994,74.81986999511719,34314800
2004-09-10,74.84645819755116,75.3453459092726,74.55378085763938,75.20565795898438,27900600
2004-09-13,75.37198122491111,75.65801048646551,75.17242911274879,75.4518051147461,44398100
2004-09-14,75.3652927497733,75.62471390936197,75.29212215861267,75.6047592163086,28048900
2004-09-15,75.36533730871885,75.40524671842162,74.95292146697221,75.03274536132812,38295000
2004-09-16,75.06596913057037,75.4118674486219,75.03271299514691,75.25887298583984,23911700
2004-09-17,75.44525619347768,75.71911924937736,75.27159215888612,75.57884979248047,33683000
2004-09-20,75.25823756376037,75.4719822468596,74.99773639048553,75.12464904785156,37149400
2004-09-21,75.3116653618934,75.79259211128362,75.17139590933367,75.45193481445312,40920800
2004-09-22,75.14466183145679,75.15801864017669,74.45667152072721,74.5101089477539,49042100
2004-09-23,74.54352239824777,74.61031665091225,74.1093521118164,74.1093521118164,44068700
2004-09-24,74.25627486163795,74.63033171014132,74.22955615131107,74.44998168945312,34981100
2004-09-27,74.2095285319964,74.27632276890337,73.86219544243593,73.97574615478516,39355100
2004-09-28,74.08261851260013,74.48338901660149,73.74864224325344,74.32975769042969,41662900
2004-09-29,74.28298060927276,74.71046970775832,74.14271122658893,74.70378875732422,33325700
2004-09-30,74.5101440232621,74.79736395864684,74.31643708115836,74.6504135131836,43536700
2004-10-01,74.98437267853716,75.91282653808594,74.95097300459521,75.91282653808594,62824300
2004-10-04,76.21334949008674,76.44045590142116,76.01296687592584,76.03968048095703,33082400
2004-10-05,76.04638854570295,76.25345727906178,75.8393249084171,76.07978820800781,36910600
2004-10-06,75.99294514890158,76.60078430175781,75.93283187676727,76.60078430175781,42297800
2004-10-07,76.40039362831477,76.41375553010671,75.71908442302447,75.7791976928711,39388800
2004-10-08,75.57883353200334,75.99296085962739,75.04446944310786,75.1513442993164,51872600
2004-10-11,75.33168266923484,75.49198984347201,75.23816972625706,75.4585952758789,20229100
2004-10-12,74.9442930076773,75.36510648199092,74.7706289699707,75.16471862792969,41754700
2004-10-13,75.47861248989469,75.52536894865617,74.35645238354718,74.50340270996094,54212600
2004-10-14,74.59693869826218,74.76392683063686,73.86219193502824,73.90226745605469,64082200
2004-10-15,74.1560863470242,74.63701297562142,73.85550975218759,74.31639862060547,63482200
2004-10-18,74.06921809720305,74.74385123742181,73.94230555009347,74.5969009399414,43535100
2004-10-19,74.82405667561395,74.96433122240514,73.8688841431459,73.96907806396484,55851900
2004-10-20,73.72859246875755,74.02249318895073,73.30778424344976,73.82210540771484,57118500
2004-10-21,74.00247054301042,74.35648461222821,73.61505680474136,74.30304718017578,53218300
2004-10-22,74.26965535305806,74.30973088054202,73.3812771226194,73.46810913085938,48752400
2004-10-25,73.30778854854694,73.55493281377534,73.0406065232328,73.38126373291016,43990900
2004-10-26,73.5615874885301,74.54347821859314,73.39459940780024,74.50340270996094,54337400
2004-10-27,74.39656196254305,75.54544129947232,74.2228979482252,75.39849090576172,73896000
2004-10-28,75.33168671476645,75.85268888107147,75.13797986646037,75.6255874633789,54413300
2004-10-29,75.55876556530588,75.90609851698747,75.41181524480042,75.61219787597656,48820200
2004-11-01,75.85268472869119,76.03971061445229,75.61222141954886,75.81929016113281,36720900
2004-11-02,75.92613642680448,76.52729451371366,75.62555993138568,75.84598541259766,56210000
2004-11-03,76.83457254469174,77.0549980849606,76.30688947680855,76.80117797851562,76960200
2004-11-04,76.66758243863475,77.93001217862336,76.60078821194061,77.84986114501953,55350300
2004-11-05,78.18385239638917,78.5779419768538,77.80979548210162,78.33747863769531,63287200
2004-11-08,78.13706787069964,78.30405595761285,77.96339883340976,78.2238998413086,33863800
2004-11-09,78.2038755325656,78.48441434375815,77.99013094840849,78.07028198242188,44658100
2004-11-10,78.19051488780553,78.51781526887015,77.99013220347454,78.13040161132812,45265400
2004-11-11,78.27066094720976,78.8985378220113,78.21722353316872,78.72486877441406,37863200
2004-11-12,78.79833339672656,79.48632344817544,78.60462661881165,79.34605407714844,55583700
2004-11-15,79.38692142662026,79.56780077082756,79.20604208241298,79.54100799560547,35297900
2004-11-16,79.29315776736048,79.32665641429726,78.87110241630715,78.97158813476562,40028700
2004-11-17,79.29985139464488,79.81569677736626,79.0988697534324,79.44053649902344,54494000
2004-11-18,79.40703676035396,79.58792125718652,79.20606023308768,79.54772186279297,31854300
2004-11-19,79.52094156649291,79.53434307131468,78.47584908216119,78.6634292602539,54276500
2004-11-22,78.49594101418555,79.13237956035549,78.40215093136912,79.03858947753906,37560200
2004-11-23,79.00509305500209,79.22617187551705,78.62993271316556,79.1591796875,41968800
2004-11-24,79.2328560266438,79.4472340639164,79.08547527884905,79.34674835205078,29724800
2004-11-26,79.39363718352307,79.70850601923047,79.25295208672989,79.28644561767578,15487700
2004-11-29,79.5812181872803,79.72860403635268,78.70360895475417,78.9246826171875,61460800
2004-11-30,79.05197203897106,79.21275427978566,78.81079612216153,78.97827911376953,53685200
2004-12-01,79.15919505445873,80.05690179274448,79.11899564490365,79.87602233886719,49898300
2004-12-02,79.78887608409632,80.30472643058444,79.72858467566662,79.94296264648438,60163500
2004-12-03,79.92956805505655,80.48561272187943,79.7821822290385,79.88937377929688,49067900
2004-12-06,79.86260986328125,80.1506808881708,79.61473313124903,79.86260986328125,33030500
2004-12-07,80.05017790357334,80.13727233979,79.0787784915593,79.11897277832031,52047200
2004-12-08,79.19262278853422,79.60128151969475,79.05863849783405,79.58118438720703,43895100
2004-12-09,79.14578267732495,80.03009289842223,78.87111315750558,79.86260986328125,60922800
2004-12-10,79.66828815606296,80.09704409769844,79.62139313467077,79.94296264648438,47828600
2004-12-13,80.23107335247992,80.65982950695975,79.95639872570376,80.63973236083984,38541000
2004-12-14,80.51240745936381,81.03495346849252,80.51240745936381,80.92106628417969,41500700
2004-12-15,80.86079630402573,81.13547089759632,80.5995232136993,80.98138427734375,46699200
2004-12-16,80.87420258392265,81.22256502120781,80.41864855905668,80.93449401855469,51641800
2004-12-17,80.40815114508861,80.75143198527462,80.20622516610744,80.39469146728516,70761900
2004-12-20,80.6033298408115,80.96680267512123,80.21293252225806,80.41486358642578,47187400
2004-12-21,80.50235643621274,81.09468476100874,80.40812331823516,81.03410339355469,33094200
2004-12-22,81.02735518880425,81.4985258221326,80.97351137140228,81.22928619384766,31500700
2004-12-23,81.35720025309344,81.63316723066099,81.21585056185343,81.28988647460938,25646100
2004-12-27,81.57933385808205,81.68703181598967,81.0341270683082,81.12162780761719,29944100
2004-12-28,81.20240689168467,81.6668453804678,81.17548240034577,81.56587982177734,23422900
2004-12-29,81.49856069768515,81.71395146542119,81.411054828238,81.68702697753906,22650600
2004-12-30,81.71396560331803,81.82839084512385,81.47165030577523,81.5322265625,21076900
2004-12-31,81.64662475472903,81.88893995675178,81.31007643362186,81.35719299316406,28648800
2005-01-03,81.82160863201449,81.95623101277026,80.7042711159947,80.9735107421875,55748000
2005-01-04,81.08125409844205,81.13510308434098,79.72160058408652,79.9841079711914,69167600
2005-01-05,79.9234942108472,80.26677493777883,79.42540413130315,79.43213653564453,65667300
2005-01-06,79.7215733307295,80.19947136273552,79.60041572153641,79.83599853515625,47814700
2005-01-07,80.07832096028933,80.25332755272267,79.51291702139729,79.7215805053711,55847700
2005-01-10,79.65424167490251,80.40811164459622,79.65424167490251,80.0984878540039,56563300
2005-01-11,79.85618603716705,79.92349467501204,79.41867218819482,79.54656219482422,63099700
2005-01-12,79.69464157847028,79.99080060201554,79.10231326074035,79.80906677246094,72720500
2005-01-13,79.85614982221101,79.91673116352165,79.08882040106018,79.16959381103516,55537500
2005-01-14,79.40523358432658,79.7821661645306,79.26388386675008,79.58696746826172,42032500
2005-01-18,79.45906750471515,80.51582911850964,79.39175372644573,80.41486358642578,57391700
2005-01-19,80.38789411630147,80.44847032046056,79.56671578002886,79.57344818115234,54378900
2005-01-20,79.35137450606264,79.56003285278665,78.947517487914,79.0888671875,72049300
2005-01-21,79.2840542061044,79.42540388491544,78.51672444380453,78.6042251586914,63160400
2005-01-24,78.81286945901978,78.98114358986778,78.32824427584542,78.44940185546875,58441900
2005-01-25,78.69175178372326,79.06868436006388,78.56386174447003,78.67155456542969,68245000
2005-01-26,78.96771888813727,79.15618517649435,78.7792525997802,78.90714263916016,57195100
2005-01-27,78.88016058912886,79.25709289078557,78.73881097600758,79.04170227050781,55878800
2005-01-28,79.08208640702318,79.12247567885602,78.48976348508872,79.04170227050781,60738900
2005-01-31,79.39174912495434,79.59368017741828,79.23020736417519,79.5331039428711,52532700
2005-02-01,79.59368704995812,80.15235855940303,79.49272151500826,80.03793334960938,49841200
2005-02-02,80.1388779941202,80.49561836353102,80.0311852105808,80.28022766113281,52468900
2005-02-03,80.13887234758765,80.20618610979123,79.80905648113014,80.07156372070312,48837100
2005-02-04,80.09850333023729,81.06103176894622,80.0850436564453,80.9264144897461,50024600
2005-02-07,80.93987556404748,81.1216094076442,80.74467691110576,80.81871795654297,45412000
2005-02-08,80.88602412585121,81.20911278109806,80.81871548714311,80.91294860839844,39263500
2005-02-09,81.05428171313102,81.10139826412245,80.26676001713753,80.30714416503906,55279400
2005-02-10,80.54274430781226,80.78505436740163,80.27350463176668,80.59658813476562,45858600
2005-02-11,80.5696732085844,81.47162546000388,80.4081314379273,81.28988647460938,53133000
2005-02-14,81.23601859676745,81.35044376980994,81.09466894736457,81.22928619384766,32432100
2005-02-15,81.31010848585397,81.73415768889296,81.22933500823241,81.5322265625,43852700
2005-02-16,81.39760090652909,81.75434140937608,81.2225942905833,81.58606719970703,55523000
2005-02-17,81.59951115638675,81.66681979598681,80.91968208519009,80.9264144897461,58124000
2005-02-18,80.93313787134448,81.09468476100874,80.70428748063316,81.03410339355469,47723300
2005-02-22,80.70429719321608,81.08796211553226,79.81580973441439,79.82926940917969,80697600
2005-02-23,80.05137449285156,80.48215588261428,79.84271620149379,80.40138244628906,68292600
2005-02-24,80.26004693364006,80.9869925827661,80.08504549372908,80.93314361572266,68563600
2005-02-25,80.95335135098813,81.89568791521658,80.89277510283887,81.73414611816406,60899900
2005-02-28,81.54566899438981,81.64663452987404,80.7985312212552,81.1956558227539,69381300
2005-03-01,81.3235609086285,81.79472664774467,81.29663641849022,81.59953308105469,47294400
2005-03-02,81.28316842813048,82.0706904266785,81.2091273716529,81.55913543701172,64226500
2005-03-03,81.88892993774684,82.05047167422431,81.24275272119856,81.59276580810547,61230800
2005-03-04,82.15146299642224,82.67647765641769,81.97645639798348,82.60916900634766,56168500
2005-03-07,82.56204304060734,82.95916762554467,82.38703646208772,82.64954376220703,43442400
2005-03-08,82.56880105799998,82.79092428245461,82.19186841188701,82.33995056152344,44362000
2005-03-09,82.09759613641964,82.31298685091114,81.41776710758222,81.42449951171875,73263600
2005-03-10,81.57931483564893,81.78124589197938,81.04084057763453,81.60623931884766,65149000
2005-03-11,81.65335106464161,81.92932314966153,80.87929404344285,81.03410339355469,57976500
2005-03-14,81.18220756746736,81.55241287121156,80.96008438522084,81.53894805908203,36336400
2005-03-15,81.72736149779789,81.7542859693252,80.82541481056327,80.86579895019531,62438500
2005-03-16,80.56966767033829,80.8792966511847,80.0311934267218,80.17927551269531,74874200
2005-03-17,80.30718630289297,80.5966181637988,80.0850682375684,80.3408432006836,62584200
2005-03-18,80.48745154270503,80.77126131600524,79.83874127995134,80.10227966308594,60232000
2005-03-21,80.21713365280804,80.26443526950989,79.57518240392734,79.804931640625,61244300
2005-03-22,79.987434577804,80.36584774872911,78.99409484863281,78.99409484863281,92472400
2005-03-23,79.02781828695164,79.54814115409246,78.89267230237651,79.06160736083984,70817300
2005-03-24,79.3725097270057,79.73065150797737,79.10221238960484,79.1562728881836,51932500
2005-03-28,79.34545766969956,79.69684565838992,79.27112579345703,79.27112579345703,46765500
2005-03-29,79.15622056175066,79.66978464777009,78.55481209023021,78.7440185546875,71160300
2005-03-30,78.91298617990873,79.87253659139017,78.90622733039362,79.85902404785156,62002100
2005-03-31,79.86579555533561,80.04824327722696,79.64955873600505,79.71037292480469,64575400
2005-04-01,80.16305133181243,80.4063181958034,79.00078261611887,79.35216522216797,95255300
2005-04-04,79.30489519158662,79.64276539770091,78.88593428002842,79.48734283447266,71581200
2005-04-05,79.58872756893985,79.99417090052016,79.51439569000942,79.86578369140625,46853900
2005-04-06,80.04148301876631,80.37935336524568,79.85903530008407,80.1428451538086,53268200
2005-04-07,80.01447168816735,80.58885034486111,79.95365233448578,80.57533264160156,46734600
2005-04-08,80.52798073869042,80.55501097284842,79.73736572265625,79.73736572265625,63772900
2005-04-11,79.93336136608518,80.02120579379363,79.62252128862606,79.79821014404297,44945000
2005-04-12,79.66304007682928,80.45365515448694,79.108933122126,80.21038818359375,86144800
2005-04-13,80.11579550487552,80.27797694386278,79.14948634174692,79.26436614990234,65949000
2005-04-14,79.33195991790673,79.39953295741029,78.23049926757812,78.23049926757812,96119800
2005-04-15,78.21022847894038,78.52106858746583,77.10201412489572,77.13580322265625,128677300
2005-04-18,77.115496808449,77.68311627352698,77.00737586910644,77.37227630615234,100035200
2005-04-19,77.77769963962257,78.06826814548079,77.59525204547384,77.9871826171875,64930100
2005-04-20,77.9669506206732,78.13588577511211,76.73034920835406,76.89928436279297,107735900
2005-04-21,77.56824266045601,78.52779281001311,77.29118661637096,78.39264678955078,86952200
2005-04-22,78.21018865097767,78.7237527735526,77.2168494863815,78.0953140258789,88845800
2005-04-25,78.29128788668272,78.72376135637292,78.19668463740615,78.60888671875,52284100
2005-04-26,78.35883991997127,78.90618788073816,77.8114919592044,77.84527587890625,72626000
2005-04-27,77.61553281981755,78.43317798048083,77.33172312546952,78.14936828613281,84131900
2005-04-28,77.89259002287608,78.16964604864708,77.16954803466797,77.16954803466797,72481500
2005-04-29,77.75745338003742,78.2980478022667,77.01413991609004,78.21695709228516,103993800
2005-05-02,78.43316294923245,78.66291729264226,78.06150378584383,78.65615844726562,56026400
2005-05-03,78.43318684841203,78.9602635276485,78.17640735622992,78.79132843017578,86000300
2005-05-04,78.82514239241607,79.56845602481923,78.57511651326129,79.39952087402344,81055700
2005-05-05,79.51437954988431,79.73737514141109,78.8859407090756,79.37247467041016,96906700
2005-05-06,79.69009184496598,79.7306346325725,79.10219564721237,79.12246704101562,67415400
2005-05-09,79.20356619646628,79.7914624567534,79.09545036618486,79.61576843261719,43750500
2005-05-10,79.30489257003005,79.39949581217556,78.64942356695751,78.79132843017578,74613500
2005-05-11,79.01433800970754,79.33193687416225,78.28453702187431,79.22381591796875,91647400
2005-05-12,79.27789363076907,79.46034133964532,78.35212707519531,78.35212707519531,95086800
2005-05-13,78.58863949269691,78.80487629402462,77.57502851981859,78.19670867919922,85267000
2005-05-16,78.18320235527446,78.9535463943123,78.1561772622317,78.92652130126953,49207000
2005-05-17,78.66297503477114,79.53467597515274,78.49403986476827,79.4535903930664,61071800
2005-05-18,79.79820347123075,80.46719036454131,79.744148142426,80.27122497558594,77944900
2005-05-19,80.42661703618454,80.69016052506616,80.21038032274801,80.60906982421875,61768100
2005-05-20,80.64286022374283,80.6766493073477,80.23741699793602,80.49420166015625,46345500
2005-05-23,80.55504409145324,81.11591008096826,80.54153154656383,80.94021606445312,51047900
2005-05-24,80.71042616331411,80.97396447793697,80.54824477316963,80.75096893310547,50654100
2005-05-25,80.64961472945056,81.0010026202576,80.2982319941336,80.6901626586914,47608800
2005-05-26,80.94696378352367,81.23077358660345,80.83208912353777,81.1226577758789,43256200
2005-05-27,81.12940489311012,81.25779724121094,80.95371607048806,81.25779724121094,24596100
2005-05-31,81.14291577960867,81.20372994645227,80.68341205999167,80.73747253417969,43377200
2005-06-01,80.76449936053896,81.71053705730425,80.71719773347525,81.42672729492188,69611000
2005-06-02,81.24426019198305,81.65645704032738,81.15641065168079,81.60240173339844,39704500
2005-06-03,81.46049031105497,81.69023952455471,80.9063835047149,81.19019317626953,60999400
2005-06-06,81.05507880055043,81.2240139419901,80.78478669864009,81.11589813232422,36046400
2005-06-07,81.35239838027078,81.9335356226937,81.09561884625472,81.17670440673828,66501300
2005-06-08,81.37941312016085,81.48752889871182,80.86584899444651,81.02803039550781,46881200
2005-06-09,80.91317913304266,81.48080392584362,80.71046004350008,81.4132308959961,56653300
2005-06-10,81.46726599486864,81.52808531547164,80.81855578954905,81.2239990234375,36465300
2005-06-13,81.04829291849742,81.81863644508083,80.96044338032378,81.48076629638672,49383200
2005-06-14,81.39293448265394,81.89973981605898,81.34563285775575,81.66999053955078,33857100
2005-06-15,81.87274625172422,81.92680158992309,81.24430719016702,81.825439453125,53195600
2005-06-16,81.80515761825063,82.19708841426224,81.71055434410876,82.034912109375,46564500
2005-06-17,82.46099162015524,82.70524048546571,82.24388209280143,82.3388671875,51529400
2005-06-20,82.14891824851519,82.66455027417786,82.0539331292457,82.36602783203125,41019400
2005-06-21,82.43383587135637,82.53560707435845,82.11495518422238,82.41348266601562,39879800
2005-06-22,82.55597801685407,82.7323811282047,82.14211216501195,82.4813461303711,46310100
2005-06-23,82.31172183245208,82.50169200796218,81.30080615488818,81.32115936279297,62185600
2005-06-24,81.33469968825993,81.42290379523209,80.62909271396947,80.72408294677734,58572500
2005-06-27,80.71734545253292,81.0158730535965,80.56808165200114,80.83946990966797,48183800
2005-06-28,81.00901743645703,81.57892763003431,80.98866424044299,81.51786804199219,41174200
2005-06-29,81.66716973650331,81.68752294199325,81.25330397054638,81.30079650878906,42316500
2005-06-30,81.56540176735693,81.63324751378008,80.70374474125721,80.85979461669922,62288800
2005-07-01,81.0429884766393,81.28045638236274,80.88015763021977,81.0972671508789,49737500
2005-07-05,80.90726723745186,81.85712298241727,80.86656083487962,81.74856567382812,51549000
2005-07-06,81.6807192092948,81.8571222460165,81.01582381720868,81.06331634521484,52363600
2005-07-07,80.2559634558586,81.38221740722656,80.23561024834878,81.38221740722656,103268800
2005-07-08,81.39579121229052,82.31172180175781,81.22617424474846,82.31172180175781,64491200
2005-07-11,82.3185178631797,82.84093590867771,82.30494560541109,82.73238372802734,49688300
2005-07-12,82.76633461229174,83.20055384799056,82.52887177656609,82.94952392578125,51871100
2005-07-13,82.95624675613551,83.12586368799474,82.76627662066088,83.06480407714844,41182300
2005-07-14,83.43796494685978,83.7500594861193,83.10551202730888,83.39047241210938,63638800
2005-07-15,83.30907440058319,83.47869137627221,83.01733299534607,83.3429946899414,56075900
2005-07-18,83.11229212393927,83.2004910602771,82.8069837335949,83.0105209350586,56598400
2005-07-19,83.25480262672612,83.52619084558279,83.05126534480843,83.46512603759766,59165700
2005-07-20,83.17337445814015,83.94683259919779,82.97662332918676,83.75007629394531,69477000
2005-07-21,83.8246879765806,83.86539438292824,83.09194160453585,83.26155853271484,101110900
2005-07-22,83.3701407921283,83.83149921049055,83.200523802676,83.81793212890625,52607100
2005-07-25,83.72972335617924,84.09609145536419,83.34977782439995,83.58045959472656,57301600
2005-07-26,83.60758613658273,83.81112336317169,83.41761081161538,83.68221282958984,42758800
2005-07-27,83.79079249988429,84.05539458841153,83.48548399044508,83.987548828125,43181600
2005-07-28,84.10286550174169,84.56422379981953,83.88575601889909,84.51673126220703,47880700
2005-07-29,84.4081830201225,84.55744159075049,83.79077482625308,83.95360565185547,62358100
2005-08-01,84.01464910148722,84.15712668472811,83.75682808546317,83.89252471923828,40418200
2005-08-02,84.0418065725562,84.53708515794659,83.95360244748511,84.39460754394531,45147400
2005-08-03,84.2996190808268,84.6320668334722,84.21142013559792,84.61849975585938,36837200
2005-08-04,84.28603764781846,84.34031112532423,83.83824651838883,83.94001770019531,50855600
2005-08-05,83.75683594212042,84.11642817313238,83.22763196149972,83.37010955810547,53595500
2005-08-08,83.55326876430166,83.72967175332796,83.0308459211881,83.21403503417969,47616000
2005-08-09,83.49221469661947,83.85180166840478,83.36330938254149,83.71611022949219,47170000
2005-08-10,84.00787805174123,84.46923633677717,83.32941029000006,83.67543029785156,72863700
2005-08-11,83.63473700225705,84.15037406330798,83.4583390725628,84.00789642333984,58570200
2005-08-12,83.8382532517806,83.91967123902428,83.28190994635989,83.49223327636719,54776900
2005-08-15,83.60081671253094,84.04182188936531,83.33621464169019,84.00789642333984,36208500
2005-08-16,83.75005250135774,83.80432598204746,82.8341169876635,82.91553497314453,71942100
2005-08-17,82.9019791199826,83.36333741423665,82.79342179131184,82.90876007080078,62275100
2005-08-18,82.80700008708924,83.15301495080104,82.66451728873884,82.90198516845703,53388600
2005-08-19,83.20051689423983,83.32942745193559,82.9087754895542,83.09196472167969,39842100
2005-08-22,83.16659660494572,83.60760177616342,82.69166596813463,83.09196472167969,69912000
2005-08-23,83.1123008947375,83.18693276270602,82.19637045074903,82.93589782714844,55168600
2005-08-24,82.73237851411666,83.26836878360442,82.1556766501885,82.1963882446289,79104600
2005-08-25,82.33206511515064,82.54917460046072,82.23708003884613,82.4948959350586,35631100
2005-08-26,82.42027562798188,82.42705657945884,81.8774992844929,81.93177795410156,61956800
2005-08-29,81.69432132622464,82.62381902504494,81.67396294138179,82.56275939941406,56179200
2005-08-30,82.26423154635123,82.29815701132301,81.68074874767112,82.1285400390625,74160200
2005-08-31,82.22354058879627,83.2208894014139,81.91822687554384,83.16661071777344,102945200
2005-09-01,83.12589825602467,83.55333641489139,82.18961426627394,83.10554504394531,74578700
2005-09-02,83.34973494350494,83.37008814117756,82.80017790115873,82.95622253417969,47653400
2005-09-06,83.22087347778825,83.99432645462029,83.2140873495566,83.92647552490234,57251300
2005-09-07,83.87894867150808,84.21818247614682,83.7636104202422,84.06892395019531,41749700
2005-09-08,83.899344093204,84.13002069758983,83.66187618406647,83.79078674316406,39068700
2005-09-09,84.01463823161247,84.63204101244298,83.99428503325383,84.53705596923828,43093900
2005-09-12,84.43533843884136,84.58460222335356,84.31321399481318,84.36749267578125,33017600
2005-09-13,84.21821331358541,84.41496961347605,83.80434750628079,83.89933776855469,58427500
2005-09-14,83.95362712129146,84.07575156579874,83.46512934326229,83.59403991699219,57694600
2005-09-15,83.85185184728311,83.89256344435692,83.38371247948169,83.55332946777344,73156900
2005-09-16,84.0111765909529,84.31096962368709,83.71819337377389,84.14744567871094,75424100
2005-09-19,84.12699100853865,84.18150071336787,83.56146451718149,83.86807250976562,53355300
2005-09-20,83.94303994428361,84.22239834232164,83.03684060044331,83.15948486328125,84480300
2005-09-21,82.98235052204537,83.03686025139162,82.29417948446714,82.38275909423828,94469100
2005-09-22,82.410014651387,82.89378203599816,82.0625267982169,82.67574310302734,84597200
2005-09-23,82.60756881103853,83.05045108357582,82.37591035365915,82.74384307861328,59368100
2005-09-26,83.13905702183055,83.2889561739049,82.49858591524077,82.83926391601562,70415400
2005-09-27,82.79838734875777,83.11862553342849,82.45770931371817,82.81883239746094,66150800
2005-09-28,83.07775066270601,83.2072099870146,82.58035841536346,82.90059661865234,58620500
2005-09-29,82.81882109748648,83.7113957640385,82.49858295650974,83.57512664794922,66607700
2005-09-30,83.54785431900977,83.83402252197266,82.9482578575647,83.83402252197266,47824200
2005-10-03,83.77950633186198,84.03841965762534,83.4320134275051,83.53421783447266,50994800
2005-10-04,83.66366900117448,83.82719291750067,82.55306105536462,82.59394073486328,60776300
2005-10-05,82.61440329338834,82.65528298412882,81.46972516765797,81.51060485839844,106052100
2005-10-06,81.6128391835713,81.93989242431458,80.515855361254,81.2176513671875,140941800
2005-10-07,81.5583059300574,81.79678467354691,81.16993324270793,81.49698638916016,75661400
2005-10-10,81.54468837829967,81.56512822709023,80.60441894559636,80.80882263183594,52677000
2005-10-11,81.07451254211597,81.34705585927665,80.61800547491237,80.69295501708984,75629800
2005-10-12,80.66570950546301,81.16991132167415,79.99798375935431,80.0593032836914,100510400
2005-10-13,80.03208230615246,80.4545249353986,79.63689454314809,80.01164245605469,99052900
2005-10-14,80.48176370801967,80.9518957612607,80.1002008552687,80.85650634765625,88651000
2005-10-17,80.94506190708294,81.2652947300386,80.70658324555811,81.15628051757812,68109300
2005-10-18,81.04048725739956,81.05411209062933,80.26374180495382,80.2773666381836,74996900
2005-10-19,80.05931761950659,81.62643825649819,79.80040425094549,81.61280822753906,116563800
2005-10-20,81.41520005333268,81.63323369327652,79.92303444178943,80.17513275146484,131966700
2005-10-21,80.59761352615092,80.93147655892695,80.06615660098332,80.48859405517578,96579500
2005-10-24,80.69975443063176,81.82398694932158,80.67931459550364,81.73541259765625,71308400
2005-10-25,81.57193756103516,81.92624037817234,81.04048073616265,81.57193756103516,76594500
2005-10-26,81.42887791296896,82.13067394134043,81.21084414494739,81.33348846435547,80855800
2005-10-27,81.21763018164899,81.33346464819093,80.3523103802291,80.4681396484375,66623100
2005-10-28,80.69297492406953,81.72863354677973,80.46812624206687,81.62643432617188,72322000
2005-10-31,81.96026145091292,82.64843202636716,81.85124206542969,81.85124206542969,77698900
2005-11-01,82.15789761155924,82.37593129677957,81.91260906589474,82.09657287597656,66365100
2005-11-02,81.87853459043914,82.955078125,81.85127973152628,82.955078125,74012300
2005-11-03,83.22759733480171,83.57509018706406,82.95505402319068,83.30935668945312,84897600
2005-11-04,83.39794168421426,83.43882136420135,82.81879035829346,83.20034790039062,59156000
2005-11-07,83.37751678298632,83.54785574456103,83.0232088318447,83.2821273803711,46765400
2005-11-08,83.07771854714842,83.41158145630172,82.9823291445332,83.2821273803711,42152800
2005-11-09,83.17994797461547,83.77272441220083,83.03004881162428,83.39116668701172,57666800
2005-11-10,83.35708853546713,84.16108880401995,82.95509100035753,84.03844451904297,79048100
2005-11-11,84.04524183010776,84.37910473619759,83.4183957048645,84.32460021972656,34867000
2005-11-14,84.34508159937577,84.50179060869252,84.06572307218539,84.27694702148438,45092200
2005-11-15,84.18151498012305,84.54944255424633,83.71137779337424,83.97029113769531,69592500
2005-11-16,84.05887325416374,84.18151751534255,83.79314488799842,84.14063262939453,51133000
2005-11-17,84.27009333135382,84.93100935009964,83.90216054158812,84.9241943359375,55717500
2005-11-18,85.21036956362457,85.36026869753249,84.7129826538389,85.25806427001953,72437200
2005-11-21,85.27168939200918,85.78952131616226,85.15586014004934,85.68731689453125,50021200
2005-11-22,85.55105255210894,86.20515364897597,85.45566313371167,86.05525970458984,66438800
2005-11-23,86.02118602942113,86.81156140219832,85.9939311684633,86.55264282226562,50854700
2005-11-25,86.51857408954461,86.68209804929369,86.40273963631994,86.62077331542969,15270000
2005-11-28,86.70255686854311,86.71618170219847,85.87811667654016,86.00757598876953,54498500
2005-11-29,86.29374094549769,86.51858967962704,85.91217803955078,85.91217803955078,51738900
2005-11-30,85.95987717870297,86.20516056115387,85.36709557541751,85.44886016845703,56007200
2005-12-01,85.86447905483215,86.55265005611639,85.83722938993006,86.32099151611328,65468200
2005-12-02,86.37546770840291,86.58669152960339,86.191503939829,86.42997741699219,46699400
2005-12-05,86.3277920974703,86.34823714146002,85.97348930997808,86.24603271484375,59273400
2005-12-06,86.56626766937406,87.03639969733436,86.28009424561614,86.40955352783203,57935200
2005-12-07,86.37549709133206,86.44363684941418,85.63282155290699,85.90536499023438,66816500
2005-12-08,86.00075211274503,86.40956465863218,85.49655014609536,85.8508529663086,62608600
2005-12-09,85.95983911153343,86.38227632599413,85.72817546634685,86.07566833496094,50744500
2005-12-12,86.3346017969476,86.43680621727164,85.82358489366008,86.1574478149414,48389900
2005-12-13,86.1370246644155,87.00915951665125,86.04845025541253,86.7434310913086,88630900
2005-12-14,86.66165387839655,87.27486999643011,86.62758400591349,87.08409118652344,64375000
2005-12-15,87.10454659705519,87.2135660498176,86.6548543502443,86.8320083618164,55900300
2005-12-16,87.18270516445247,87.23750384544202,86.55253601074219,86.55253601074219,46238300
2005-12-19,86.80596218204258,86.90185724557463,86.0935951201694,86.10729217529297,48733000
2005-12-20,86.2100242054351,86.7100476365158,85.949738393769,86.1894760131836,46603200
2005-12-21,86.45664550672909,86.82652878414582,86.16896025514613,86.32649993896484,51806900
2005-12-22,86.5182809744654,86.77857208251953,86.36074130727539,86.77857208251953,32247900
2005-12-23,86.84021225363786,86.89501092895227,86.5936234406123,86.8265151977539,27977300
2005-12-27,86.9635020621226,87.02515187506404,85.8812517983867,85.94290161132812,44499500
2005-12-28,86.1278534482972,86.29909540573227,85.96346263240866,86.13470458984375,30764300
2005-12-29,86.1141382995584,86.27852908091042,85.66205711847945,85.75110626220703,32788900
2005-12-30,85.48395004919637,85.66203784480493,85.1825626629549,85.28530883789062,44645600
2006-01-03,85.7511331410271,86.99092336872161,85.20315673023806,86.78543090820312,73256700
2006-01-04,86.89501599749819,87.32654383251909,86.78541864047659,87.19640350341797,51899600
2006-01-05,87.09369622312903,87.39507863789291,86.90875190694769,87.25123596191406,47307500
2006-01-06,87.68956397852243,88.07314420116961,87.23748280821232,87.97724914550781,62885900
2006-01-09,87.96356519048163,88.40194417222828,87.93617107677593,88.20330810546875,43527400
2006-01-10,87.94300573338747,88.34713418242907,87.85395658463055,88.2923355102539,44960800
2006-01-11,88.37453748445193,88.66222267043655,88.17589099417678,88.57317352294922,49598900
2006-01-12,88.41565950331272,88.55265099561707,87.9772804568703,88.22386932373047,40509200
2006-01-13,88.0662880495002,88.2923181566023,87.81284293403183,88.1416244506836,44856700
2006-01-17,87.81285972622861,87.96355346096405,87.54572273315723,87.90190887451172,52066600
2006-01-18,87.38818336741956,88.29233532698812,87.10049817793056,87.55257415771484,75067600
2006-01-19,87.76490969049352,88.20328857517272,87.54571502226541,87.88819885253906,81530400
2006-01-20,87.86765890388781,87.8882070994902,86.28538513183594,86.28538513183594,114957800
2006-01-23,86.44973200189902,86.8675625198328,86.39493335754034,86.59357452392578,67017400
2006-01-24,86.73747930985621,87.09366552798708,86.59363668457301,86.68268585205078,53008800
2006-01-25,87.01829670735926,87.11419176670657,86.196332336811,86.75801086425781,87747700
2006-01-26,87.16215617255514,87.44984140629816,86.82652339985496,87.23750305175781,71294000
2006-01-27,87.44297378797467,88.12794144643894,87.29912598091528,88.04573822021484,65771200
2006-01-30,87.97724914550781,88.23068383866173,87.91560456367749,87.97724914550781,33709600
2006-01-31,87.89506018306037,88.04574346125727,87.32653051259078,87.33338165283203,72937000
2006-02-01,87.5525618259229,87.97038727034575,87.48406610843824,87.9429931640625,63561000
2006-02-02,87.74432728899062,87.7717213859508,86.85386758707656,86.92236328125,83626900
2006-02-03,86.70320350338315,87.94299323630509,86.40181607513719,86.49085998535156,86040400
2006-02-06,86.60734205869024,86.8539309182286,86.42239780109131,86.71693420410156,45511900
2006-02-07,86.56624263444425,86.75803803910291,85.89497700875545,85.94977569580078,71208100
2006-02-08,86.203200808942,87.74438366035247,86.03195885055082,86.73062896728516,59422200
2006-02-09,86.9360912067309,87.40186940878125,86.55936214203132,86.58676147460938,62023300
2006-02-10,86.60048873307429,87.07996415570427,85.92921791550214,86.74433135986328,64508700
2006-02-13,86.71690177199474,86.84704729526845,86.27167176290584,86.58676147460938,52308700
2006-02-14,86.62102956033208,87.6964288246025,86.44978760598399,87.504638671875,90964400
2006-02-15,87.4567156629638,87.89509999686854,87.15532806649529,87.81289672851562,85471300
2006-02-16,87.90876511165798,88.50469420600726,87.79916775502143,88.47044372558594,61017900
2006-02-17,88.39508601725082,88.47043288423288,88.0731503539436,88.2306900024414,40342600
2006-02-21,88.4362124288955,88.63484853558094,87.87453369312726,88.01153564453125,46456300
2006-02-22,88.20331532124533,88.80607993809612,88.1211120698446,88.5457992553711,42326700
2006-02-23,88.5457567718998,88.79919141698748,87.86763514504669,88.41561126708984,43423200
2006-02-24,88.43620066723952,88.68963543042446,88.19645773594884,88.64169311523438,36777400
2006-02-27,88.6348117396766,89.07319062754871,88.55261896438094,88.67591857910156,35858600
2006-02-28,88.49780866662147,88.98414024402085,87.76489879574017,87.83338928222656,74394800
2006-03-01,88.08687818936875,88.69649921661403,88.01837721704777,88.61429595947266,48641600
2006-03-02,88.29232453271837,88.64851063168275,88.0936885160859,88.60741424560547,60642300
2006-03-03,88.13479706276914,89.09375816125326,88.12109478159385,88.19644165039062,73402500
2006-03-06,88.45676290426134,88.48415702417718,87.5731535990856,87.79234313964844,57478400
2006-03-07,87.57997234724134,87.71696379971256,87.26488782584637,87.65531921386719,61780800
2006-03-08,87.47036735104136,87.97724717778938,87.11418647024806,87.84025573730469,66692400
2006-03-09,87.86770830603194,88.1416913692915,87.25123596191406,87.25123596191406,56313600
2006-03-10,87.47723208301996,88.25124377121233,87.292293087041,88.08000183105469,60490800
2006-03-13,88.25124593954828,88.47044064518938,88.03890760082022,88.24440002441406,45479100
2006-03-14,88.16221245296903,89.20335601104081,88.09371149045771,89.16910552978516,69877300
2006-03-15,89.14856019076097,89.63489195591937,88.94307820019523,89.56639099121094,53398900
2006-03-16,89.73761760429963,90.05270735558017,89.62117434563321,89.7513198852539,65526400
2006-03-17,89.86751560730464,90.01880856906824,89.66121656248065,89.82625579833984,47286800
2006-03-20,89.84005093198128,90.01884701162997,89.54434851256113,89.681884765625,45538500
2006-03-21,89.65432601309381,90.0807018239492,89.02165117333539,89.11792755126953,87102700
2006-03-22,89.06296349558335,89.75065531299657,89.02170366547365,89.66126251220703,51605700
2006-03-23,89.57873551641039,89.66813881369589,89.16612670742408,89.4755859375,46704200
2006-03-24,89.39306425858456,89.79192677695175,89.22114130204756,89.54435729980469,43209200
2006-03-27,89.42054653993955,89.59246945653459,89.22112057375983,89.4136734008789,32523000
2006-03-28,89.35178063826041,89.76439986988558,88.74661905677789,88.863525390625,82079900
2006-03-29,88.99418200555753,89.74376341143483,88.91165186924675,89.42054748535156,61505700
2006-03-30,89.47555760239699,90.0738459573009,89.09045197196039,89.26237487792969,70571700
2006-03-31,89.41368312929465,89.56497615182667,88.96667720150704,89.28302001953125,62925600
2006-04-03,89.44804888127048,89.99819375080617,89.04918650551856,89.21422576904297,61624700
2006-04-04,89.21425634265756,89.90194815858906,88.9598137286331,89.78504180908203,54809300
2006-04-05,89.81940234354546,90.28015446684932,89.66123621007489,90.09447479248047,50607200
2006-04-06,89.98442267270143,90.23199199309319,89.53054383642687,89.9981689453125,57906200
2006-04-07,90.12888207945312,90.36269476384213,88.95293502403902,89.08358764648438,80180900
2006-04-10,89.22112274169922,89.45493539554765,88.89102317860954,89.22112274169922,41496500
2006-04-11,89.29676452474591,89.44117389428705,88.19645369264714,88.46465301513672,72799400
2006-04-12,88.55402271725629,88.80159203596071,88.44398957709036,88.62966918945312,43033700
2006-04-13,88.43027960795023,88.88415868132108,88.23772675743109,88.51280975341797,51051800
2006-04-17,88.59530749345852,88.92539651365924,88.03827899270082,88.47840118408203,64167700
2006-04-18,88.66403949271204,90.04630580283484,88.66403949271204,89.88125610351562,92531800
2006-04-19,89.91568642005029,90.13575279264359,89.56496744373972,90.05322265625,87269000
2006-04-20,90.08761393182196,90.67902922164244,89.81254144539777,90.17701721191406,86005500
2006-04-21,90.56213244879942,90.6308953309918,89.82629720526832,90.1907730102539,72342600
2006-04-24,90.01196954571108,90.13575951285972,89.66125054325208,90.02572631835938,52546400
2006-04-25,90.11512539806934,90.17014199916018,89.34491396948513,89.65437316894531,84359800
2006-04-26,89.74373061495965,90.1838527055217,89.60619442915994,89.67495727539062,67262400
2006-04-27,89.33115084281452,90.52086508177406,89.11796808708853,90.10824584960938,124478600
2006-04-28,89.94320700922736,90.6033957624044,89.88820089869483,90.41084289550781,55854400
2006-05-01,90.41079213409347,90.63773156266524,89.61995119574142,89.67495727539062,64990300
2006-05-02,90.09445449475656,90.40392404676349,89.90878535555912,90.34890747070312,49063500
2006-05-03,90.19071308116595,90.30762984055856,89.70933125230798,90.01191711425781,60821300
2006-05-04,90.14262174015256,90.51397060995826,90.06697523975895,90.33517456054688,42921400
2006-05-05,90.80968052246259,91.32544923747845,90.67214429712664,91.13289642333984,62588200
2006-05-08,91.1260224814399,91.30482903739757,91.02287292480469,91.02287292480469,30016700
2006-05-09,91.06410869382859,91.30480492019,90.98846220782983,91.20164489746094,29864000
2006-05-10,91.05726514178356,91.29107781326074,90.69966250147877,91.1535415649414,64378200
2006-05-11,91.12601998928679,91.15353353253205,89.75752027308775,90.05322265625,80626900
2006-05-12,89.64746177127923,89.89503112386456,88.84286399871168,88.87725067138672,91726500
2006-05-15,88.56777238297549,89.22108761940429,88.44399296554995,89.05603790283203,84029300
2006-05-16,89.23489718363676,89.39994701727308,88.71912825853711,88.9254379272461,62137600
2006-05-17,88.48527926043751,88.78099211282053,87.17866413643706,87.23368072509766,144789500
2006-05-18,87.5775319160158,87.85260962955212,86.72479572605711,86.79356384277344,87906300
2006-05-19,87.24744298684372,87.67380845912156,86.51161311887573,87.40560913085938,124309400
2006-05-22,86.84168016303761,87.4537251669042,86.30528164249563,86.738525390625,110852800
2006-05-23,87.46065418741038,87.7701134371443,86.0783920288086,86.0783920288086,92006500
2006-05-24,86.42910001386211,87.26120640815421,85.79642485820277,86.76606750488281,168405000
2006-05-25,87.28181815513179,87.83885192871094,86.94485073424508,87.83885192871094,78977900
2006-05-26,88.03139749870135,88.28585052490234,87.68755694708928,88.28585052490234,62989700
2006-05-30,88.00388822052717,88.02451812749608,86.68352170781556,86.71790313720703,72419900
2006-05-31,87.07553105769802,87.68757629394531,86.78669653594437,87.68757629394531,86926200
2006-06-01,87.59815999068118,88.67096252632437,87.52251348987714,88.52654266357422,73721700
2006-06-02,88.88414978796197,89.00792925376373,88.24460156130165,88.71222686767578,91702600
2006-06-05,88.60907379893557,88.61594693787121,87.17866865300674,87.41936492919922,86105100
2006-06-06,87.48126212155398,87.59816845348324,86.48411123705161,87.20618438720703,130498600
2006-06-07,87.27496542315411,87.78385586606706,86.50474874865118,86.55288696289062,108599400
2006-06-08,86.36031231522804,86.99298732749983,85.18436030980854,86.47721862792969,204957200
2006-06-09,86.89670310067305,87.30931697385063,86.1608733653942,86.20213317871094,94972200
2006-06-12,86.56662061282405,86.60100729303893,85.14997753204034,85.26688385009766,95815900
2006-06-13,85.09494539287012,85.85140499933162,84.27659606933594,84.27659606933594,185688800
2006-06-14,84.47602979860152,85.01930676759004,84.13218401417868,84.9299087524414,163566400
2006-06-15,85.2394017965204,86.89674165568479,85.17751204908556,86.73169708251953,134057000
2006-06-16,86.541707412078,86.72820250598616,85.96839928621205,86.09963989257812,94253500
2006-06-19,86.61768909631029,86.67294885424577,85.3398374957503,85.42272186279297,95804400
2006-06-20,85.65758272501853,86.21016455624405,85.45727003262114,85.71283721923828,65494700
2006-06-21,85.65069506462221,86.82493635675672,85.62306517576626,86.34833526611328,75008200
2006-06-22,86.3068788170424,86.3828596860243,85.67831603802895,85.96842193603516,74566100
2006-06-23,85.8786318602079,86.54864212731874,85.67141034279929,85.9546127319336,54107000
2006-06-26,86.0236761987083,86.38285415373257,85.82336349057228,86.33450317382812,37899600
2006-06-27,86.34829650511911,86.54170037043103,85.49178614465193,85.58849334716797,69780200
2006-06-28,85.78190105332655,86.18252110518449,85.40890560929853,86.16870880126953,62368100
2006-06-29,86.47954933376057,87.9646225570592,86.45882823969194,87.90936279296875,110634800
2006-06-30,88.09582840491396,88.1787180183303,87.69520317819021,87.9162368774414,54227800
2006-07-03,88.01986399804726,88.42048402965303,87.93697436916672,88.27543640136719,23914000
2006-07-05,87.92318670285132,88.03370096913244,87.39132065742247,87.77122497558594,69653400
2006-07-06,87.86103036511393,88.31000682087482,87.77814597134177,88.02680969238281,50100300
2006-07-07,87.85410130512072,88.10966847143763,87.23244218324318,87.45347595214844,81626500
2006-07-10,87.68140834704228,88.01986511367254,87.31532170376832,87.6192398071289,60964100
2006-07-11,87.45350104111425,88.00608825683594,86.99071227811812,88.00608825683594,73640800
2006-07-12,87.82649196654964,87.99917480357792,86.83874592795347,87.06668853759766,82561300
2006-07-13,86.652215655526,86.8110861295901,85.6506576538086,85.6506576538086,102405700
2006-07-14,85.74047646874115,85.8302749126487,84.84252891869767,85.31912994384766,103242500
2006-07-17,85.31913318312202,85.71975862689698,85.06356595888022,85.1948013305664,81159000
2006-07-18,85.4503674949766,85.68521887456822,84.53860240039465,85.62995910644531,122771000
2006-07-19,85.77498019554652,87.21170201409188,85.45724455161314,86.81798553466797,133565300
2006-07-20,87.11501229886915,87.2393441134719,86.10654547814018,86.22396850585938,112259800
2006-07-21,86.44504610217844,86.47267599386625,85.52637196554464,85.61616516113281,101560000
2006-07-24,85.95463075215527,87.25320409322134,85.95463075215527,87.1772232055664,92884000
2006-07-25,87.01832439410764,87.93008942493478,86.8387327951968,87.48802185058594,95480700
2006-07-26,87.43967418217153,88.0337035315752,87.1564770848205,87.60545349121094,84525800
2006-07-27,87.98535648359002,88.19948678320566,87.17029328889484,87.52256774902344,87257100
2006-07-28,87.75049883994066,88.5103021627656,87.62616700385213,88.39978790283203,82137000
2006-07-31,88.17873172003816,88.38594788098884,88.03367355655483,88.30996704101562,49593100
2006-08-01,87.95769362242662,87.98532349814325,87.44655409631905,87.87480926513672,65225600
2006-08-02,88.12349119805235,88.73133805047254,88.10277010442185,88.46885681152344,64770900
2006-08-03,87.95774408877611,88.79353381662898,87.82650869114991,88.7037353515625,63693800
2006-08-04,89.15958941551922,89.40133902484952,88.05442048931478,88.55174255371094,96294200
2006-08-07,88.34453582763672,88.46886767454737,87.99917017175844,88.34453582763672,45377300
2006-08-08,88.47578053937846,88.73135831873789,87.6883471823855,88.00608825683594,90901300
2006-08-09,88.53791542808072,88.82803179154055,87.45347298265659,87.70904541015625,78910600
2006-08-10,87.43276860489706,88.0682401316686,87.22554710840733,87.97844696044922,69322300
2006-08-11,87.840281091906,87.86100218370275,87.30151162574812,87.72976684570312,47482200
2006-08-14,88.15801362897717,88.52410556039113,87.66759515124876,87.79883575439453,57839000
2006-08-15,88.5862584485028,89.01450833300949,88.3445036314652,88.84873962402344,68143000
2006-08-16,89.32538934350299,89.71910075924367,89.13197485574345,89.58786010742188,71737600
2006-08-17,89.50496129830958,90.05063437673283,89.4427980121075,89.81578826904297,70992800
2006-08-18,89.92628665991013,90.27165222167969,89.51184376989848,90.27165222167969,58288400
2006-08-21,89.9193700423625,89.9884473686373,89.65689938990272,89.88484191894531,42133600
2006-08-22,89.78816467450217,90.15425141703481,89.57402912005881,89.8779525756836,60839900
2006-08-23,89.91938594048173,90.0989828046616,89.23556877217247,89.62928009033203,66592100
2006-08-24,89.78817087528292,89.86415174443636,89.38063137361053,89.55331420898438,57983000
2006-08-25,89.54640293565036,89.96774943906523,89.4842396498325,89.66382598876953,41756000
2006-08-28,89.55330200344548,90.36146683780436,89.54639848527201,90.09207153320312,52681500
2006-08-29,90.13353830670593,90.36838443786813,89.66383550465747,90.1957015991211,61817800
2006-08-30,90.3959937025904,90.51341674822949,90.17496518718808,90.25094604492188,50052200
2006-08-31,90.38219505166892,90.47889701232691,90.19569464907022,90.23713684082031,37510300
2006-09-01,90.58246743039936,90.88639077189302,90.37524601213376,90.77587127685547,48794500
2006-09-05,90.83806597696861,91.07292262013057,90.62394096855509,90.9485855102539,52348300
2006-09-06,90.56178953075788,90.59632820689323,90.02301991016378,90.14734649658203,53795600
2006-09-07,89.8364621730675,90.18874168927174,89.34604911990262,89.73285675048828,86269400
2006-09-08,89.85029736351512,90.11277853848186,89.6776145988727,89.98844146728516,45096300
2006-09-11,89.69837323869059,90.27168152207902,89.43589195383895,90.07827758789062,68496600
2006-09-12,90.18185751056124,91.06599254186314,90.05061690533782,90.96238708496094,69875600
2006-09-13,90.92787339738979,91.48736409779615,90.84498900909962,91.32849884033203,62898400
2006-09-14,91.14886026980166,91.34226409150034,91.00380213366874,91.3353500366211,57805400
2006-09-15,91.79257170156635,91.84807449008458,91.35549385828172,91.54975891113281,76703100
2006-09-18,91.43183627969955,91.84810202534197,91.33470901719335,91.6746597290039,64154100
2006-09-19,91.66076832216703,91.66771278812087,90.93231925019236,91.4457015991211,92089100
2006-09-20,91.75095930240926,92.1117221821041,91.61914148563177,91.93133544921875,75204100
2006-09-21,92.00073586366274,92.09786313014972,91.17514880548438,91.48734283447266,88932500
2006-09-22,91.3485905919439,91.3555244730544,90.88376649166703,91.2098388671875,65966800
2006-09-25,91.390188077718,92.1672165619609,90.91843023556598,91.91051483154297,92299100
2006-09-26,91.9243960881391,92.68754625235752,91.85501495100097,92.67366790771484,73962700
2006-09-27,92.61124095257168,92.94424715640767,92.45861090371427,92.78468322753906,82432200
2006-09-28,92.78467531045962,92.95811757062762,92.4655368938773,92.74998474121094,58597500
2006-09-29,92.82629794055853,92.92342518090676,92.60428677057672,92.67366790771484,47966600
2006-10-02,92.64594066984368,92.84713967985867,92.23661935440434,92.32681274414062,51687400
2006-10-03,92.19494675890431,92.8748373025072,92.02843841541922,92.5210189819336,73108100
2006-10-04,92.43085342752975,93.65882768798468,92.3267922978625,93.60332489013672,80890500
2006-10-05,93.60332288605778,93.94327354581947,93.4853834129346,93.78369903564453,60505900
2006-10-06,93.62410127207683,93.7281729479765,93.24252629925579,93.66572570800781,64983600
2006-10-09,93.5547622709633,93.86695623173435,93.40906611002973,93.72126007080078,41176800
2006-10-10,93.72818329818023,93.97099606328167,93.54779660779663,93.84612274169922,56403700
2006-10-11,93.54783255780866,93.95715382839373,93.17320186301905,93.73515319824219,104071800
2006-10-12,93.97101490549372,94.62315950071537,93.93632433607385,94.54684448242188,59158600
2006-10-13,94.46357772740832,94.84515274674341,94.3803182593248,94.7896499633789,53944000
2006-10-16,94.7133859907172,95.08108286580644,94.64400482761087,94.93538665771484,42273000
2006-10-17,94.67864836853245,94.8382122611034,94.12363109767718,94.63702392578125,90500600
2006-10-18,95.07410343186584,95.30304848262112,94.42196943447007,94.76190948486328,86848600
2006-10-19,94.62314620581564,94.9630968006452,94.51214063369896,94.9145278930664,64063200
2006-10-20,94.93538665771484,95.01170170270012,94.5815681324627,94.93538665771484,48094500
2006-10-23,94.74109653944068,95.60137394305507,94.62315707529662,95.37242889404297,66219900
2006-10-24,95.24062515741836,95.69157085672015,95.1990007034615,95.65689086914062,53234900
2006-10-25,95.55973358539902,96.0245574853102,95.40015911394075,95.9829330444336,78105400
2006-10-26,96.19800111703178,96.43388000949085,95.72623274604001,96.28125,66843700
2006-10-27,96.16335547048304,96.26048274133747,95.48346457450208,95.67771911621094,80238000
2006-10-30,95.50421528190687,95.8788457749889,95.32382861932476,95.6082763671875,49717800
2006-10-31,95.78867879193425,95.92048599295487,95.21978320259618,95.59441375732422,71274100
2006-11-01,95.89276035416744,95.95519702893144,94.85210676379756,94.94923400878906,83005600
2006-11-02,94.70641716961335,95.0533017237874,94.60235603779172,94.89373779296875,60693100
2006-11-03,95.23366997124243,95.31691886053154,94.08894481314492,94.72721099853516,71346400
2006-11-06,95.01859832753055,95.93436782017247,95.01165386306904,95.79561614990234,63303300
2006-11-07,95.878882222133,96.42002124344297,95.7401305269902,96.163330078125,63318900
2006-11-08,95.7401275933954,96.46858720316894,94.94923131063211,96.3714599609375,87517800
2006-11-09,96.44083509448767,96.53102846158532,95.67075099947368,95.86500549316406,95916300
2006-11-10,95.83727320612752,95.97602492361533,95.54589142357987,95.90665435791016,48991500
2006-11-13,95.86504115254763,96.46168320112562,95.7887366887136,96.1425552368164,59398200
2006-11-14,96.41304532458527,96.94725023333388,95.82333764476539,96.8639907836914,96704000
2006-11-15,96.8293617972925,97.43987142838029,96.80160510410681,97.14155578613281,76509600
2006-11-16,97.4329132006245,97.59941097382564,96.77383481419712,97.39128875732422,76728800
2006-11-17,97.07911667223732,97.42600126365286,96.94036495288663,97.4190673828125,56353800
2006-11-20,97.33585759986761,97.64111785680797,97.08610017019657,97.474609375,69174200
2006-11-21,97.46763990297175,97.59251327917127,97.32887759242384,97.57170104980469,51367900
2006-11-22,97.64799833151659,97.93244619591141,97.4745560609455,97.76593780517578,45505300
2006-11-24,97.29422174888799,97.71047702561053,97.2664650454581,97.37053680419922,30998000
2006-11-27,97.3219047754852,97.37047368196146,96.00374804126268,96.031494140625,84545100
2006-11-28,95.90666053928304,96.54492694972645,95.81646715336795,96.44779968261719,106652900
2006-11-29,96.75995875459282,97.49535216645059,96.48938928068148,97.45372772216797,90034900
2006-11-30,97.43292465583387,97.85612418926591,96.96115620879186,97.495361328125,83994300
2006-12-01,97.49540891340628,97.58560231923168,96.41313038782346,97.28034210205078,126080000
2006-12-04,97.30114389085209,98.20304609404377,97.28726554081177,98.02265930175781,87813200
2006-12-05,98.20993712267503,98.4874510719928,98.00180430720539,98.44581604003906,73374400
2006-12-06,98.42497785107719,98.56374008216582,98.1682867784927,98.36254119873047,53253200
2006-12-07,98.53600972141417,98.72333031456138,97.89774351499291,97.93243408203125,62857400
2006-12-08,97.91164272175129,98.44583734088219,97.6688192868176,98.11283111572266,79625500
2006-12-11,98.11282233826523,98.57764635302844,98.05731954135791,98.39727020263672,39779400
2006-12-12,98.30014114394324,98.42501449512756,97.74512377116918,98.32095336914062,77451600
2006-12-13,98.67478325742759,98.75109828738385,98.20995919717663,98.4250259399414,55520200
2006-12-14,98.418083456974,99.37548818799979,98.40420511108309,99.29222869873047,64755200
2006-12-15,99.51060783538382,99.68501650101265,99.23155822840175,99.30131530761719,70857400
2006-12-18,99.44082240383098,99.67802623709339,98.88969580240862,99.02922058105469,48954600
2006-12-19,98.7501764431334,99.45478353325247,98.49902756976421,99.21759033203125,65023600
2006-12-20,99.2594344551122,99.52453896791627,99.07107016206416,99.1617660522461,41469600
2006-12-21,99.25244946172036,99.36406287591974,98.58969890810666,98.79898071289062,48698400
2006-12-22,98.8129490206099,98.81992153330916,98.13624271176852,98.19205474853516,62069100
2006-12-26,98.2339213100684,98.79203109060077,98.21299312474106,98.77110290527344,32696900
2006-12-27,98.97339050130866,99.48267128587777,98.94548980868804,99.41987609863281,39727100
2006-12-28,99.35011893030139,99.55242822547311,99.05711375536839,99.2105941772461,37288800
2006-12-29,99.10594155331538,99.44080308602592,98.66642847315666,98.79898071289062,45461200
2007-01-03,99.23850979252278,99.66406727261992,98.06648891655172,98.62458801269531,94807600
2007-01-04,98.52694710546743,99.09901267725476,98.09441699171859,98.83390808105469,69620600
2007-01-05,98.59670004355578,98.64552893049552,97.9339492975387,98.04556274414062,76645300
2007-01-08,98.24091728021774,98.65251917207743,97.8432604170224,98.49903869628906,71655000
2007-01-09,98.58275448910882,98.78507450664277,97.94790437831804,98.41532897949219,75680100
2007-01-10,98.07345618371582,98.76411814907948,97.87811938150217,98.74317932128906,72428000
2007-01-11,98.77110613563967,99.49664142251976,98.7152940912552,99.17573547363281,54476800
2007-01-12,99.16876929820974,99.92919921875,99.14086859376884,99.92919921875,55370600
2007-01-16,99.81057353418237,100.06869489408167,99.57336971272755,99.73383331298828,44871300
2007-01-17,99.65706110367739,100.08261844005605,99.57333775148443,99.7756576538086,50241400
2007-01-18,99.88031660994348,99.94310115165761,99.28035059509939,99.44080352783203,68177300
2007-01-19,99.44080674139849,99.8314909631543,99.38500535477569,99.63615417480469,56973000
2007-01-22,99.81054724030109,99.83147541829005,99.01523389650116,99.32917785644531,60253600
2007-01-23,99.24549425556823,99.8175597365729,99.1059694647322,99.62222290039062,54064400
2007-01-24,99.74080542281779,100.44541243634735,99.69894905598245,100.42448425292969,55834700
2007-01-25,100.36171060833614,100.40356697971974,99.07108238369445,99.24549102783203,73583800
2007-01-26,99.46174600932135,99.51754739619193,98.77108408991083,99.15478515625,67255600
2007-01-29,99.19669035431257,99.62224799283867,98.88275683459439,99.0990219116211,66114600
2007-01-30,99.30830692737759,99.66409680334928,99.10598689677836,99.6152572631836,70407600
2007-01-31,99.50362580366756,100.55007769734962,99.34316218219372,100.28497314453125,91868600
2007-02-01,100.56399407702747,100.91979443235992,100.3965686345709,100.8849105834961,69312400
2007-02-02,100.96867067169703,101.12215116265457,100.72450490521811,101.02448272705078,49607000
2007-02-05,100.94770897371906,101.11514508420278,100.69656013052226,101.05236053466797,45705300
2007-02-06,101.13610380172518,101.17796018071871,100.68961801735946,101.08029174804688,57081300
2007-02-07,101.24069450267324,101.40813058060836,100.8570041222871,101.3034896850586,55669700
2007-02-08,101.00353097504866,101.24072417117438,100.64774118086008,101.17096710205078,70641000
2007-02-09,101.19886590363504,101.38723021234907,100.03381748503054,100.41751861572266,79084400
2007-02-12,100.41750542164154,100.48726248029195,99.89427957900693,100.0756607055664,65657000
2007-02-13,100.2989131665168,101.08723289810841,100.29193000881071,100.91980743408203,64081800
2007-02-14,101.01747544918501,101.78486699483143,101.00351977888383,101.58255767822266,66039400
2007-02-15,101.62439964349991,101.81973641980684,101.4569635587843,101.71509552001953,38715200
2007-02-16,101.46395047019767,101.68718794635691,101.31744256001792,101.666259765625,39841800
2007-02-20,101.54769147057178,101.99417719227709,101.15701779471203,101.88255310058594,56911800
2007-02-21,101.58256162062469,101.90347817966213,101.40118047989961,101.84068298339844,63971600
2007-02-22,101.8895110077084,102.14763234134585,101.27558930061754,101.76393127441406,79067400
2007-02-23,101.67327104868747,101.70814426285018,101.17794579587765,101.3663101196289,71966200
2007-02-26,101.73605326040325,101.81976600455667,100.98260662784541,101.2756118774414,69192800
2007-02-27,100.37566540816191,100.59890293528737,96.97120529776406,97.32002258300781,274466500
2007-02-28,97.94090899937234,99.05014532187184,97.52930719090642,98.317626953125,177536300
2007-03-01,97.20835870265195,98.54084274161714,96.30841515895953,98.02458953857422,212828600
2007-03-02,97.70373655455498,98.12929412423159,96.73402480005389,96.74099731445312,162574000
2007-03-05,96.224709840986,97.37581301384243,95.80613557862979,95.8200912475586,143750400
2007-03-06,96.81773399148582,97.75256184948127,96.07824298008467,97.45955657958984,143333300
2007-03-07,97.38278273348756,97.9897318963382,97.25023049510574,97.36185455322266,115144900
2007-03-08,98.04556892421574,98.4781096454023,97.71769043251521,98.18510437011719,117891600
2007-03-09,98.58274292028388,98.65948315153939,97.72465534901524,98.21299743652344,107765100
2007-03-12,97.96188586643272,98.60370866089761,97.78050463486542,98.35954284667969,80366900
2007-03-13,97.7943892395107,98.2060016432506,96.30145198584974,96.44795989990234,190605200
2007-03-14,96.5735559935617,97.22236173000378,95.40153493362186,97.16654968261719,231853800
2007-03-15,96.95027026381031,97.6618604560582,96.831673672612,97.29908752441406,132435900
2007-03-16,97.5729696343965,97.79710333245107,96.73948981159087,97.02665710449219,121531600
2007-03-19,97.53793267122606,98.2873675876711,97.46088806007079,98.1963119506836,96161200
2007-03-20,98.1122615683825,98.79165200415687,98.02821679275044,98.7356185913086,82147400
2007-03-21,98.82664920578024,100.61266435952774,98.63053765409597,100.36051940917969,152368700
2007-03-22,100.49360800795786,100.6336861757716,100.01032924481315,100.28348541259766,118942200
2007-03-23,100.35352791585353,100.72473986271754,100.26247229924498,100.43057250976562,74416800
2007-03-26,100.50763085983597,100.61268682624072,99.5200620265098,100.2975082397461,113787500
2007-03-27,100.24141136866514,100.26943340015342,99.73012151037739,100.05931091308594,99864600
2007-03-28,99.55510138957625,99.78623524275247,98.93874444777299,99.33097839355469,152907900
2007-03-29,99.83523560766938,99.8842688477202,98.88969989559084,99.4360122680664,139432700
2007-03-30,99.62510091910781,100.04533535490651,98.4484209868611,99.45700073242188,128194100
2007-04-02,99.56909942626953,99.77922205513255,99.09282075502799,99.56909942626953,79416400
2007-04-03,100.1364340921268,100.84383597716324,100.09441169917363,100.6407241821289,82417800
2007-04-04,100.64072551751497,100.82282611848898,100.26951345846037,100.75279235839844,63995200
2007-04-05,100.62665266800758,101.16596465704718,100.58463030031436,101.02588653564453,46822800
2007-04-09,101.31307870505238,101.41814534864707,100.9628779342955,101.16600036621094,50967400
2007-04-10,101.08893789650783,101.45314962614013,101.04691552141131,101.28504943847656,56620000
2007-04-11,101.43214950460603,101.46016086196718,100.53562575986918,100.871826171875,106365700
2007-04-12,100.67572310110913,101.50219180396402,100.39555606747052,101.3200912475586,115534400
2007-04-13,101.48815539047952,101.78233337402344,101.10994334878673,101.78233337402344,84287000
2007-04-16,102.13954029333138,102.8609529004707,102.13254012655592,102.74888610839844,83064600
2007-04-17,102.93803468698333,103.23920227633546,102.71390102183454,103.02207946777344,108424100
2007-04-18,102.67887219443554,103.44930749224157,102.6578610027768,103.14813995361328,88345300
2007-04-19,102.64384926351684,103.23918416849578,102.5107712590864,103.1201171875,102947700
2007-04-20,103.81350975542951,104.09366607666016,102.98703043942551,104.09366607666016,124114100
2007-04-23,103.91859987422035,104.17074492114881,103.63844346086967,103.70147705078125,77270800
2007-04-24,103.82047565731051,103.93954258889983,103.18311863377659,103.7434310913086,114471000
2007-04-25,104.17068290893332,104.82206167877064,103.67340396817086,104.69598388671875,108418800
2007-04-26,104.70304548296355,104.92016828237728,104.42988926962354,104.81510162353516,88741600
2007-04-27,104.42286256839823,104.8781299797374,104.24776218417838,104.73104095458984,108191100
2007-04-30,104.80807216890993,104.8781165885661,103.80650322895,103.8625259399414,100874100
2007-05-01,103.95356939737376,104.68899296869137,103.42826837318641,104.12866973876953,134342700
2007-05-02,104.28981095740824,105.0252348946896,104.18475497520319,104.73806762695312,87129800
2007-05-03,105.03921814459525,105.34038567212961,104.87111793023797,105.30537414550781,86569700
2007-05-04,105.58553811648991,105.84468328099217,105.21432613431317,105.70460510253906,96409000
2007-05-07,105.67660915353518,105.90073213429005,105.62757590592165,105.72563171386719,63461400
2007-05-08,105.46646616165025,105.70460012252946,105.1512876031596,105.58553314208984,80584000
2007-05-09,105.50848414140768,107.03536500654768,105.31937273929348,105.87269592285156,102070100
2007-05-10,105.57156347097056,105.77468598390877,104.5489827973436,104.76610565185547,153617800
2007-05-11,104.88512864577186,105.71159731756075,104.8641174549487,105.6625747680664,113408900
2007-05-14,105.66256840375988,105.97074676697619,104.91313368527672,105.43143463134766,108027500
2007-05-15,105.55057104757098,106.22296161764501,105.19336990279494,105.45952606201172,180673300
2007-05-16,105.62050878157028,106.2018430913285,105.32634154421216,106.18083190917969,114166500
2007-05-17,106.02682047088561,106.43305476888041,105.837709005704,105.97078704833984,101132800
2007-05-18,106.46804876430939,106.89529418945312,106.32797057466638,106.89529418945312,99182000
2007-05-21,106.86726307294948,107.32251977695924,106.81122966999341,106.83924102783203,174664600
2007-05-22,106.95133011341942,107.2735195757144,106.72720714218553,106.75521850585938,82148800
2007-05-23,107.12638878312485,107.51161167903933,106.71315453445155,106.7691879272461,133786600
2007-05-24,106.8322261196603,107.30850463543145,105.57851229924971,105.8026351928711,187593000
2007-05-25,106.11083374006002,106.47504553477435,105.88670011645752,106.24391174316406,83309200
2007-05-29,106.4190658312557,106.8112891832088,106.07586505465433,106.62918853759766,82020000
2007-05-30,106.08283887541118,107.53966490622946,105.99878340985089,107.49764251708984,129013600
2007-05-31,107.63070847909043,107.78479768018815,107.2454854763461,107.38557434082031,114866700
2007-06-01,107.77779139862211,108.1419925012136,107.51863556386829,107.9178695678711,107771700
2007-06-04,107.53966611770319,108.13501180330402,107.49764372809018,107.93190002441406,78008800
2007-06-05,107.67973906086524,107.79179518748651,107.0633822716901,107.504638671875,126917900
2007-06-06,107.06339643870058,107.12643002213079,106.28595018121823,106.34898376464844,164096800
2007-06-07,106.15285235481899,106.81123149168319,104.40184855987337,104.42987060546875,232414600
2007-06-08,104.7660550739503,105.89370188868759,104.42285449997688,105.78863525390625,175886000
2007-06-11,105.7116311331554,106.42604391151059,105.55054172288796,105.97078704833984,102015600
2007-06-12,105.52951429199398,106.13886030161068,104.74506787158802,104.81510162353516,233898000
2007-06-13,105.41037681544078,106.51001178985209,104.86406475403702,106.3839340209961,193208200
2007-06-14,106.503061613211,107.24548557155192,106.48205042097719,107.06338500976562,146396500
2007-06-15,107.72178785739555,108.08756943076784,107.57406486686406,107.67255401611328,154030800
2007-06-18,107.89061641902195,107.8976467584991,107.38415290975645,107.54593658447266,88537500
2007-06-19,107.30679932125943,107.89063962371452,107.17314770904929,107.81326293945312,110851700
2007-06-20,108.0313273811669,108.0313273811669,106.18836900854427,106.31497955322266,177119700
2007-06-21,106.272771479166,106.99729374266478,105.68893117038972,106.90584564208984,205262000
2007-06-22,106.58222840465587,106.75808344920331,105.40751799507969,105.89990997314453,204964700
2007-06-25,105.68186037883754,106.39231095493051,104.82368683015363,105.3934555053711,232014400
2007-06-26,105.66073375973733,105.83658877777385,104.3031274391593,104.3101577758789,198445700
2007-06-27,104.19769189543425,105.9140397941256,104.14844730379907,105.79444885253906,213638000
2007-06-28,105.78035736083984,106.50487947426946,105.28092418167486,105.78035736083984,157705000
2007-06-29,106.1461220199861,106.67368726011196,104.91513645969242,105.81551361083984,199701800
2007-07-02,106.1250786636288,106.86367255287956,106.0547430329157,106.77222442626953,103357000
2007-07-03,107.04647729538077,107.27157690383797,106.91283647786692,107.15902709960938,54048400
2007-07-05,107.20123921079887,107.31378902407539,106.65961335941996,107.0464859008789,89279000
2007-07-06,107.18719191842284,107.74288924918552,106.87064418738827,107.60923767089844,81109000
2007-07-09,107.7358604238931,107.87654234336185,107.3560074346508,107.69365692138672,72348100
2007-07-10,107.12389990564913,107.34899961068538,106.05470850676093,106.16021728515625,180362600
2007-07-11,106.04061957216963,106.95506818944399,105.87883589424463,106.9128646850586,175607600
2007-07-12,107.18015448771955,108.85429834278223,107.15905273604588,108.60106658935547,133882500
2007-07-13,108.72769524832685,109.35373896847702,108.60107399630616,108.92465209960938,111794300
2007-07-16,109.02312570054943,109.40296797311524,108.73472077631186,108.91057586669922,98378700
2007-07-17,108.98093488110118,109.36781830975698,108.80507975292538,108.85432434082031,126201300
2007-07-18,108.48850102238418,108.88945571271249,107.83432534870043,108.6573257446289,237887400
2007-07-19,109.17085172753032,109.40298176410435,108.85431467160001,109.07941436767578,145212700
2007-07-20,108.95279829352047,109.02314463523004,107.50375381439957,107.97504425048828,245502500
2007-07-23,108.4533610892546,108.8332141473414,107.83435838473571,108.30564880371094,121183900
2007-07-24,107.70772500165127,108.52369521732273,106.04765247781835,106.42750549316406,256732400
2007-07-25,106.93393554178148,107.1941975658582,105.68887885542074,106.6455307006836,265214500
2007-07-26,105.64669044990163,106.07577723736075,102.97369131818938,104.12026977539062,467592500
2007-07-27,104.25395683840264,104.71820621021759,102.03114548643526,102.07334899902344,422987600
2007-07-30,102.65010656701114,103.97254000258296,102.19991805986722,103.67007446289062,283017500
2007-07-31,104.3383228390193,105.13319112471412,102.02406429748585,102.50239562988281,316976700
2007-08-01,102.1225481010997,103.40980846371961,101.2573441874291,103.00182342529297,467670000
2007-08-02,103.23400105933233,103.93742164343792,102.17887018317393,103.82488250732422,294758400
2007-08-03,103.59977107867967,103.81079937676914,100.72981413136011,101.15187072753906,359398200
2007-08-06,101.44022090779687,103.28317819988119,100.2584695169395,102.84706115722656,324980000
2007-08-07,102.65716696959224,104.80963151011616,102.15773380147057,103.94442749023438,232568700
2007-08-08,104.39460005581167,105.92805102203441,103.64193524944913,105.3934555053711,274930600
2007-08-09,103.7052439108122,104.77444571269857,102.19992498184412,102.27027130126953,357622100
2007-08-10,101.56684678507548,103.05106390270058,100.67350008583948,101.79194641113281,411018400
2007-08-13,103.05106921846273,103.32540269353318,102.01001022759819,102.15772247314453,181917200
2007-08-14,102.4883248685809,102.74155657948963,100.39213559865593,100.59612274169922,264134500
2007-08-15,100.39213979501152,101.61609490445468,98.91495296407464,99.21038818359375,323834000
2007-08-16,98.3311068328181,100.54688694332671,96.3685691616128,99.95601654052734,546743700
2007-08-17,102.34764367128282,102.56570222568777,99.45658609082223,101.79194641113281,388218100
2007-08-20,102.11554880854236,102.32657709717562,100.79311488422888,101.74273681640625,187320400
2007-08-21,101.71457417928887,102.67825650356674,101.39099613609626,101.94669342041016,157066400
2007-08-22,102.70635154104366,103.26205935823268,102.22803108743352,103.15653991699219,173156700
2007-08-23,103.64190811551292,103.85996661478238,102.42499442818901,103.06510925292969,203915300
2007-08-24,103.03700129722509,104.33833312988281,102.89631938558848,104.33833312988281,128901900
2007-08-27,104.0007148316629,104.3383536326059,103.21287665167061,103.36763000488281,113024300
2007-08-28,102.81195183001898,102.87525710454182,100.91271846091202,101.0956039428711,219790700
2007-08-29,101.55279509286848,103.21990866369153,101.26440089933094,103.07921600341797,207654200
2007-08-30,102.3124633657527,103.53641834691992,102.2139849695673,102.80485534667969,191817300
2007-08-31,103.86002119604686,104.45793284912688,103.28322203033997,103.81781768798828,185477500
2007-09-04,103.71934980873948,105.49900280186695,103.68417663733146,104.86592864990234,120062000
2007-09-05,104.24690868403643,104.35945853219097,103.40280628956597,103.95850372314453,166261800
2007-09-06,104.07102586592524,104.53528581596105,103.48718575906348,104.19764709472656,127878400
2007-09-07,103.03699797368378,103.3254028599083,102.1788243870372,102.74860382080078,235447600
2007-09-10,103.06514793139313,103.20582984823281,101.52465571864433,102.55164337158203,192305900
2007-09-11,102.86817651001977,103.8951640172865,102.79079985673195,103.74745178222656,162081900
2007-09-12,103.60680058912469,104.41574060309169,103.38874195174024,104.01478576660156,149554600
2007-09-13,104.49307566490768,105.12614956858529,104.24687429495486,104.74630737304688,154079000
2007-09-14,104.0780746200196,104.87293227798386,103.92332129191848,104.7392807006836,121911000
2007-09-17,104.32427171294175,104.56343205896962,103.845951020886,104.17655944824219,109870800
2007-09-18,104.69002763858525,107.27157843488628,104.19763565473251,107.24344635009766,263759500
2007-09-19,107.91168377297662,108.60103248899638,107.4192918329625,107.87651062011719,193779900
2007-09-20,107.86245262510303,107.9257578681185,106.9972487705365,107.11682891845703,175186800
2007-09-21,107.92892628947716,108.21868862472746,107.24337075514909,107.40592193603516,141457500
2007-09-24,107.72395291201921,108.00666231973939,106.97479185401788,107.20802307128906,139450200
2007-09-25,106.58605121109717,107.18679914257208,106.3457563522108,106.9959716796875,142289900
2007-09-26,107.6037516553164,107.9712683094615,106.99594021295391,107.56134796142578,135547000
2007-09-27,108.07024524124809,108.20453083373675,107.56137919826946,108.19745635986328,102713300
2007-09-28,108.02785599113588,108.26815088129301,107.41296981610269,107.83702850341797,133372100
2007-10-01,107.85118786862701,109.37071202571546,107.7805078120944,109.05267333984375,148162300
2007-10-02,109.27173736564202,109.30000291018276,108.70632941649065,108.90422058105469,112978800
2007-10-03,108.70635963624336,109.13041841205775,108.14095152991173,108.6851577758789,119055900
2007-10-04,108.91835714939339,109.02436642019224,108.55084037019154,108.85475158691406,76864400
2007-10-05,109.56863168252652,110.32486750351644,109.28593295154383,110.14817810058594,134579700
2007-10-08,109.8230278441433,109.8937078952027,109.38484172350772,109.56153106689453,71280400
2007-10-09,109.97142950004816,110.60750669449159,109.56857270177701,110.59336853027344,94054300
2007-10-10,110.28237741345423,110.5650867349665,109.83712775649153,110.40959930419922,101711100
2007-10-11,110.91142203509767,111.32841705363526,109.22227245668293,109.87956237792969,233529100
2007-10-12,109.87251310724899,110.50152677881387,109.73822747215159,110.48738861083984,124546700
2007-10-15,110.44498751864779,110.50859309965055,108.79824139902405,109.5544662475586,161151900
2007-10-16,109.13041841205775,109.20816216148162,108.46606469593777,108.6851577758789,166525700
2007-10-17,109.53319490109789,109.61093860109166,107.75923874483834,109.01726531982422,216687300
2007-10-18,108.45190299511631,108.97490726723468,108.19040625118727,108.62152862548828,148367500
2007-10-19,108.19748149311953,110.59338850858263,105.77330892837354,105.7803726196289,297169900
2007-10-22,105.20793139968949,106.55076645747233,105.06658204375412,106.39527893066406,261989800
2007-10-23,107.04551155839371,107.39181588278463,106.19033011158643,107.25753021240234,180085100
2007-10-24,106.86874603042386,107.24332643136447,105.19372436708258,107.05956268310547,326694200
2007-10-25,107.17975550607584,107.63207981116865,105.92880267146322,107.31404113769531,237374500
2007-10-26,108.17628484614758,108.57206726074219,107.35644368205192,108.57206726074219,176484000
2007-10-29,108.7911426635252,109.15159577735577,108.52258223108976,108.93250274658203,106841000
2007-10-30,108.45192739062755,108.663956780222,108.04200677988169,108.1762924194336,132981600
2007-10-31,108.82643901249828,109.7381615747456,108.020736469998,109.29996490478516,220954400
2007-11-01,108.33881413391642,108.42363233723381,106.43057171530177,106.74154663085938,333040800
2007-11-02,107.09493316923378,107.42710996410047,105.45526183549197,106.86170196533203,331228200
2007-11-05,105.75919228972451,106.8334667135957,105.28566605695073,106.04896545410156,226841000
2007-11-06,106.62139676051149,107.50484330307695,105.942905070747,107.47657775878906,177800500
2007-11-07,106.32458678360896,106.81225112335648,104.28205829436003,104.53649139404297,306639700
2007-11-08,104.59301088244287,104.88277316326214,102.52928097552481,104.00640106201172,374509900
2007-11-09,102.967484585627,104.27497927020252,102.40207652385244,102.57876586914062,277745100
2007-11-12,102.62819175401344,103.61764726960999,101.56098175048828,101.56098175048828,243087800
2007-11-13,102.74134423251354,104.81921320838747,102.63533491099534,104.65666198730469,191117400
2007-11-14,105.46232009641004,105.5895312278466,103.73783064186964,104.3668441772461,230558800
2007-11-15,103.58943548490622,104.23965098743656,102.14058068336296,102.86146545410156,263111100
2007-11-16,103.4057020889429,103.51878589246492,102.17595077450251,103.0381851196289,308770600
2007-11-19,102.67772901231535,102.73427090657846,101.20060842158166,101.60345458984375,267746000
2007-11-20,101.78723183296489,102.8544319188852,100.43732223853702,102.22541809082031,414767500
2007-11-21,101.12285925425003,101.70946924354551,100.12632864167831,100.13339233398438,259012400
2007-11-23,101.11579093524178,102.01336510888035,100.85428335220007,101.86495208740234,77688400
2007-11-26,102.07693601870379,102.39498538236943,99.41246917071558,99.61742401123047,214232000
2007-11-27,100.1758030577585,101.22886473753904,99.61745864303462,100.76241302490234,293897900
2007-11-28,101.90729352282167,104.22545561933826,101.8719535159818,103.98516082763672,258596900
2007-11-29,103.62474835162254,104.40218566889261,103.25724233278596,104.0205307006836,199409900
2007-11-30,105.3350887239879,105.92169849622111,104.12653994680089,105.0665283203125,222908000
2007-12-03,104.73439273104132,104.91814579358437,104.09830452821394,104.37393951416016,146430400
2007-12-04,103.65304653522423,104.27498573590478,103.4056771227776,103.4410171508789,136533900
2007-12-05,104.55063446685388,105.4482195343555,104.47996518560845,105.1725845336914,171130000
2007-12-06,105.04537793271774,106.86881370279612,105.00297420527058,106.67798614501953,154457400
2007-12-07,107.01720355889316,107.07374544465854,106.40232807562035,106.6567611694336,148980100
2007-12-10,106.91822703882966,107.60378237714231,106.62139031259,107.48363494873047,123914300
2007-12-11,107.52607222712089,108.05614028610516,104.47994950697318,104.53649139404297,250346400
2007-12-12,106.76275807234263,107.2645605100988,104.03467441033801,105.5683364868164,322435600
2007-12-13,104.8262420637746,105.58246672476635,104.10534663840325,105.34923553466797,237551300
2007-12-14,104.55062819809342,105.37754393476851,103.9640289834464,104.01349639892578,159152900
2007-12-17,103.61769848007152,103.80145151399587,102.38087308217762,102.529296875,177269400
2007-12-18,103.25724069585236,103.5258011231662,101.74478058062593,103.10175323486328,245569300
2007-12-19,103.14415694526757,103.8155741899422,102.4373996805027,103.10175323486328,198917200
2007-12-20,103.78023392923971,103.79437209409504,102.6070142842277,103.75196838378906,214813800
2007-12-21,104.70760350036063,105.45363937510027,104.5086620459629,105.24759674072266,146084400
2007-12-24,105.73782892404951,106.20675606722659,105.49624791160146,106.02912902832031,45601400
2007-12-26,105.61704396218727,106.34886657113908,105.51047206437688,106.25650787353516,67093100
2007-12-27,105.87994396683789,105.88704514650118,104.67208209284018,104.9207534790039,122981700
2007-12-28,105.5389138042655,105.58865459657964,104.37368045266743,104.65789031982422,116398100
2007-12-31,104.51575177458528,104.87810702320002,103.77681723743774,103.8833999633789,108126800
2008-01-02,104.11076304552141,104.43760157951273,102.22792069973997,102.97394561767578,204935600
2008-01-03,102.95975243408168,103.37184851735795,102.36292810995555,102.92422485351562,125133300
2008-01-04,101.84427830316267,101.91533348454033,100.11774797897085,100.40194702148438,232330900
2008-01-07,100.75720796471475,101.05562023170417,99.54224450922212,100.31669616699219,234991000
2008-01-08,100.94904205691765,101.53165334937688,98.3627917279677,98.69673156738281,326365700
2008-01-09,98.82458961648233,100.0324514698336,97.83698358538096,99.73403930664062,301824900
2008-01-10,99.24379934404108,101.46059272849858,99.02354349413113,100.3877182006836,335701200
2008-01-11,100.02534428073368,100.82111000143841,98.76064054254442,99.57772064208984,267076600
2008-01-14,100.29538057344374,100.79273434577894,99.755387185052,100.3806381225586,170365500
2008-01-15,99.3219334758751,100.5298060521998,97.97907345252658,98.17091369628906,239940100
2008-01-16,97.5954284689955,98.84591927588609,96.8280781415295,97.32543182373047,378802600
2008-01-17,97.91514562138045,97.96488640555344,94.44786170004903,94.80311584472656,397892600
2008-01-18,95.73386397454729,95.93280537247982,93.14761495993137,93.82969665527344,348561500
2008-01-22,90.38375428276123,94.09260281282944,89.5240399464635,92.87763977050781,435923700
2008-01-23,90.29849105201035,95.3431039726292,90.12086398919273,95.10863494873047,511913000
2008-01-24,95.54915573027176,96.24546168896437,94.71786229778843,95.9115219116211,259949300
2008-01-25,96.99147299113191,97.16910004573243,94.21339409671594,94.52600860595703,269603900
2008-01-28,94.68230511934577,96.28806035739383,93.82969757109976,96.08911895751953,217934600
2008-01-29,96.7001838583633,96.94885525818721,95.83336286601383,96.565185546875,168968300
2008-01-30,96.33076821373743,98.43386783700697,95.63447274239164,95.85472869873047,334939200
2008-01-31,94.78181233354816,98.43382492600938,94.6397128276795,97.60253143310547,343680800
2008-02-01,98.00751163213607,99.1940591315685,97.70909946235328,99.17274475097656,206843600
2008-02-04,98.90986254643876,98.97380568975561,97.79435934159687,97.92225646972656,124694300
2008-02-05,96.58652521540465,96.8067811111829,94.9736679183362,95.30050659179688,286882500
2008-02-06,95.62021132636504,96.09625060137748,94.07840956778833,94.53313446044922,250792900
2008-02-07,93.64499567194892,95.76940854049234,93.59525488726248,95.15837097167969,297368100
2008-02-08,94.56155038308498,95.36442825970555,93.85815407981254,94.54734802246094,221643500
2008-02-11,94.56866858505653,95.37153567264866,93.81552060439434,95.0304946899414,188576300
2008-02-12,95.85467994510557,96.84938725538564,95.19390157067222,95.9115219116211,256654400
2008-02-13,96.63623773700775,97.38227368019096,96.01809893566885,96.89202117919922,181967800
2008-02-14,97.30412519196146,97.33965278098404,95.76942441476889,96.03942108154297,215207200
2008-02-15,95.5633947983043,96.07496179391258,95.14419737847237,96.01811981201172,154110300
2008-02-19,97.14070140920266,97.26148652639243,95.64152837355792,96.28809356689453,145190000
2008-02-20,95.20103523745617,97.01993521351385,95.03761048100638,96.57231140136719,220085700
2008-02-21,97.09809801654588,97.34676949638995,95.25788353140075,95.76943969726562,201051200
2008-02-22,95.89729721445856,96.52254792968415,94.39812440699373,96.35912322998047,205491000
2008-02-25,96.3022658148579,97.80143838172255,95.7622835465938,97.57408142089844,190107000
2008-02-26,97.1620122682384,98.72512839602776,96.98438518913741,98.3059310913086,212420700
2008-02-27,97.73752096090479,98.86012538676775,97.63094905147011,98.20645904541016,168395800
2008-02-28,97.51015647299705,98.02172328210074,97.01990404414805,97.24726104736328,170831100
2008-02-29,96.3449269525809,96.40175807437478,94.34128840222428,95.0802230834961,252715200
2008-03-03,94.59703802740401,95.07307710323818,93.9575851414159,94.85282135009766,189483500
2008-03-04,93.95051575056654,94.7818092161288,93.06949233825968,94.49050903320312,282513100
2008-03-05,94.79603026007428,95.75522094510264,94.02867988035118,95.08734130859375,270681400
2008-03-06,94.48338382533652,94.65390970787054,92.75685398584841,93.11920928955078,247911700
2008-03-07,92.20266294203809,93.60236512719429,91.35715635043148,92.1600341796875,326434600
2008-03-10,92.25238563694802,92.31632877545053,90.65374212541428,90.94505310058594,235683600
2008-03-11,92.87762772297117,94.29864404573205,91.62002524170941,94.21338653564453,341440600
2008-03-12,94.31288724603573,95.04471001773499,93.19028269296854,93.33238220214844,229161100
2008-03-13,92.08897431858594,94.24181343947188,91.37136489212244,93.53840637207031,351504200
2008-03-14,94.33419046890371,94.36260603077858,90.7887501323423,92.08898162841797,484687800
2008-03-17,89.92906672786457,91.84033103639173,89.57381245376844,91.15824890136719,405311100
2008-03-18,92.80661400569285,94.98788023892001,92.35188901304763,94.94525146484375,334416600
2008-03-19,95.30761224509101,95.66996768661338,92.39452298242229,92.59347534179688,345971600
2008-03-20,92.85907617919253,94.90119081446461,92.29498958224015,94.30854797363281,245320700
2008-03-24,95.18677873499189,96.97184325524954,95.13680259391266,96.19355773925781,208977300
2008-03-25,96.29354380821975,96.7862234761615,95.51525810720801,96.28640747070312,192947200
2008-03-26,96.00787922961534,96.45770791263678,95.04394038926272,95.10820007324219,196934300
2008-03-27,95.8222649888277,95.99363511168703,94.5084600657484,94.808349609375,225153200
2008-03-28,94.95827026918538,95.22245625974823,93.58019516953422,93.90150451660156,180896100
2008-03-31,93.74446764653388,94.772666817701,93.60166462724332,94.23001098632812,166692100
2008-04-01,95.4009904671632,97.70729082046219,95.32958352692991,97.5430679321289,254547300
2008-04-02,97.857213129062,98.29990552578295,97.09320048809776,97.6072998046875,210910800
2008-04-03,97.07894418772902,98.13569922992473,96.90043775312719,97.85008239746094,175884800
2008-04-04,97.9071961807491,98.50698602263127,97.19317051223099,97.74297332763672,204446800
2008-04-07,98.44275460415112,98.94258148713689,97.6359126863834,97.79299926757812,154245500
2008-04-08,97.24318390206581,97.7644197307482,97.07181377290159,97.69302368164062,148937300
2008-04-09,97.54305368991223,97.6787203194452,96.31492858436965,96.98611450195312,195610600
2008-04-10,96.6933758017269,97.58590808193982,96.32207932251089,97.12179565429688,192967800
2008-04-11,96.02932436734393,96.47915316861112,94.97255844223167,95.23675537109375,222973300
2008-04-14,95.10112003242475,95.3510225831003,94.64414385057948,94.91546630859375,160522000
2008-04-15,95.37956883345696,95.45811210822063,94.48703657258298,95.13680267333984,172389200
2008-04-16,96.06504557071882,97.75729446422855,96.05077289638311,97.7144546508789,189268900
2008-04-17,97.12183092215942,98.00007995416017,96.86478109630879,97.8572769165039,179665700
2008-04-18,99.20675258079123,99.64944511793911,98.72120934102959,98.8782958984375,218530600
2008-04-21,98.69973690732552,99.23525600570126,98.42841463952662,98.92823028564453,118587400
2008-04-22,98.67127386869286,98.75695351889718,97.75017404829948,98.49276733398438,162166000
2008-04-23,98.59983367891756,99.09251329195942,97.9072276859704,98.33564758300781,193309000
2008-04-24,98.59270607987358,99.77799179090732,97.85011297855324,98.76407623291016,229381300
2008-04-25,99.53521038970358,99.88508701803696,98.4713187257825,99.67802429199219,190788100
2008-04-28,99.87790061929134,100.14208659479966,99.52088783285711,99.69939422607422,105610200
2008-04-29,99.52805554369547,99.77082170016584,98.9711162928898,99.30670928955078,125514100
2008-04-30,99.4566216484197,100.38485711322348,98.72117614746094,98.72117614746094,208395900
2008-05-01,98.80691209806926,100.76333618164062,98.72836880962997,100.76333618164062,187279500
2008-05-02,101.63441356204319,101.65583346101647,100.36344871218087,101.0417709350586,181585500
2008-05-05,100.71337627506536,101.11322911881946,100.25640004003598,100.55628967285156,118504500
2008-05-06,99.9779267274868,101.53449822695349,99.74229683262605,101.42739868164062,179339800
2008-05-07,101.3131022253711,101.42020171816884,99.34239529172281,99.62086486816406,199267300
2008-05-08,99.77795916672893,100.19209539644615,99.23529264046667,99.36382293701172,178321200
2008-05-09,98.96397786116268,99.52805343574039,98.8568674566338,99.17817687988281,152588200
2008-05-12,99.4281151621363,100.36348742869268,99.0568186114214,100.2920913696289,147865900
2008-05-13,100.53483656827007,100.59909627654757,99.77082371929562,100.30634307861328,159132200
2008-05-14,100.72763003507143,101.53447182200428,100.292073838782,100.51342010498047,181910800
2008-05-15,100.70619346696839,101.84150276285794,100.55625415111345,101.77009582519531,166927000
2008-05-16,102.0057180085277,102.0128543436921,101.11318583040996,101.8629150390625,204236800
2008-05-19,101.97002545005712,103.03392784243918,101.60587620469275,102.14139556884766,165664400
2008-05-20,101.5844512651302,101.63442740448542,100.6776354694742,101.31311798095703,178552100
2008-05-21,101.2559831219234,101.47732934645767,99.24957264125153,99.59944915771484,252724800
2008-05-22,99.55663089023875,100.0850140044156,99.24960496786204,99.61375427246094,170820400
2008-05-23,99.28528233645504,99.7208384780944,98.1928238147506,98.27850341796875,181376400
2008-05-27,98.39278837926159,99.24961742983719,98.19999830195101,99.00685119628906,168322900
2008-05-28,99.37100216934851,99.96364508692744,98.53559301425705,99.46382904052734,181288100
2008-05-29,99.34237094479613,100.62760812405031,99.30666749089141,99.96356964111328,173927200
2008-05-30,100.29921110890704,100.49200113730119,99.92077828346241,100.21353149414062,117362000
2008-06-02,99.84222652342166,99.86364642529368,98.53555803338477,99.17817687988281,181069900
2008-06-03,99.46382982023941,99.69231248816799,97.9857906837561,98.599853515625,271965700
2008-06-04,98.32135696312186,99.3638394937253,98.14999773273264,98.54985046386719,246637700
2008-06-05,98.94968395105141,100.59908159378784,98.76404118917738,100.52053833007812,237867100
2008-06-06,99.6422985530083,99.8208049958137,97.26459142742014,97.31456756591797,384276300
2008-06-09,97.72157153046352,98.17854760715552,96.68623629836733,97.55020141601562,228263900
2008-06-10,96.87187673586288,97.8929392717118,96.64339415064049,97.06466674804688,260234900
2008-06-11,97.08610659323797,97.29316931910435,95.62948759444926,95.63663482666016,283890100
2008-06-12,96.10785806662219,97.01466280909952,95.33670904742475,96.00074768066406,252791800
2008-06-13,96.5148650131414,97.478804190568,95.97934566905306,97.21460723876953,244726900
2008-06-16,96.78623417367973,97.77158272329933,96.72197444341231,97.27176666259766,185832500
2008-06-17,97.87152241210998,97.90721498625788,96.65766982634506,96.80048370361328,191707700
2008-06-18,96.17215196574992,96.76479478096381,95.47240962165371,95.85797882080078,265893000
2008-06-19,95.78652675507274,96.56482291399217,95.32241448828965,95.97931671142578,304204900
2008-06-20,95.32561634975544,95.50501566279682,94.16311230514003,94.42144775390625,289275700
2008-06-23,94.78742498221249,94.88788816649415,94.2348829434963,94.32816314697266,165096400
2008-06-24,94.04111550403152,95.03857517674008,93.42398147237746,94.1415786743164,267300600
2008-06-25,94.52190569520843,95.7274637562258,94.17746209915553,94.58648681640625,287853900
2008-06-26,93.69668012307908,94.3066312283749,91.90985899180363,92.01749420166016,297775000
2008-06-27,92.05338814262795,92.46959592393118,91.16356895229578,91.51519012451172,303423400
2008-06-30,91.77354814068234,92.50550069091413,91.35016822374871,91.838134765625,258842600
2008-07-01,90.79038550993604,92.18970318340423,90.36700583567271,92.1251220703125,388622000
2008-07-02,92.41934093949861,92.68485935607742,90.3813674671706,90.54641723632812,288064600
2008-07-03,91.21378947891172,91.21378947891172,89.6924812947176,90.63970947265625,239352500
2008-07-07,90.9841546970349,91.37882989405064,88.92464864773763,89.71400451660156,372427300
2008-07-08,89.69246664697297,91.41470090964732,89.12556423895595,91.30706024169922,375973700
2008-07-09,91.49361445543737,91.6658361967539,89.26188742171439,89.5489273071289,336729400
2008-07-10,89.29062070978071,90.26655334954717,88.68066417863473,89.91493225097656,436475700
2008-07-11,88.96053205225289,90.34549496520617,87.89848571220699,88.86724090576172,481124600
2008-07-14,89.88621974059726,90.05844152210896,87.83389147190768,88.06352233886719,322720800
2008-07-15,87.40333996654725,88.61607549524172,86.12601236898244,86.82208251953125,502502500
2008-07-16,87.152205687681,89.39111164032691,86.90104768213592,88.95337677001953,371642900
2008-07-17,89.80011608456455,90.60382694558935,89.04663681017678,89.84317016601562,375490600
2008-07-18,90.53926336818795,90.71866271962281,89.80731642326053,90.40292358398438,267030100
2008-07-21,90.78321138227393,90.99131519992324,89.83598342166792,90.45311737060547,222863000
2008-07-22,89.80726855688607,91.70890176351094,89.59198725997352,91.4792709350586,296904200
2008-07-23,91.77353039251788,92.67769916817959,91.52954990618069,91.97445678710938,311698400
2008-07-24,92.09642401078185,92.14666107170662,89.81447012129537,90.06562805175781,248634500
2008-07-25,90.33833286464181,90.76889019354975,89.82166188001891,90.04412078857422,219131000
2008-07-28,90.06560222683011,90.46027729729487,88.56582162953806,88.72369384765625,205201300
2008-07-29,88.96768646958095,90.68991504459242,88.72370062072794,90.61815643310547,261505600
2008-07-30,91.21378605538169,92.28300989003048,90.6181790293423,92.23277282714844,354710000
2008-07-31,91.42190104817846,92.26149408617299,90.86934803749973,91.01287078857422,277402100
2008-08-01,91.2210128197266,91.33582559376721,90.02979812439696,90.53211975097656,248690900
2008-08-04,90.44593824390459,90.51769685822659,89.52741484098786,89.69245910644531,188239600
2008-08-05,90.43159848125701,92.25429606143213,89.67812469160715,92.11077880859375,251577600
2008-08-06,91.86678559743747,92.78530902735696,91.47928249890928,92.51979064941406,209555400
2008-08-07,91.82375938321832,92.16820853190197,90.80477242539747,91.14204406738281,246312500
2008-08-08,90.83345698456331,93.23740109019926,90.68993425635442,92.8355484008789,260811700
2008-08-11,92.90735527571927,94.37124945358165,92.73512792257738,93.79718017578125,249425800
2008-08-12,93.48856530045404,93.78995482003819,92.37628741529957,92.82120513916016,213200800
2008-08-13,92.41934355759741,93.0364776208879,91.61563815411769,92.26148223876953,256393200
2008-08-14,91.73762929129198,93.48856832329842,91.67304816707822,92.9575424194336,239555300
2008-08-15,93.2373873145838,93.64642292342086,92.78530858072429,93.40961456298828,181000800
2008-08-18,93.59620250780519,93.63208455964251,91.60846604206384,92.13230895996094,172275100
2008-08-19,91.43623731456837,91.62999163168861,90.7975762207751,91.12767028808594,194673700
2008-08-20,91.41471830060263,91.81657103090441,90.66123895645394,91.55106353759766,225498200
2008-08-21,90.9554516649213,92.16819277239999,90.84781098218565,91.70893096923828,180609800
2008-08-22,92.33324906188996,93.03649139404297,91.70894287566908,93.03649139404297,167715300
2008-08-25,92.42655909070086,93.03651038864535,90.95548204326266,91.14923095703125,171936900
2008-08-26,91.14922087330947,91.75918305344338,90.83348173488181,91.41473388671875,159117200
2008-08-27,91.52950589614657,92.44802924396001,91.3501066336883,92.30451202392578,171032800
2008-08-28,92.77099494078139,93.53164646517861,92.64900469155428,93.42401123046875,167537100
2008-08-29,93.09387750121545,93.3880949678962,92.21840808063517,92.4193344116211,189195800
2008-09-02,93.30918276270368,93.79715465567129,91.50801187703884,91.84528350830078,252364900
2008-09-03,91.76634979248047,92.2112621332463,91.08463448026144,91.76634979248047,251947000
2008-09-04,91.11328442580964,91.29986116332188,88.95331610160721,89.00354766845703,340042500
2008-09-05,88.47256435555735,89.66377292676142,87.54686325919742,89.283447265625,289503400
2008-09-08,91.88114409124141,92.02467229631698,89.28344563441154,91.12767028808594,364075300
2008-09-09,91.20661595277353,91.39319278417217,88.12095084030679,88.4223403930664,377326800
2008-09-10,88.90311814174724,89.62789285869843,87.94154050574838,88.7811279296875,298916600
2008-09-11,87.6329739291616,90.23067234541931,87.25982031118971,90.06562805175781,375369400
2008-09-12,89.19017769052321,90.56796332566934,88.86008355761321,90.48184967041016,297851200
2008-09-15,87.28133928034484,90.16608288583924,86.0327217737743,86.17623901367188,483607000
2008-09-16,84.1024089049685,87.7765093810783,83.95889162204367,87.61863708496094,581744300
2008-09-17,85.85332708633806,87.43921621395164,83.24127376146487,83.67900848388672,624095600
2008-09-18,84.71235181407066,87.39616381431777,81.66256370816141,86.16189575195312,776114700
2008-09-19,91.44582256338161,92.38410078963494,89.01352593395326,89.58370971679688,501087800
2008-09-22,89.82188483958365,90.03841228214937,86.86992671129926,87.55558776855469,249966500
2008-09-23,87.22357626281372,88.0680233112612,85.36867707202133,85.56355285644531,327470400
2008-09-24,86.14097894070485,86.61011818216284,85.0150491664241,85.83784484863281,311818400
2008-09-25,86.17707201387029,87.98866859749361,85.48419170249174,87.18030548095703,328253000
2008-09-26,85.76568278433372,87.69275686044193,85.53472265730791,87.22361755371094,285917400
2008-09-29,85.98941551896905,86.13376351941413,80.09271104576344,80.38862609863281,459562300
2008-09-30,81.92595721740479,84.30051865849461,79.77513682331426,83.71589660644531,328154400
2008-10-01,83.19622693450968,84.22111743583258,82.24351593110666,83.76641082763672,332783000
2008-10-02,82.96524760328018,83.0807303679323,80.15763758930073,80.72782135009766,365337800
2008-10-03,81.45682384513205,83.32615641924284,79.16165528864339,79.63800811767578,461798000
2008-10-06,77.33563495229849,77.67485886563324,72.63703353767688,75.58177947998047,610637500
2008-10-07,77.11186089695117,77.46552279064977,71.92247584642942,72.19673919677734,540012100
2008-10-08,70.3851508617638,73.74851296250748,69.87270834338237,70.37793731689453,725414800
2008-10-09,71.92969145298699,72.62257159952387,65.13801339644337,65.46279907226562,534485200
2008-10-10,62.61912790632453,67.80130110142521,60.32395915403149,63.87497329711914,871026300
2008-10-13,67.750786856229,73.14948272705078,64.92151797855044,73.14948272705078,455584000
2008-10-14,75.56735661099114,76.1664114933527,70.08926705359572,72.06686401367188,546268300
2008-10-15,70.34185224648532,70.58725045143771,64.74828196091865,64.9720230102539,484627500
2008-10-16,65.88862718746498,68.40031673512925,62.4603110958696,67.6785659790039,708811200
2008-10-17,66.3938769089275,71.15743269179474,66.14848419741959,67.2744140625,476649000
2008-10-20,68.81894295757374,71.52550866518561,67.90953533798998,71.31620025634766,321294200
2008-10-21,69.98817846415383,71.1935010217656,68.72511451890846,69.1870346069336,356502000
2008-10-22,67.26718283192615,69.18704290200826,63.17485648025319,65.41950225830078,516168000
2008-10-23,65.1669078870483,66.72588740939882,61.93346051597011,66.17736053466797,634666400
2008-10-24,60.670384823992684,64.89984595205233,60.627081527845846,62.821205139160156,545812600
2008-10-27,62.048912490392205,64.60391079101532,60.410535213961204,60.590972900390625,397288600
2008-10-28,63.03771901107763,68.01780116818739,61.00960080695995,67.6713638305664,639939500
2008-10-29,67.67857686717691,70.13253093410103,66.4732542320996,67.18057250976562,531270100
2008-10-30,69.1293249863105,69.67785740785321,67.05068363499899,69.504638671875,414582100
2008-10-31,68.62408932174084,71.14299887710204,68.19103980461782,69.88715362548828,411394000
2008-11-03,69.851039062541,70.5078349103485,69.25198459824828,70.08921813964844,205419400
2008-11-04,71.49666279074823,72.79581698402109,69.80054879313151,72.47103118896484,346793400
2008-11-05,71.59769065712176,72.68753611243795,68.56633892816964,69.42522430419922,387844100
2008-11-06,68.17658727684741,68.88390556017534,65.00088231226145,65.57828521728516,477721900
2008-11-07,66.14849147124673,67.84460550763272,65.31847657915704,67.74356079101562,380391000
2008-11-10,68.71791581764737,68.9488759300521,65.62160319706553,66.85579681396484,301773000
2008-11-11,65.50610989011108,66.50212409904378,63.98321512813844,64.79157257080078,418498200
2008-11-12,63.68006509734084,64.1997209629166,61.43542003574237,61.940643310546875,454330600
2008-11-13,62.16440703956794,66.20621674517774,59.24853255493126,65.80203247070312,753141900
2008-11-14,64.5317363749794,66.44437143279123,62.445871668167456,62.51805114746094,540352300
2008-11-17,62.34486289337254,63.9182806342294,61.46433110824427,61.688072204589844,415254900
2008-11-18,61.457061626985706,62.95108507423121,59.8403419054228,62.850040435791016,523811800
2008-11-19,62.005616686758266,62.69849682543884,58.404076066519494,58.82269287109375,558327600
2008-11-20,57.83390688020745,59.55167782099137,54.167415907024804,54.456111907958984,814180400
2008-11-21,55.90684070546597,58.389666303080325,53.654975244383834,57.393646240234375,718536500
2008-11-24,59.12581909093726,62.78509510958495,57.99988970259063,61.37046432495117,523305300
2008-11-25,63.00885877498569,63.16042581042519,60.49716310043336,61.82518768310547,454112400
2008-11-26,60.843575614755785,64.37293548248334,60.800266835865216,64.21414947509766,370134200
2008-11-28,63.96877405151179,65.0514002960203,63.8605158322784,65.02252960205078,118308100
2008-12-01,63.1604220723586,63.1892927688083,59.08252843308696,59.26296615600586,369927100
2008-12-02,60.2445340930687,61.702468139449365,59.21243033269529,61.54368209838867,469508400
2008-12-03,60.19404472148574,63.39140241461722,60.00638788779752,63.02330780029297,519863500
2008-12-04,62.11386856164457,63.55015653684683,60.439407020912434,61.56534194946289,444173800
2008-12-05,60.37445427380228,63.817203095796124,59.35678302369979,63.46354675292969,471905300
2008-12-08,65.20297827701094,66.67535087798727,63.571825092277166,65.67933654785156,412859300
2008-12-09,65.2246355156768,66.4949132265216,64.22140213290187,64.59671020507812,370790000
2008-12-10,65.1885467166443,65.939168378472,64.23583566634814,65.03697967529297,396187400
2008-12-11,64.62556816921015,65.6793236907182,63.05937023353516,63.470767974853516,365061000
2008-12-12,61.745817313715335,64.28637911283269,61.49319998869565,64.2286376953125,415060400
2008-12-15,64.25028548569968,64.34411666015735,62.279907913428815,63.33366394042969,256694200
2008-12-16,66.31446838378906,66.41551306572332,63.643992350060245,66.31446838378906,377699500
2008-12-17,65.56383254349747,66.71141904786964,65.00086786481417,65.6720962524414,281819800
2008-12-18,65.9680318280519,66.16290214365281,63.66564474847765,64.44513702392578,374673300
2008-12-19,64.83003743035155,65.93600752648527,64.09514991724375,64.16791534423828,301451300
2008-12-22,64.45165364834784,64.51713584161318,62.203337308827706,63.34568405151367,243759500
2008-12-23,63.6877019619532,63.978747070142184,62.42893977952963,62.690879821777344,221625200
2008-12-24,62.90188831495888,63.20748876321136,62.574466004032146,63.054691314697266,62061600
2008-12-26,63.476653945422186,63.52031429212245,62.93822444669386,63.41844940185547,74767700
2008-12-29,63.476660141938254,63.54214789277139,62.283380838421294,63.23655319213867,127795900
2008-12-30,63.67312599673678,64.7936455937631,63.21472833586788,64.73543548583984,168256300
2008-12-31,64.81547572651766,66.19065766460542,64.6626783501992,65.65950012207031,193987200
2009-01-02,65.80505130959595,67.98788134718566,65.37575851556691,67.63862609863281,227566300
2009-01-05,67.39848820146509,68.14793089651019,66.86005854833736,67.55856323242188,240349700
2009-01-06,68.13338930882635,68.72275154033623,67.43488448412722,68.00969696044922,328260900
2009-01-07,66.94009625137302,67.12927633859944,65.63039649553136,65.97237396240234,280899200
2009-01-08,65.60132804728305,66.27800009838609,65.24479510810421,66.24162292480469,263834400
2009-01-09,66.32891150954644,66.4453261899929,62.10877248233569,64.82275390625,330953600
2009-01-12,64.64085677116258,64.69179479012135,62.87277015494154,63.26567459106445,277858500
2009-01-13,63.10559799249257,63.94234478963842,62.719960150157,63.38208770751953,356432300
2009-01-14,62.23974515694544,62.39254255419678,60.508035770207805,61.38844299316406,435491600
2009-01-15,61.20654462899212,62.0287417885705,59.460279820301004,61.410274505615234,532647300
2009-01-16,62.472604684089696,62.56719200024468,60.428022044986854,61.8905143737793,399237200
2009-01-20,61.286570375445095,61.89048223611189,58.2451614633861,58.62351608276367,419855200
2009-01-21,59.62035564684974,61.293855048628274,58.55076822961364,61.15561294555664,364360700
2009-01-22,59.96960800674918,61.14833807033448,59.06009561080398,60.209720611572266,427940300
2009-01-23,58.86363965118046,61.11195148710641,58.62352706155067,60.471656799316406,386800600
2009-01-26,60.82091053600679,62.108783202833294,60.253375686716396,60.88639831542969,317978800
2009-01-27,61.213803483225675,61.955968503134045,60.60989163713825,61.50484848022461,273789700
2009-01-28,62.86550973393138,63.993301986144964,62.62539708397767,63.58584213256836,330007000
2009-01-29,62.654498086610566,63.65859789686431,61.461218120376095,61.51942825317383,294392500
2009-01-30,61.832307120187366,62.13790202188519,59.81682408731854,60.2679443359375,383383600
2009-02-02,59.35111886450071,60.52257084383617,59.16193880136265,60.08600616455078,288233300
2009-02-03,60.464402729634664,61.381193078661745,59.8241077921058,60.93007278442383,278385800
2009-02-04,61.337496120543655,62.11603822913608,60.420706401147534,60.6317138671875,322989300
2009-02-05,60.173363461163326,62.057876832872914,56.557145301486344,61.53399658203125,417679400
2009-02-06,61.74499358001143,63.5494635207844,61.61402353985658,63.28752899169922,366101700
2009-02-09,63.27295195951691,63.84048675494615,62.80728209910202,63.37481689453125,240075200
2009-02-10,62.770901104143576,63.32388616023022,59.99143162005682,60.471656799316406,536212800
2009-02-11,60.719051056504384,61.15562148868997,59.955063902626904,60.82819366455078,324442500
2009-02-12,59.78771002043825,60.98826758354906,58.97279040521523,60.87185287475586,469302200
2009-02-13,60.791842370758864,61.293889699500106,60.20247425694592,60.2170295715332,293998400
2009-02-17,58.3252017549917,60.362505777715775,57.604864086710904,57.6412467956543,478910100
2009-02-18,58.05601798553899,58.165160624771495,56.95732503938891,57.50303268432617,362964800
2009-02-19,58.09238175735608,58.317944640039094,56.76813173331364,56.884552001953125,316867500
2009-02-20,55.82950360015214,57.00095029628262,55.13099329201757,56.33155059814453,477176600
2009-02-23,56.950006377512686,56.950006377512686,54.272402572254634,54.316062927246094,379641400
2009-02-24,54.781764809451545,56.717204778721175,54.35247196605362,56.3752326965332,426260900
2009-02-25,56.127810509298676,57.0591500154557,55.029118333494054,55.931358337402344,461985800
2009-02-26,56.622629051640104,57.96870689483015,54.956400924213824,55.021888732910156,363353900
2009-02-27,53.85042357863903,55.07280873516737,53.704898231894965,53.792213439941406,470510900
2009-03-02,52.76626858490032,53.78492357598351,51.20191170887669,51.369258880615234,426452600
2009-03-03,52.104127779422484,52.169609983711915,50.6707358725064,50.98360824584961,443761000
2009-03-04,51.827650924024674,53.02093060781734,50.98362085190559,52.19145584106445,462753100
2009-03-05,51.005456096727265,52.19146386131283,49.60116867910835,50.059566497802734,485549400
2009-03-06,50.49613635466105,51.260123542754336,48.82263109293003,50.146881103515625,490470000
2009-03-09,49.44108251675687,50.9326847918646,49.281013027580435,49.55750274658203,379905300
2009-03-10,50.57618326322591,52.65714874382808,50.474318285956564,52.51162338256836,406227900
2009-03-11,53.11551663836102,53.66122400108391,52.264214484806686,52.85357666015625,356648300
2009-03-12,52.83902924255328,55.11644607190265,52.36608173037164,54.93454360961914,409702700
2009-03-13,55.30563361897772,56.01141615567624,54.37429377512856,55.36383819580078,337474700
2009-03-16,55.99686494608238,56.73175260058553,55.160112335654894,55.196495056152344,360644900
2009-03-17,55.349294404419574,57.015522028560575,54.89817419027749,56.884552001953125,356814300
2009-03-18,56.61532480855974,58.86364229675719,56.0768950343729,58.157859802246094,473273200
2009-03-19,58.88548447837729,58.93641696234516,57.255639440181206,57.43754196166992,428520400
2009-03-20,57.71672559432101,57.82664937127708,56.08253960732821,56.214447021484375,371078200
2009-03-23,57.70205448580615,60.30355912226438,57.38694270384886,60.252262115478516,419933300
2009-03-24,59.53411600842644,60.354873950303585,58.99916214983768,59.06511306762695,330271000
2009-03-25,59.52678833133675,60.60402572813638,57.936569563673444,59.68800354003906,441775100
2009-03-26,60.274271407056425,61.04373242735901,59.59275054623198,60.90449523925781,422025200
2009-03-27,60.12768597708674,60.47943529216728,59.58539693065953,59.80524444580078,322332300
2009-03-30,58.47891390844768,58.53021097574965,57.13052506785727,57.738765716552734,324108500
2009-03-31,58.302991213284194,59.416877569001805,57.9292581041425,58.273677825927734,364238300
2009-04-01,57.54820423385692,59.66604808584302,57.40164285091413,59.4022331237793,377018300
2009-04-02,60.88249578895972,62.00370597413856,59.45349792100298,61.138980865478516,476230700
2009-04-03,61.182976581650145,61.761903504047,60.58206601261106,61.747249603271484,284646300
2009-04-06,61.073030875912806,61.76188137567382,60.303575564329066,61.26356506347656,264866600
2009-04-07,60.27428827982058,60.567416635847245,59.73200445529418,59.834598541259766,258947800
2009-04-08,60.135047734012346,60.779931199872884,59.753984805878616,60.47947311401367,230402800
2009-04-09,62.04767539944376,62.8904169009166,61.79852005674087,62.883087158203125,269653500
2009-04-13,62.23088022255651,63.418046956618284,61.9817248782843,62.89774703979492,224847500
2009-04-14,62.311483796956,62.84644314072076,61.615309266821065,61.813167572021484,276598800
2009-04-15,61.439441506223766,62.597294968998064,61.270896543603925,62.47271728515625,250726100
2009-04-16,62.97100808473696,63.865046330511966,62.12093709991684,63.38871383666992,335202900
2009-04-17,63.63058487747755,64.23149538168944,63.1249386954241,63.81378936767578,262649000
2009-04-20,62.68522665800585,63.79178294922163,61.073024365256344,61.138980865478516,293690100
2009-04-21,60.691970513785,62.38477785778031,60.64067349096563,62.33348083496094,114090900
2009-04-22,61.769199612022504,63.271472421042766,61.60797883649874,61.9524040222168,340395200
2009-04-23,62.07700264072668,62.597302670452464,61.285557979612754,62.560665130615234,324903700
2009-04-24,63.04431409968052,63.98231998407232,62.79515873268224,63.5059928894043,287703000
2009-04-27,62.787849982153396,63.762499318600774,62.685255903680826,62.90509796142578,289581600
2009-04-28,62.26752103773262,63.45468213684202,62.11362999121678,62.707210540771484,247926300
2009-04-29,63.4034010164826,64.75178883359018,63.242185778017685,64.04095458984375,311505700
2009-04-30,64.89103034924483,65.23545008212423,63.69653353756004,64.06294250488281,301419800
2009-05-01,64.07759048721996,64.64185773554267,63.54996077447574,64.40735626220703,236110300
2009-05-04,64.8910189850363,66.6424530948381,64.76643570883711,66.59848022460938,287120000
2009-05-05,66.37130737304688,66.63512222613993,65.83634792345372,66.37130737304688,243036300
2009-05-06,67.18471701776227,67.56577970535292,66.40060241843238,67.52181243896484,291941000
2009-05-07,68.15940693788527,68.26200101541392,66.15881124416099,66.58384704589844,317728000
2009-05-08,67.44121753973093,68.31327246299738,67.00885774510843,68.13739776611328,299081700
2009-05-11,67.19940792377321,67.49986598546627,66.71575095423688,66.86231231689453,247923600
2009-05-12,67.14808549759266,67.29465239578776,65.84367085391133,66.6644287109375,282431300
2009-05-13,65.76306742299658,65.96093135877804,64.85437492176386,64.98628234863281,269619100
2009-05-14,65.01558328416372,66.04152911995453,64.85436250541666,65.543212890625,260098700
2009-05-15,65.4919173520068,65.95359047257095,64.59787889771468,65.00825500488281,271502700
2009-05-18,65.62383866594979,66.93557765667232,64.90567473523134,66.85497283935547,241447400
2009-05-19,66.8183279360985,67.39725467515147,66.54718333447941,66.77436065673828,206102200
2009-05-20,67.38258522833159,68.00548474563102,66.2540508912145,66.32733154296875,285722200
2009-05-21,65.55788402747527,65.80704500315463,64.67850484603909,65.37467956542969,258988400
2009-05-22,65.55787709404457,65.95359936112602,64.98628012746775,65.23543548583984,166811900
2009-05-26,64.75179397330518,67.09680915751184,64.72248058463295,66.90628051757812,236318500
2009-05-27,67.00887526775806,67.23604704359467,65.60919029686951,65.71178436279297,246015800
2009-05-28,66.29071961711567,66.93559748336115,65.29408662958122,66.62781524658203,289095000
2009-05-29,66.99421928908228,68.66504341135777,66.45193554207091,67.80764770507812,258641500
2009-06-01,68.6430439709149,69.74227070272995,68.46716925929225,69.44914245605469,276246800
2009-06-02,69.17798576593454,69.88881976544823,69.05340810998705,69.50775146484375,230874500
2009-06-03,68.91421658790917,68.98016753496503,67.97621029005768,68.62841796875,235310500
2009-06-04,68.88486191869146,69.37584842245289,68.37189177908328,69.27325439453125,210102300
2009-06-05,69.97676295003001,70.10867036408386,68.73830479742182,69.28791809082031,284257900
2009-06-08,68.76764434180005,69.69099666656157,68.18139324602998,69.00215148925781,238565100
2009-06-09,69.39051733190138,69.72028309630322,68.89952517049612,69.35387420654297,225125500
2009-06-10,69.96945368592482,69.97677783924053,68.29130006876662,69.17800903320312,296100400
2009-06-11,69.30988128386741,70.43109117712743,69.29522180276575,69.48575592041016,275414200
2009-06-12,69.17799142272972,69.7202749507512,68.88486322697705,69.67630767822266,184361800
2009-06-15,68.8555585632846,68.89952584137805,67.71236460520714,68.07877349853516,224190500
2009-06-16,68.32061705337786,68.36458433941482,67.1114663687482,67.15543365478516,227319000
2009-06-17,67.12609217692571,67.661051493992,66.56182507540385,67.0894546508789,223445200
2009-06-18,67.19208221956904,67.9102407073683,66.86964052001,67.58047485351562,211725100
2009-06-19,68.22753234258118,68.31596365147014,67.44635350464219,67.82957458496094,215655600
2009-06-22,67.1663041031885,67.20315422610867,65.77345491940426,65.79556274414062,251913600
2009-06-23,65.93558199605827,66.23773161787891,65.47866636649213,65.8471450805664,188309800
2009-06-24,66.44407552550132,67.12207491922156,66.03137559766176,66.41459655761719,211577700
2009-06-25,66.08293954018464,67.92533222696933,66.0092449572205,67.8590087890625,279411000
2009-06-26,67.63054214059879,67.97691283391511,67.26206363665135,67.68212890625,167579000
2009-06-29,67.88113115903055,68.40437011958338,67.5052813960141,68.31593322753906,168481300
2009-06-30,68.33068970576147,68.58125251809578,67.26209812290993,67.76322937011719,228888200
2009-07-01,68.05063945110243,68.70653666968387,67.95483701908142,68.04327392578125,173041100
2009-07-02,67.15891776453651,68.06537773148563,66.14928984633133,66.1861343383789,212309900
2009-07-06,65.54497309212911,66.27455912272079,65.3386259822678,66.17875671386719,174499600
2009-07-07,66.1124499932789,66.19351575991936,64.85225346987576,64.89646911621094,197088900
2009-07-08,65.2870589794607,65.44182499459897,64.11529931155118,64.85225677490234,248050500
2009-07-09,65.30177914751542,65.5154974141659,64.78591134700548,64.9775161743164,163777600
2009-07-10,64.63112064157237,65.21331729214391,64.37318684006225,64.8227310180664,173520300
2009-07-13,65.0807246605693,66.45146626330192,64.55011428240952,66.3998794555664,217413500
2009-07-14,66.60618555205647,66.83464609311349,66.12716790000287,66.77568817138672,181487400
2009-07-15,67.66003875209077,68.91286936597054,66.82727913996659,68.72863006591797,220877900
2009-07-16,68.53704488502812,69.64985224188098,68.40439231518778,68.61811065673828,231174500
2009-07-17,69.31817946590304,69.5097898763702,68.93496426750491,69.36976623535156,138561700
2009-07-20,69.77512193071004,70.22466636277487,69.41401440451544,70.10675048828125,164179400
2009-07-21,70.65210447274477,70.67421229404671,69.58351292199715,70.43101501464844,217718300
2009-07-22,69.98146727664934,70.84370600204097,69.9298804885286,70.41627502441406,196068100
2009-07-23,70.46051013880576,72.28079614385963,70.40155218679062,71.97127532958984,258795500
2009-07-24,71.6322153949142,72.32495674747219,71.25637138760061,72.26599884033203,154003100
2009-07-27,72.13338833845954,72.51660933534993,71.73543066747588,72.4797592163086,159259400
2009-07-28,71.97128810333336,72.4945273696197,71.52910900727997,72.14078521728516,186685200
2009-07-29,71.80910685991843,72.28812451182179,71.47010724390113,71.9638671875,194399300
2009-07-30,72.8334767563447,73.5704339091013,72.66397413729445,72.71556091308594,225575400
2009-07-31,72.7008382307147,73.3051429873346,72.50185661256809,72.8187484741211,207358000
2009-08-03,73.58521922932441,74.08635064942489,73.18726142902044,74.02002716064453,175776900
2009-08-04,73.6883773762873,74.31479011424577,73.53361697908859,74.21161651611328,176714600
2009-08-05,74.26317080474013,74.32949987309642,73.38619560453046,73.99787139892578,184726400
2009-08-06,74.33690589068745,74.44744501890726,73.26831413006614,73.61468505859375,193203800
2009-08-07,74.3884808808745,75.19176173861439,73.98315206662309,74.58008575439453,220640900
2009-08-10,74.24106892215771,74.59481086240635,73.8946981284348,74.42530822753906,130898700
2009-08-11,74.09370653229401,74.14529333156223,73.29779109569341,73.49677276611328,157301000
2009-08-12,73.37146253435354,74.84537704487113,73.3346180451132,74.28529357910156,219052400
2009-08-13,74.62429772191331,74.88223165223152,73.88734042241101,74.85275268554688,176449500
2009-08-14,74.81587618608725,74.87483409866375,73.47461459892008,74.27790069580078,199616100
2009-08-17,72.84822155867403,72.92191615767,72.30287477905884,72.45026397705078,237667500
2009-08-18,72.61239880722933,73.28303262076601,72.47974627392195,73.02509307861328,173461500
2009-08-19,72.45027895197617,73.9168282010469,72.37658433774808,73.666259765625,192812800
2009-08-20,73.76204560365872,74.59481086240635,73.59991973785455,74.42530822753906,174131300
2009-08-21,75.03701915881344,76.00243177123555,74.88962989460275,75.884521484375,224605000
2009-08-24,76.19402048864654,76.60671480826133,75.6044523555925,75.87712860107422,191279000
2009-08-25,76.17927359371869,76.83516510190105,75.86238174866693,76.0245132446289,215310600
2009-08-26,75.78869358649379,76.378261734267,75.53075963029498,76.03189086914062,194620700
2009-08-27,75.98769763958144,76.43724221978681,75.12545860772798,76.201416015625,196230100
2009-08-28,76.81307141824362,76.90150270683142,75.66341406375402,76.18665313720703,147024400
2009-08-31,75.44233589136604,75.59709628056798,75.01489922259545,75.50865936279297,176051600
2009-09-01,75.13279975509415,76.08347541347018,73.68836402049955,73.84312438964844,321276800
2009-09-02,73.53360849266612,74.02000307561882,73.3788481133281,73.5630874633789,171805000
2009-09-03,73.99054240370089,74.26321311078615,73.39360293857929,74.1747817993164,143572300
2009-09-04,74.32215698576452,75.23598264057344,74.10107312643639,75.21387481689453,142687900
2009-09-08,75.90660425099715,75.94345436615367,75.45705983427071,75.86238861083984,132909100
2009-09-09,75.99501294011176,76.70249103266266,75.75918690926146,76.4445571899414,154612500
2009-09-10,76.49615253913043,77.27732529972141,76.0687160532258,77.22573852539062,162902400
2009-09-11,77.37312236319448,77.60158288163896,76.84988351036642,77.21099090576172,152360100
2009-09-14,76.55511182402049,77.719505548093,76.0171362172588,77.58685302734375,149593800
2009-09-15,77.71215878706367,78.19855338994888,77.20366198341158,77.91114044189453,196795900
2009-09-16,78.19118957644592,79.10501530156165,77.91851890004226,79.09027862548828,206406300
2009-09-17,78.97972422948058,79.63561587415552,78.5375509082728,78.97235870361328,229170900
2009-09-18,79.34108339935679,79.34848965519937,78.75611347278816,79.0226821899414,153799100
2009-09-21,78.40813949803069,79.23005925627986,78.2378350576418,78.82279968261719,151892000
2009-09-22,79.28927423897899,79.50401052705901,78.93384729507974,79.28186798095703,143126700
2009-09-23,79.46698881817933,79.99272017735885,78.48216547735632,78.62285614013672,225947400
2009-09-24,78.7931714227144,78.96347583172486,77.41590103558848,77.75651550292969,228636800
2009-09-25,77.58619832812936,78.01567091468353,77.07527384932114,77.34184265136719,204059000
2009-09-28,77.63802842399375,78.8968267610491,77.62322155737127,78.72651672363281,118285800
2009-09-29,78.86723369793343,79.24486824068602,78.32668967205012,78.48959350585938,133733900
2009-09-30,78.75615272827845,78.83019837565794,77.46774038604897,78.18598937988281,254383000
2009-10-01,76.26818481020686,78.28966442728547,76.23115915979386,76.2459716796875,281840600
2009-10-02,75.54246715583814,76.34217315010646,75.5202540419946,75.89048767089844,224748800
2009-10-05,76.19414759004006,77.24561064599537,75.97200496162283,77.02346801757812,149875000
2009-10-06,77.57877424854452,78.57100359474111,77.53434800818236,78.12672424316406,202491100
2009-10-07,77.94901626530286,78.42292069323251,77.80092501548171,78.34146881103516,159200300
2009-10-08,78.89681978745459,79.35590605332811,78.37848911236891,78.94124603271484,183305800
2009-10-09,78.96346966918794,79.42256164550781,78.75613963127569,79.42256164550781,135008300
2009-10-12,79.79279742401631,80.03714746078488,79.43737045794936,79.73355865478516,118031000
2009-10-13,79.51881568695742,79.75576509469774,79.05232312933978,79.57064819335938,157692700
2009-10-14,80.50363283916508,81.02195786378893,79.54102276564187,80.94050598144531,191421600
2009-10-15,80.54807441703049,81.23670959472656,80.51105442212132,81.23670959472656,173873600
2009-10-16,80.56288485225078,80.91089991213894,80.1408185058179,80.62952423095703,192069400
2009-10-19,80.76279902102496,81.54769285092333,80.51104275457429,81.29593658447266,159530400
2009-10-20,81.41439176577424,81.44401114092771,80.4740006142538,80.86644744873047,180921100
2009-10-21,80.74059271976154,81.68098414357239,80.08157696740375,80.14081573486328,225379300
2009-10-22,80.11118212247901,81.21447713618596,79.6002577301962,80.95531463623047,238444000
2009-10-23,81.221900408133,81.27373291898238,79.69653316868565,80.02974700927734,240033200
2009-10-26,80.11859703457986,80.94051657355578,78.94125618915588,79.16339874267578,242028200
2009-10-27,79.25223033559105,79.51879906975846,78.60802726911844,78.80054473876953,253266300
2009-10-28,78.60066066217163,78.84501639997443,77.26781631899377,77.31224822998047,248821400
2009-10-29,77.88979647441722,79.12637613477283,77.70467955582554,78.97087860107422,198110600
2009-10-30,78.71170848147118,78.94865788852717,76.59397068433103,76.68282318115234,325608100
2009-11-02,77.10487669273321,78.05267981297982,76.32738922798062,77.24556732177734,254222900
2009-11-03,76.81607833691787,77.60097753910384,76.66798713237118,77.48990631103516,228362600
2009-11-04,78.12672862239965,78.73391175509701,77.4899261113611,77.68984985351562,247996700
2009-11-05,78.23778987733863,79.14115537932877,78.07488614194627,79.11894226074219,180015300
2009-11-06,78.68206803039736,79.52620042007992,78.52657055327877,79.3262710571289,170954100
2009-11-09,79.93346670419204,81.17745236656484,79.87423359594104,81.13302612304688,159495700
2009-11-10,80.94048955127948,81.39958137226857,80.6887333473718,81.14781951904297,171899800
2009-11-11,81.68101007017643,82.05865027094903,81.17009107429519,81.56253814697266,169466200
2009-11-12,81.45143162234672,81.87349790568975,80.52584717209278,80.7331771850586,157144500
2009-11-13,80.940548448886,81.51811253630545,80.52588821162529,81.17009735107422,150963000
2009-11-16,81.73279227369217,82.70280844121831,81.68836603600879,82.34738159179688,210922200
2009-11-17,82.13266189635496,82.48068255978923,81.8216668713232,82.44365692138672,147134100
2009-11-18,82.38442220686024,82.51030033607,81.87349778330167,82.3918228149414,156486800
2009-11-19,81.82908552161453,82.4214562805325,80.80723649986984,81.31816101074219,208734600
2009-11-20,80.89605830187652,81.27369823365301,80.71834771899482,81.02934265136719,134196000
2009-11-23,81.98454814283416,82.73982237483416,81.89569002464451,82.05859375,148010200
2009-11-24,82.19190027606462,82.33999153034785,81.45883896351991,82.18449401855469,138420100
2009-11-25,82.31776149232672,82.56211709607071,82.05859902592464,82.47325897216797,109564800
2009-11-27,80.26668047853337,81.68837676429689,80.18522859920452,81.13302612304688,126001800
2009-11-30,81.06639091056151,81.59952280804445,80.0593545775618,81.4070053100586,160874800
2009-12-01,82.13268114057766,82.68063134086297,81.99199611018706,82.4140625,159613700
2009-12-02,82.3992349140074,82.93977875616977,82.1326661218889,82.37702178955078,132315100
2009-12-03,82.59914693186553,83.06563939513869,81.66615635600087,81.73279571533203,167324900
2009-12-04,82.81388643414056,83.21373958111052,81.48104826022636,82.19930267333984,274907800
2009-12-07,82.12526344782317,82.58434973989931,81.8142627652936,82.07342529296875,127973800
2009-12-08,81.48106000343842,82.02159821847829,80.91089675548047,81.16265869140625,169863700
2009-12-09,81.14043043959971,81.58470981211103,80.72576479584627,81.46623229980469,155063400
2009-12-10,81.96973446134066,82.28073504590469,81.78461762141052,81.92530822753906,138014600
2009-12-11,82.27335357666016,82.45847047235972,81.90311978526103,82.27335357666016,124854000
2009-12-14,82.83612823486328,82.93238700745583,82.28817803891039,82.83612823486328,107141500
2009-12-15,82.53250167650545,82.87311602714489,82.191887325866,82.4510498046875,120408800
2009-12-16,82.78430105835182,83.02865113520376,82.39184838480713,82.57696533203125,155358200
2009-12-17,81.98456996116367,82.14006747238939,81.51067117000358,81.584716796875,183390100
2009-12-18,82.03884140512702,82.11329136059948,81.35394498075995,82.0462875366211,174591200
2009-12-21,82.4557197710631,83.15550261063147,82.4557197710631,82.88005828857422,118039600
2009-12-22,83.05872582989286,83.35650854173647,82.95450273270752,83.17784118652344,91707500
2009-12-23,83.37883110448692,83.4607214822717,83.00660417991332,83.34160614013672,111783100
2009-12-24,83.52029083847835,83.8255140058711,83.37884276983641,83.7361831665039,39677500
2009-12-28,84.04884262133378,84.11584074301345,83.61705801584618,83.91484069824219,87508500
2009-12-29,84.13076123904264,84.14564782227953,83.78831302725254,83.7957534790039,80572500
2009-12-30,83.55007403381212,83.86274334736319,83.50540293206683,83.76596069335938,73138400
2009-12-31,83.95207167267905,83.97441006274813,82.92472723909059,82.96195220947266,90637900
2010-01-04,83.65425979948125,84.41360003342346,83.01402919765144,84.36893463134766,118944600
2010-01-05,84.31685608817332,84.62952538448558,84.01162724196406,84.59230041503906,111579900
2010-01-06,84.51043787150493,84.86033225255088,84.44343972010537,84.65188598632812,116074400
2010-01-07,84.49551840729193,85.11341651296566,84.25729338434614,85.00919342041016,131091100
2010-01-08,84.78586244133251,85.32931634013295,84.61464120837329,85.2920913696289,126402800
2010-01-11,85.67175156268166,85.70897084783832,85.04640736688846,85.41119384765625,106375700
2010-01-12,84.84544114145471,85.02410854872359,84.28710052397184,84.61466217041016,163333500
2010-01-13,84.83054946870573,85.56756317832688,84.39877037144218,85.32933807373047,161822000
2010-01-14,85.23253516974111,85.71643139603663,85.1804236179698,85.56009674072266,115718800
2010-01-15,85.41122757347378,85.49311230504463,84.27220794706393,84.59976959228516,212283100
2010-01-19,84.58488831195322,85.70901006538473,84.56254991495929,85.65689849853516,139172700
2010-01-20,85.07621004544278,85.20276587396062,84.10842316416458,84.78587341308594,216490200
2010-01-21,84.80822208892637,85.06877992601505,83.05130970207858,83.15553283691406,344859600
2010-01-22,82.78329622116641,83.18530212922958,81.21249756696432,81.30183410644531,345942400
2010-01-25,82.04624278571522,82.19513693571389,81.45068322491376,81.71868133544922,186937500
2010-01-26,81.39859155967385,82.23982815192912,81.17525878417915,81.37625885009766,211168800
2010-01-27,81.27203960510734,81.94949545294287,80.64670098839743,81.76338195800781,271863600
2010-01-28,82.03140380326572,82.07606923431362,80.33404926663334,80.82538604736328,316104000
2010-01-29,81.17525716321427,81.74104374002192,79.82035123856392,79.94690704345703,310677600
2010-02-01,80.51272750986767,81.1976240502357,80.0288311160099,81.19017791748047,187865000
2010-02-02,81.33902874365737,82.32914804150296,81.05613264735968,82.17281341552734,216327900
2010-02-03,81.80060124915495,82.2472781807856,81.52515691168026,81.76338195800781,172730700
2010-02-04,81.13060669923505,81.16782599473491,79.22480042600131,79.23969268798828,356715700
2010-02-05,79.32900770599534,79.56723273263037,77.85499212860742,79.40345764160156,493585800
2010-02-08,79.46301545372349,79.90224625106691,78.77067303194015,78.83023071289062,224166900
2010-02-09,79.75336208632616,80.51270841468222,79.11313113486274,79.82036590576172,337820500
2010-02-10,79.69381082692502,80.1032571594422,78.9940221804356,79.66403198242188,240511500
2010-02-11,79.55980993749051,80.58715452787608,79.09824636107929,80.49781799316406,223591600
2010-02-12,79.64912251154918,80.47546680883909,79.29178781418373,80.43080139160156,304622100
2010-02-16,81.04124800153932,81.77825573577509,80.267015302251,81.69636535644531,159317500
2010-02-17,82.09095943427975,82.19518824420685,81.6963996300176,82.0835189819336,168845100
2010-02-18,81.94952258855017,82.73864225085816,81.91974373793202,82.56742095947266,193708600
2010-02-19,82.35151855059814,83.05874770774618,82.15795888495585,82.73863220214844,222684900
2010-02-22,83.04386143997404,83.0661941553765,82.50785355137775,82.75352478027344,132346900
2010-02-23,82.53015292277017,82.78326450138111,81.53258182653805,81.74847412109375,207497000
2010-02-24,81.99417533521576,82.63440632508615,81.78572909288292,82.50040435791016,176350700
2010-02-25,81.32415580173563,82.44828296567883,81.10082300289666,82.38872528076172,259634700
2010-02-26,82.46316675656499,82.72373019932674,81.97183007195886,82.44083404541016,173589300
2010-03-01,82.78329142004473,83.37885695590907,82.76095870640324,83.29696655273438,147709700
2010-03-02,83.65431726300781,83.92976167132353,83.37886717495752,83.52775573730469,160992400
2010-03-03,83.74364579550961,84.10098628681607,83.39375143603344,83.60220336914062,150785000
2010-03-04,83.7138452045613,83.97440863333439,83.40117590571312,83.85529327392578,135770400
2010-03-05,84.3987309548533,85.12084638360375,84.19772524438305,85.05384826660156,176118800
2010-03-08,85.06134616783055,85.25490018790957,84.91989803953521,85.06878662109375,114631200
2010-03-09,84.81566055075808,85.60478012307003,84.7709951197923,85.21022033691406,154556700
2010-03-10,85.24745651671017,85.82068378178109,85.17301222874104,85.58990478515625,186088800
2010-03-11,85.38887171799662,85.96955061026391,85.12831395336384,85.94721221923828,160791100
2010-03-12,86.31943937946026,86.33433164017151,85.71643345452044,85.95465850830078,162074800
2010-03-15,85.80576850898197,86.03654742845141,85.31442614913105,85.97698974609375,146816800
2010-03-16,86.21523397343445,86.74379574253184,85.97700887074642,86.66191101074219,168673000
2010-03-17,86.92245597765408,87.45846379938574,86.66933864862142,87.17556762695312,177468100
2010-03-18,87.18300907519026,87.30211876265909,86.78100323048301,87.13089752197266,196509100
2010-03-19,86.68986511230469,87.67659094043348,86.35347780761712,86.68986511230469,226641100
2010-03-22,86.19651863243149,87.31032739986884,86.14419246707783,87.1533432006836,184477800
2010-03-23,87.2804301711626,87.84107012860278,86.99636894272652,87.76631927490234,182941600
2010-03-24,87.43739882200387,87.78125727277795,86.39834667421677,87.34021759033203,196072600
2010-03-25,87.93072424298866,88.33438549184427,87.09350598147037,87.19815826416016,223396300
2010-03-26,87.36265548556041,87.77378802148365,86.80201554310874,87.1458740234375,205808500
2010-03-29,87.58690651736616,87.85601414131264,87.22810015418709,87.69903564453125,134513500
2010-03-30,87.80366893997113,88.08025329993188,87.39253650033136,87.75881958007812,145772500
2010-03-31,87.42241482961819,87.84850077296142,87.168260903434,87.45979309082031,161078700
2010-04-01,88.05781555175781,88.39419710728082,87.53454838379486,88.05781555175781,161215200
2010-04-05,88.39420737459729,88.83524127431616,88.14752449689543,88.77544403076172,105847600
2010-04-06,88.52126178825506,89.14170436980875,88.42408630202385,88.98472595214844,110384200
2010-04-07,88.8053586112297,89.22396789350948,88.06530986889744,88.47644805908203,184576300
2010-04-08,88.16993969886455,88.93241292923632,87.90830896417711,88.78290557861328,158704000
2010-04-09,88.96977663449799,89.40333935346939,88.80532711986353,89.365966796875,133006500
2010-04-12,89.47810939068609,89.73974585865793,89.37345708474652,89.50801086425781,110279000
2010-04-13,89.41828556480726,89.7322423892943,88.95482141690646,89.57526397705078,125043600
2010-04-14,89.90419645143173,90.5919189453125,89.76217157922235,90.5919189453125,161609000
2010-04-15,90.44239071364737,90.87595343077332,90.4124892466261,90.6666488647461,144615300
2010-04-16,90.3452173641027,90.66665101329637,88.76795058586411,89.22393798828125,366786700
2010-04-19,88.96234365038356,89.65006058000557,88.55868222566,89.56035614013672,217947800
2010-04-20,90.1209776282101,90.43494025198594,89.60519288802986,90.36018371582031,157708000
2010-04-21,90.41249252120267,90.62180279793242,89.69487439606631,90.19571685791016,192910100
2010-04-22,89.56032281640142,90.57694994415027,89.0445381626609,90.4648208618164,115360300
2010-04-23,90.40503564712498,91.0927524122961,90.17330065865868,91.05537414550781,177335500
2010-04-26,91.08527719584927,91.28711071500513,90.62181861713546,90.71151733398438,143457300
2010-04-27,90.18824011182555,90.70402475330587,88.3941919464943,88.56612396240234,355853300
2010-04-28,88.99220684910752,89.46314212381024,88.40913679546193,89.23888397216797,300674100
2010-04-29,89.77713628606867,90.53213296038687,89.75471160220881,90.34525299072266,193775000
2010-04-30,90.36018610222276,90.4573673205554,88.79039575437758,88.81282043457031,270000900
2010-05-03,89.23891698432286,90.21069506343368,89.10436318418634,89.9640121459961,182747900
2010-05-04,88.96231145131647,88.97725933432228,87.39999248203124,87.84850311279297,360353400
2010-05-05,87.13087677991778,88.05780512664313,86.68984298364039,87.32523345947266,328973200
2010-05-06,86.90662272090658,87.45978557983668,78.48955116139189,84.42485809326172,647356600
2010-05-07,84.20061964084769,85.04531485964928,81.78613417236612,83.1690444946289,637558800
2010-05-10,86.57024224205664,87.19816166581255,85.89747917084074,86.83187866210938,396159600
2010-05-11,86.01708095052862,87.7289015349564,85.89748077903045,86.58519744873047,317849800
2010-05-12,86.9290835577251,87.92328632144905,86.77957616668174,87.79620361328125,235607100
2010-05-13,87.55699853313969,87.96813673449891,86.63007551013077,86.70482635498047,234452500
2010-05-14,86.05446912695089,86.21144757813475,84.37254981739468,85.13501739501953,345601400
2010-05-17,85.36674289107494,85.60594895415095,83.55026988914314,85.17986297607422,325739800
2010-05-18,85.87508644411733,86.12924618280141,83.74465581056795,84.021240234375,360556800
2010-05-19,83.55027962393723,84.29779937103672,82.49627974615092,83.54280853271484,394742700
2010-05-20,81.76373979807644,82.14497661477337,80.33597948946687,80.3883056640625,530418300
2010-05-21,79.16977661835543,81.7636639565853,78.75863869708786,81.56183624267578,500909400
2010-05-24,81.12085487846264,81.77119922726938,80.44061475320132,80.51536560058594,269823000
2010-05-25,78.57180953698428,80.6349658580795,78.02611755345005,80.59758758544922,396505200
2010-05-26,81.09094141399031,81.83098433698659,79.87248062521473,80.11168670654297,349719300
2010-05-27,81.62165975728557,82.82516666349392,81.31517401079161,82.7952651977539,300870500
2010-05-28,82.7056193331586,82.7654223069625,81.36755773570471,81.75627136230469,297933500
2010-06-01,80.99377968594659,82.18981038032419,80.26121338075716,80.38081359863281,277909400
2010-06-02,80.79193465438732,82.48132515607308,80.36584863183855,82.4738540649414,240243700
2010-06-03,82.7130699469308,83.01955011018661,81.91322396066128,82.75791931152344,226618300
2010-06-04,81.18810503237947,81.72632006231582,79.58093673552011,79.85004425048828,398475600
2010-06-07,80.13414696602607,80.44063292359512,78.79609109715862,78.85588836669922,264609100
2010-06-08,78.91564080522228,79.85751706063589,78.22792416932359,79.7005386352539,357774300
2010-06-09,80.16398889936836,80.9414098571119,78.93805738607462,79.27444458007812,268023300
2010-06-10,80.62747291791044,81.68894949182335,79.26698733220053,81.5917739868164,317890600
2010-06-11,80.87413548353202,82.04026406344417,80.82180934733393,81.9879379272461,214128200
2010-06-14,82.61589952560648,83.06441604269332,81.77868086037648,81.86090850830078,207196100
2010-06-15,82.4364863480462,83.79697221725708,82.29445575464342,83.72222137451172,238268700
2010-06-16,83.2886527811034,84.03617256345713,83.12419751648584,83.69231414794922,216374000
2010-06-17,83.93151082203173,83.9688890882,83.01206478676839,83.82685852050781,263185800
2010-06-18,83.99286924498243,84.21818871088675,83.64737481305625,83.91776275634766,174006600
2010-06-21,84.96173049562648,85.02181222863253,83.21172180734995,83.6773910522461,213140700
2010-06-22,83.67738543787574,84.04541109771444,82.1752333386503,82.29540252685547,239355400
2010-06-23,82.34800789389075,82.64092720250225,81.4767623357856,82.04006958007812,254639900
2010-06-24,81.63444983966238,81.7396000181068,80.4702797822713,80.68058013916016,268523600
2010-06-25,80.9209492598097,81.43168131181291,80.19240441927869,81.01859283447266,238726500
2010-06-28,81.13876750034576,81.35658030350919,80.47031008695946,80.76322937011719,169218600
2010-06-29,79.62908394049843,80.74819143195036,77.77393082559152,78.26963806152344,373649500
2010-06-30,78.0518359384347,78.77286838996046,77.27071601671766,77.52608489990234,284101700
2010-07-01,77.4735223290917,77.72888552333043,75.95634497773607,77.18060302734375,382924800
2010-07-02,77.44344589160058,77.67627761513246,76.32434426946507,76.75996398925781,233385200
2010-07-06,77.8415556621269,78.38984394152611,76.5196596272015,77.26322937011719,256935300
2010-07-07,77.45849131180773,79.79433889904938,77.37587246619415,79.69670104980469,253769400
2010-07-08,80.36516134930068,80.57546178926142,79.54649096084528,80.48533630371094,210842100
2010-07-09,80.46277191035702,81.0936787465028,80.31255899855127,81.08616638183594,144999900
2010-07-12,80.81577002663144,81.29645816998166,80.47778814561335,81.13873291015625,131283600
2010-07-13,81.9799941518605,82.68600210526606,81.81475641906607,82.36304473876953,213025900
2010-07-14,82.10013800793399,82.6784698938336,81.76215600830922,82.35550689697266,184426800
2010-07-15,82.32548426866882,82.66346635494902,81.24393242415911,82.37805938720703,232337900
2010-07-16,81.93489657809594,82.0250277813259,79.95205594908815,80.10978698730469,282693400
2010-07-19,80.40269013723017,80.83830987331672,79.77929566611223,80.58294677734375,186709000
2010-07-20,79.51645867693705,81.5368502492553,79.4789025657094,81.47676849365234,258162400
2010-07-21,81.89733002900518,81.9198613927975,80.0872340676177,80.41770935058594,264527000
2010-07-22,81.37158412521771,82.57331050193855,81.36407748979883,82.2127914428711,274781300
2010-07-23,82.04756700894214,83.04649978530085,81.81473520778219,82.92633056640625,222020800
2010-07-26,83.0690521524784,83.87270370472763,82.8362202924672,83.79008483886719,184445700
2010-07-27,84.24821054366487,84.33834174474266,83.45207165670801,83.78254699707031,204855600
2010-07-28,83.6097859150716,83.86515475259333,82.9638600516558,83.24176025390625,163056200
2010-07-29,83.76002515452447,83.98535033312983,82.17525945796076,82.8362045288086,220149100
2010-07-30,81.99496168890634,83.2642819028979,81.85226115219037,82.8211441040039,220070600
2010-08-02,84.11303612320788,84.8265620708838,83.77505406869555,84.69136810302734,188263200
2010-08-03,84.48106329948155,84.6988703801274,84.00788157121495,84.28578186035156,146657300
2010-08-04,84.51859997094306,84.95422552211248,84.24070545712453,84.84907531738281,158171700
2010-08-05,84.30830469915948,84.80401774902744,84.18062311852927,84.75894927978516,140473800
2010-08-06,83.9252363105851,84.54863080800051,83.30935417814912,84.41343688964844,239728300
2010-08-09,84.81152249082055,85.00680390582359,84.36087792026144,84.86409759521484,120800400
2010-08-10,84.1430921061729,84.85661815766247,83.64738463874859,84.40596771240234,242916300
2010-08-11,83.10658789603413,83.136631633552,81.95744215469655,82.09263610839844,273406900
2010-08-12,80.85338005910138,81.88235111640736,80.81582394492969,81.58943176269531,239542600
2010-08-13,81.33402580018026,81.83724537630327,81.25140697660717,81.34904479980469,158698500
2010-08-16,80.79327894665161,81.57439900160516,80.50035964232622,81.3115234375,147895300
2010-08-17,82.01001416017766,82.91130333058794,81.77717663578719,82.31044006347656,172270300
2010-08-18,82.272886165757,82.90378741196223,81.79971023110308,82.46065521240234,182922100
2010-08-19,82.03256071667785,82.23534881197266,80.68813334856982,81.02611541748047,265847600
2010-08-20,80.78576074108976,81.07117338742803,80.17739080380174,80.76322937011719,209714200
2010-08-23,81.14625745335861,81.5443268446058,80.41771276511125,80.45526885986328,163490300
2010-08-24,79.57654385861298,79.90701931481867,78.84049218102906,79.26109313964844,280677800
2010-08-25,78.82545348751259,79.86944906085633,78.32974612122878,79.56902313232422,272234800
2010-08-26,79.944568294784,80.04971852505705,78.7728852956221,79.0357666015625,224439500
2010-08-27,79.5314799953791,80.34264388731029,78.34477790128624,80.26002502441406,272649000
2010-08-30,80.04968736528451,80.29754383884485,79.08831093114745,79.09581756591797,167238600
2010-08-31,78.80289836271233,79.59904287806471,78.47993542965794,79.09581756591797,273933100
2010-09-01,80.16237973613978,81.57440118269959,80.10980462191303,81.46173858642578,256828100
2010-09-02,81.65698413426385,82.23531013647454,81.48423413189927,82.22029113769531,156112200
2010-09-03,83.02395160218795,83.3619335502842,82.58081372975012,83.28682708740234,212197300
2010-09-07,82.89628775644167,83.00143797299707,82.28040546079274,82.3479995727539,141973700
2010-09-08,82.51323634151898,83.2568002160591,82.47568023734487,82.92633056640625,149924400
2010-09-09,83.85763706476236,83.8801684280609,83.08402969681794,83.3093490600586,147017900
2010-09-10,83.45956975381685,83.82759540068224,83.27180074803273,83.7299575805664,127819000
2010-09-13,84.55613522158873,84.83402966688446,84.21814759236408,84.66128540039062,178503500
2010-09-14,84.49609441377298,85.08944545328734,84.18064370322351,84.60875701904297,209823600
2010-09-15,84.36087454144574,85.02933186922434,84.10551139611746,84.93169403076172,168608400
2010-09-16,84.66880506475879,84.96172426385583,84.38339250032699,84.90914916992188,199962900
2010-09-17,85.35617790677493,85.43923904965337,84.70679393205295,84.94087219238281,195836900
2010-09-20,85.23538891667066,86.42844414200572,84.96355340302631,86.23966979980469,214555200
2010-09-21,86.30763282320996,86.71538033871478,85.71110520180247,86.06600189208984,268389100
2010-09-22,85.93006807914627,86.41332985109973,85.40149655542952,85.64312744140625,191322400
2010-09-23,84.94087270877013,85.83188753339151,84.70679444701722,84.94842529296875,202354300
2010-09-24,85.89232528556906,86.76068840767624,85.81681670124141,86.70027923583984,209671800
2010-09-27,86.73047591564904,86.82863649023336,86.2019101126024,86.28496551513672,128761800
2010-09-28,86.39817800176337,86.8663401108178,85.46185954458616,86.58695220947266,209207500
2010-09-29,86.36801237999045,86.76821871996714,86.09617693744572,86.43597412109375,179665800
2010-09-30,86.87392344492285,87.43269368448208,85.77147661202262,86.17922973632812,287106700
2010-10-01,86.82863717142202,86.92680350771167,86.02823587454776,86.54170227050781,174638700
2010-10-04,86.36046578820059,86.72290920527794,85.46189830843359,85.89230346679688,166153200
2010-10-05,86.68513370991016,87.83287855956335,86.58696741766309,87.62145233154297,229634100
2010-10-06,87.6063466483059,87.8404306230299,87.25900273847806,87.61389923095703,148626600
2010-10-07,87.96881895602706,87.99147094903023,86.97964352199469,87.50820922851562,164860000
2010-10-08,87.62900465139056,88.24063134646242,87.29676014496503,87.9990005493164,177760100
2010-10-11,88.13494122639808,88.32371551594711,87.78004464029645,88.08208465576172,103098300
2010-10-12,87.79512877638442,88.61063494800028,87.3269723067381,88.3539047241211,182210000
2010-10-13,88.84474788769631,89.51678399964983,88.6333158121155,89.04106903076172,194347200
2010-10-14,88.95800848106053,89.1090313932273,88.13495521325808,88.6937255859375,217764300
2010-10-15,89.31286605959164,89.36572261549772,88.16512123380305,88.87490844726562,243705000
2010-10-18,88.9051587345206,89.60739948749284,88.58046664957782,89.31291198730469,141204800
2010-10-19,88.48986118303687,88.98822244337981,87.60639289630987,88.14251708984375,280604700
2010-10-20,88.30107808326609,89.43372400732673,88.248221503914,89.0033187866211,200051800
2010-10-21,89.40352550240816,89.92453874545896,88.50495783140236,89.19964599609375,221585500
2010-10-22,89.3355333406456,89.50165561934291,89.10145509026313,89.36573791503906,108212400
2010-10-25,89.96227235445421,90.43043465287847,89.56207179398001,89.6300277709961,151145700
2010-10-26,89.17697925790333,89.73574957967203,89.00331012590371,89.6451416015625,158982900
2010-10-27,89.01840123184809,89.48656353183817,88.54269210834251,89.38839721679688,190024000
2010-10-28,89.90185686771999,89.93961402624728,88.97309068165733,89.40349578857422,168576000
2010-10-29,89.31288111122258,89.64512566772864,89.1543114167811,89.47145080566406,144305500
2010-11-01,89.90941635549191,90.42288264184958,88.98819692165014,89.50166320800781,174074800
2010-11-02,90.17367625882493,90.42285963459626,89.93204546560402,90.21143341064453,158345900
2010-11-03,90.37004746208339,90.62677778556069,89.44127522393858,90.57392120361328,226702800
2010-11-04,91.57819368746486,92.36349551988508,90.5890181320683,92.31819152832031,215039400
2010-11-05,92.37860193836724,92.81655975983507,92.25778936471748,92.66554260253906,180654100
2010-11-08,92.3785784575963,92.64286705709041,92.07654421977529,92.4918441772461,156107100
2010-11-09,92.74102889275758,92.83918944531555,91.457366081438,91.82736206054688,186621600
2010-11-10,91.80472440404458,92.24268218864643,91.11003632146324,92.19737243652344,221387400
2010-11-11,91.40453197201877,91.98595436776559,91.1251438924891,91.85003662109375,158017600
2010-11-12,91.23085772356204,91.63105838032273,90.34739524419199,90.7626953125,239068800
2010-11-15,91.04963658149725,91.40453324502391,90.59657933992646,90.63433074951172,163940800
2010-11-16,90.0755478214176,90.22656496063519,88.79187909432973,89.2222900390625,299566200
2010-11-17,89.2600255411043,89.63757408281995,88.99574271409004,89.267578125,172308900
2010-11-18,90.12841706194394,90.906166383987,90.12086447564131,90.58147430419922,197723700
2010-11-19,90.53617046296843,90.86840936869119,90.04535604929671,90.83065795898438,156852900
2010-11-22,90.3775935790477,90.79289361863972,89.68289971626305,90.75514221191406,181361000
2010-11-23,89.68290746576939,89.87168179851456,89.09393246935409,89.44127655029297,222309000
2010-11-24,90.00759799455597,90.78535307122402,89.99249858300863,90.7626953125,140046100
2010-11-26,89.97736364728806,90.46817210142618,89.70552825927734,89.70552825927734,76007800
2010-11-29,89.47900437556903,90.21900205205117,88.90512897917066,89.97737121582031,223642300
2010-11-30,89.08635544527768,89.98491704711273,88.95798456421538,89.47145080566406,233930700
2010-12-01,90.76268070793887,91.54798248355054,90.75513388384724,91.37431335449219,221037200
2010-12-02,91.51778317417889,92.61267762862671,91.46492659782173,92.54471588134766,191213600
2010-12-03,92.22758418790669,92.8996203271417,92.2049321905515,92.79390716552734,151288900
2010-12-06,92.59755055294416,92.90714311332404,92.49939000891153,92.69571685791016,103050500
2010-12-07,93.58675459608749,93.63961117291717,92.69573961457657,92.74859619140625,206581000
2010-12-08,92.86183798842421,93.16387220047318,92.43143289922779,93.08836364746094,138019200
2010-12-09,93.60938298395565,93.6471343802077,92.99020362827531,93.45081329345703,123705100
2010-12-10,93.73778599612893,94.0851300911081,93.42819907359917,93.99452209472656,117571700
2010-12-13,94.42490288213985,94.53816284825588,94.02469654510455,94.05490112304688,133812700
2010-12-14,94.19836386294726,94.56081300821272,93.85101988590695,94.13795471191406,147249600
2010-12-15,93.96428606150276,94.3342820317491,93.54898034729398,93.70755004882812,160823100
2010-12-16,93.76799696670446,94.31922061294712,93.44330484871189,94.25125885009766,185035200
2010-12-17,94.18519216465037,94.47363602189614,93.98783279325522,94.35218811035156,141075300
2010-12-20,94.61026607382766,94.80762544007435,94.10928404102441,94.57990264892578,119085500
2010-12-21,94.8759521878527,95.24030754684773,94.78486769152792,95.17958068847656,94965500
2010-12-22,95.24784614567253,95.50592646138132,95.19471162236609,95.4755630493164,78878100
2010-12-23,95.369337424913,95.47560651991081,95.10366468741847,95.33897399902344,70053700
2010-12-27,94.98221148938258,95.46801472373855,94.91389812419096,95.3769302368164,58126000
2010-12-28,95.56671487981816,95.60466482593715,95.26308635470409,95.51358032226562,55309100
2010-12-29,95.62742669801149,95.79441685888084,95.56669984429635,95.58187866210938,58033100
2010-12-30,95.49079582449211,95.74128396574463,95.28584413746631,95.43006896972656,76616900
2010-12-31,95.28583913678247,95.54392536037562,95.13402779906744,95.45283508300781,91218900
2011-01-03,96.18152715297224,96.85709736116497,95.41486667951071,96.43961334228516,138725200
2011-01-04,96.65213964872413,96.68250306675624,95.78680250411342,96.38646697998047,137409700
2011-01-05,96.0828484104924,96.94818564354,95.99175814708671,96.88745880126953,133975300
2011-01-06,96.92540798924155,97.03167706043328,96.40924144721163,96.69768524169922,122519000
2011-01-07,96.82674949251135,96.98615313891351,95.7564662120307,96.50794219970703,156034600
2011-01-10,96.08283859088921,96.52309946551004,95.79438901519907,96.38646697998047,122401700
2011-01-11,96.73568831459657,96.96340538237426,96.36374059213044,96.72809600830078,110287000
2011-01-12,97.3201539833998,97.70727465524197,96.75084695462554,97.60100555419922,107929200
2011-01-13,97.63895451690942,97.68449675956111,97.1986935338389,97.44158935546875,129048400
2011-01-14,97.30497092316922,98.17030835471249,97.23665755336769,98.14753723144531,117677900
2011-01-18,98.05645261311096,98.40562918144566,97.94259698347186,98.31454467773438,114401300
2011-01-19,98.23103165287039,98.32970265596633,97.09242920089899,97.35050964355469,151958400
2011-01-20,97.13035291985923,97.464338944237,96.50032500995553,97.22144317626953,175745700
2011-01-21,97.82872158293314,98.04884628323714,97.33532026179397,97.44158935546875,151462900
2011-01-24,97.38087245306237,98.10958315732343,97.35810132941018,97.9957275390625,113715500
2011-01-25,97.7376074145669,98.13232608188547,97.24421776726398,98.048828125,167552200
2011-01-26,98.29176376097213,98.71684017923613,98.09439857930407,98.42839050292969,141281500
2011-01-27,98.45117409160531,98.83830640776105,98.27659159395645,98.67131042480469,123302700
2011-01-28,98.78513238565316,98.94454179958079,96.78878515904127,96.94818878173828,295637300
2011-01-31,97.21389741605184,97.75282950423004,96.97098996380011,97.67691802978516,149249200
2011-02-01,98.26900157593238,99.41519070675695,98.20827471316181,99.24060821533203,167194300
2011-02-02,98.98248682816285,99.31647868321943,98.92935807801912,99.05081176757812,118323600
2011-02-03,98.87620876521255,99.4227387361294,98.3524614936725,99.27092742919922,145886700
2011-02-04,99.3088925325373,99.58974405601114,98.85344698626386,99.55178833007812,134634800
2011-02-07,99.77196525245084,100.5006645245115,99.76436715469086,100.17427062988281,112439100
2011-02-08,100.26530814175875,100.6827979365373,99.99204314721831,100.62966918945312,99072800
2011-02-09,100.35640478586957,100.67521201763397,99.90095926480002,100.40194702148438,146436700
2011-02-10,99.89338085206175,100.55376648693995,99.66565807306392,100.43991088867188,162708500
2011-02-11,100.04518857608517,101.1686062409186,100.02241745725121,101.03956604003906,137710300
2011-02-14,100.97885564363685,101.36597630933174,100.86500003092162,101.28247833251953,101690700
2011-02-15,100.97128217883628,101.12309354289626,100.43993661339398,100.96368408203125,119575400
2011-02-16,101.30528212223811,101.72276051072599,101.10033039423088,101.601318359375,130183500
2011-02-17,101.30527119024343,102.04155686369697,101.21417510847854,101.9049301147461,109810500
2011-02-18,101.99600844483892,102.23891587156733,101.76069911423552,102.11746215820312,130002400
2011-02-22,101.04714012450987,102.14020002395112,99.794682412835,100.06794738769531,233116400
2011-02-23,100.00724157741541,100.25014897612272,98.83828157290776,99.453125,227584000
2011-02-24,99.34685199767836,99.77192834621981,98.45114547828443,99.38479614257812,260431400
2011-02-25,99.80231981728323,100.50825952168464,99.74159294940719,100.4475326538086,141686900
2011-02-28,100.81944109437475,101.1989751838748,100.48544924242091,101.0699234008789,141585500
2011-03-01,101.3887473556367,101.47983183533506,99.35443851016595,99.38479614257812,258565500
2011-03-02,99.24817457979604,100.06038317418016,98.94455191005123,99.59735107421875,200277400
2011-03-03,100.5006498475329,101.42671420665447,100.49306333334694,101.31285858154297,176480100
2011-03-04,101.23693644568594,101.43430161837495,99.89339388103924,100.55377960205078,277202300
2011-03-07,100.8497861273965,101.07750886914232,99.24056549532293,99.76431274414062,216790400
2011-03-08,99.92373449644208,100.95606768190132,99.49107165782804,100.63726043701172,174615000
2011-03-09,100.4399132392396,100.8042627446859,99.89338318983918,100.4930419921875,153806000
2011-03-10,99.43794949075526,99.57457622818305,98.53465634066036,98.63333892822266,301291800
2011-03-11,98.31452607471223,99.67325318865568,98.29175495309315,99.31649017333984,225621800
2011-03-14,98.67123939590935,99.0431752500102,97.96530023386426,98.71678161621094,234974100
2011-03-15,96.0904274662018,98.1702782183506,96.02211411737115,97.5857925415039,359585400
2011-03-16,97.27458773889049,97.59340658378768,95.09606565435139,95.77922821044922,468670300
2011-03-17,97.16072875786473,97.45676489000039,96.47756622553985,97.04686737060547,254303700
2011-03-18,98.22319951983499,98.2537006639056,97.20925750227015,97.39984893798828,230435400
2011-03-21,98.61201011117993,99.11516264330582,98.49764827400493,98.90933227539062,153992600
2011-03-22,98.8940769535978,99.02367772328208,98.47477350298567,98.56625366210938,129538600
2011-03-23,98.29180753953096,99.10754445066596,97.82677561380608,98.84834289550781,148603100
2011-03-24,99.41249538477314,99.93852964652498,98.85597160953056,99.7936782836914,159129800
2011-03-25,100.05286222167926,100.53314462350214,99.78602961739672,100.09860229492188,155642800
2011-03-28,100.31208412518069,100.5712856814516,99.8241705234093,99.85466003417969,109762400
2011-03-29,99.77083483105156,100.55607088148003,99.44302303434813,100.52558135986328,129798800
2011-03-30,101.05156269484858,101.51660617656594,100.90671136947788,101.21928405761719,135835000
2011-03-31,101.08971575919513,101.36416792886672,100.97535390271052,101.08208465576172,132537100
2011-04-01,101.70720230773352,101.98165440205075,101.26502884284598,101.50897979736328,153850100
2011-04-04,101.72244286632527,101.90541480971214,101.30315106599231,101.59284210205078,100768900
2011-04-05,101.39464948361874,102.02741448159281,101.34890939772787,101.57762145996094,120791500
2011-04-06,102.06552564817856,102.15700581149105,101.48612025979241,101.8978042602539,120411600
2011-04-07,101.71486334312632,102.14178641258044,101.13546941069306,101.63863372802734,170731500
2011-04-08,102.08845062526595,102.14944131122071,100.86866017173841,101.2879638671875,147945400
2011-04-11,101.39465123370286,101.73771351658442,100.73901618146701,100.98297882080078,121385400
2011-04-12,100.41880950089211,100.61702039226229,99.86228580501556,100.22821807861328,161187400
2011-04-13,100.69328230354012,100.76951190844805,99.83943627878158,100.22061920166016,162059000
2011-04-14,99.64120183850466,100.44930767745113,99.31339014763243,100.29683685302734,161220400
2011-04-15,100.47984325101446,100.91438583115541,100.1825209700394,100.66280364990234,170006700
2011-04-18,99.55733964617365,100.65514817799611,98.7339832473068,99.53446960449219,210759300
2011-04-19,99.68695104750623,100.13675572498038,99.4430000326535,100.10625457763672,124258800
2011-04-20,101.30318006799716,101.69198247213052,101.23455829909602,101.47090148925781,156133800
2011-04-21,101.99690016975562,102.03502078067021,101.4708776171324,101.9892807006836,135935400
2011-04-25,101.91306550562135,102.05029741340495,101.5471331394987,101.88257598876953,65757100
2011-04-26,102.19513411715018,102.96511935947674,102.08840337432493,102.75927734375,146600000
2011-04-27,102.95748228807712,103.58261606553053,102.53817885838343,103.43014526367188,143031000
2011-04-28,103.24722531208911,103.9028605597264,103.23198636717322,103.76564025878906,124791100
2011-04-29,103.80372162839154,104.11629437268903,103.6664897465725,104.00955200195312,115094100
2011-05-02,104.49745693248069,104.58130597985777,103.64359956198602,103.84944152832031,126278700
2011-05-03,103.6512435963383,103.8265844466182,102.94985692966443,103.47589111328125,138375000
2011-05-04,103.43012574272221,103.47586581136936,102.33231756409302,102.78974151611328,182678500
2011-05-05,102.21799298024462,102.88124740720662,101.40988721112375,101.85968017578125,226900000
2011-05-06,102.87364125989367,103.39967551468405,101.91305292235342,102.30948638916016,222787200
2011-05-09,102.30184163320045,103.0032165886363,102.14173973892312,102.70589447021484,114104500
2011-05-10,103.0489954371965,103.76562123143788,102.91939463248183,103.58264923095703,114806900
2011-05-11,103.4301996514337,103.44545022947189,102.01982945164113,102.49249267578125,193564200
2011-05-12,102.21801137107867,103.19383869797562,101.69197708976499,102.98037719726562,171550700
2011-05-13,103.0337418328641,103.17859320822161,101.82158290136685,102.18751525878906,157444900
2011-05-16,101.82156133344351,102.62204764737862,101.37176836097298,101.53948974609375,141675400
2011-05-17,101.15832151242715,101.66148574049717,100.72376741560873,101.52425384521484,192686200
2011-05-18,101.57763434205705,102.53821116592206,101.35654172184053,102.43148040771484,135217900
2011-05-19,102.76693738538222,102.94227830523248,102.11130217117933,102.67544555664062,119489500
2011-05-20,102.40858440250057,102.67540541399256,101.6690887535253,101.85968017578125,182594900
2011-05-23,100.61703363290367,101.18118850488845,100.31971144033383,100.67802429199219,168700000
2011-05-24,100.967756036886,101.18883706094854,100.40360100273912,100.59419250488281,147199600
2011-05-25,100.19010027746222,101.34889941459399,100.1596107674645,100.92959594726562,151050100
2011-05-26,100.65518027093941,101.57764823306475,100.4645887743069,101.3946762084961,164850000
2011-05-27,101.67672414715119,102.05790705136369,101.36416300660903,101.78345489501953,120921900
2011-05-31,102.74406287289706,102.85841311287913,102.03505648666435,102.8431625366211,164731200
2011-06-01,102.54582560188793,102.85839839014024,100.44931952857262,100.5331802368164,233094300
2011-06-02,100.60180516213887,100.81526667477382,99.8394392933626,100.42645263671875,200466800
2011-06-03,99.2218847627861,100.19009239613099,99.16852521629318,99.42772674560547,234690200
2011-06-06,99.17615775179267,99.3819997617324,98.24607060498727,98.37567138671875,179951200
2011-06-07,98.8788481776668,99.1609314517701,98.23084418641255,98.31470489501953,161660500
2011-06-08,98.16219376938587,98.49001703745398,97.72002031058251,97.90299224853516,198696400
2011-06-09,98.16987145201219,99.05420715645802,97.93353985716969,98.65015411376953,160964400
2011-06-10,98.23084860646108,98.29182764021031,97.01868382884685,97.27788543701172,238629400
2011-06-13,97.49896972233607,97.76580242741203,96.85858518948963,97.35411834716797,207599800
2011-06-14,98.24608316646872,98.93221940973599,98.20797418027027,98.58915710449219,160570400
2011-06-15,97.76578630557277,98.57389212558874,96.57649180064874,96.835693359375,300958000
2011-06-16,96.86619946270996,97.55995515245829,96.30205038313184,97.0491714477539,308032800
2011-06-17,98.0129584373385,98.0206215262176,97.0093100674708,97.33875274658203,233284900
2011-06-20,97.00932891684187,98.04362399797022,96.97868240059488,97.83676147460938,159479000
2011-06-21,98.34239480212192,99.3690265274852,97.87504577931512,99.177490234375,193157300
2011-06-22,98.87102626546469,99.4532923256743,98.51859438004419,98.57988739013672,176703000
2011-06-23,97.42305767229273,98.55694965850182,96.6798956547934,98.29646301269531,334286500
2011-06-24,98.27347706288724,98.35008459121367,97.00933594098659,97.15489959716797,226129300
2011-06-27,97.21620526054598,98.39606422598595,97.02466887917596,98.02066040039062,168904700
2011-06-28,98.41141616242227,99.31547419810094,98.27351554316704,99.3001480102539,165556300
2011-06-29,99.75214426954867,100.31142722528159,99.31544740260603,100.15054321289062,244295500
2011-06-30,100.47233595393278,101.26912225346375,100.14289894935831,101.10823822021484,223322700
2011-07-01,101.20011808362281,102.74007743913788,100.96261493875882,102.60216522216797,202385700
2011-07-05,102.49490750860708,102.72475341474245,102.19611133776561,102.51789093017578,165936000
2011-07-06,102.27277160525676,102.77076152648246,101.98163256121234,102.64051818847656,143331600
2011-07-07,103.55222520841993,103.9659386211278,103.33770541065256,103.70545196533203,170464200
2011-07-08,102.53325097046513,103.70545261939128,102.19614508886112,102.9699478149414,194100500
2011-07-11,101.70583086747666,102.03526787205114,100.87073494892546,101.10823822021484,195918600
2011-07-12,100.89370516539559,101.7288009745511,100.64087574152732,100.67151641845703,214675700
2011-07-13,101.20014994942665,102.06589805113514,100.76345312081965,101.00861358642578,204062600
2011-07-14,101.26143347638785,101.72878262582731,100.11987265157326,100.31140899658203,226111800
2011-07-15,100.87068570631664,101.03156966102591,100.18881690626375,100.89366912841797,220012800
2011-07-18,100.4263123169476,100.57953901595614,99.31540413607594,100.06622314453125,196872100
2011-07-19,100.62554892662321,101.81307681051182,100.60256549645689,101.69049072265625,166554900
2011-07-20,101.95095695123278,102.01223828539445,101.45295551018884,101.62916564941406,137145400
2011-07-21,102.20380245336858,103.29173932360497,101.6445195257614,103.03890991210938,245246300
2011-07-22,103.06186701567474,103.21509373459104,102.47958911716374,103.10783386230469,126019400
2011-07-25,102.1271699429389,103.03888471250887,102.01991006948653,102.5332260131836,136653800
2011-07-26,102.46428414490852,102.63283705850552,101.92031579821813,102.15016174316406,131278200
2011-07-27,101.58323110287085,101.61388347014697,99.92835398354478,100.05860900878906,249020100
2011-07-28,100.05858739927517,100.95497605603845,99.60655275797379,99.76744842529297,207939900
2011-07-29,98.76383729934989,100.02031568185636,98.0436585269764,99.08561706542969,307038400
2011-08-01,100.24248067539001,100.33442609064062,97.70654078246879,98.66422271728516,325790900
2011-08-02,97.92103453983972,98.44967669763759,96.1435775756836,96.1435775756836,346653800
2011-08-03,96.27381328953717,96.77180301742021,94.64192019374279,96.66454315185547,370830800
2011-08-04,95.32381200141955,95.4770445929534,91.98341749391535,92.13665008544922,520721800
2011-08-05,93.28586565732095,93.5233688611458,89.53175202358118,91.99874114990234,655619200
2011-08-08,89.57007761400713,92.02940408848139,85.82362055722172,86.00749969482422,702263900
2011-08-09,87.39421597093876,90.12935514145117,84.48286076550329,90.00677490234375,717828700
2011-08-10,88.30594034671901,89.08740625897899,85.76999452630899,86.03048706054688,662607400
2011-08-11,86.77361190797482,91.10999094629346,86.05343350867527,89.8918228149414,487979700
2011-08-12,90.711628263988,91.33220424779688,89.85354320070033,90.49710845947266,313731600
2011-08-15,91.31687217045183,92.50439403427858,91.17130267386173,92.41246032714844,258810600
2011-08-16,91.53137258672967,92.46607071301622,90.64264130428532,91.62330627441406,294095200
2011-08-17,92.128989477849,92.85682531026973,90.95678788584098,91.68462371826172,238201100
2011-08-18,89.25596668144664,91.71529347398882,86.87325328353403,87.73133850097656,512956300
2011-08-19,86.54378843901296,88.78093172711206,86.1913622370707,86.29862213134766,428281300
2011-08-22,88.2369674671461,88.2829401675417,86.12241029617229,86.3675765991211,275090600
2011-08-23,86.6893570172603,89.30957299841758,86.2526543537341,89.20997619628906,331136600
2011-08-24,89.01845417532114,90.58904906068824,88.81159160151815,90.46646881103516,246869700
2011-08-25,90.96442347079719,91.47773935929573,88.77324769979468,89.08736419677734,312365400
2011-08-26,88.63536109550104,90.79589083847983,87.22565055339888,90.38217163085938,314495900
2011-08-29,91.60035169186267,93.03304584333016,90.4511334721947,92.97941589355469,190977200
2011-08-30,92.57334881599843,93.79918027015147,91.37050078829427,93.22457122802734,241315700
2011-08-31,93.82217895077433,94.62663407863144,92.93345319397854,93.6383056640625,301828400
2011-09-01,93.69191066107332,94.542332422789,92.5350296063135,92.6576156616211,254585900
2011-09-02,90.72696308533997,92.60402336494782,89.96848055680081,90.2902603149414,255517200
2011-09-06,87.63940064805115,89.7616273770163,87.63173755486892,89.63137817382812,285130500
2011-09-07,90.98740571125029,92.19791068651097,90.68094646179259,92.15960693359375,209803200
2011-09-08,91.60799087753627,92.65761201520797,90.99507231556856,91.20193481445312,250568200
2011-09-09,90.15999443673276,91.21727302585764,88.32124423567693,88.81157684326172,380195100
2011-09-12,87.70064465094136,89.45511791381637,87.37886505999245,89.38616180419922,305793500
2011-09-13,89.6773419213848,90.54308431713834,89.04143969107085,90.20597839355469,272514700
2011-09-14,90.66565345227069,92.55037648008718,89.4245015134966,91.45478820800781,319389500
2011-09-15,92.4354428071929,93.06368179545831,91.47776106622575,93.03303527832031,326777200
2011-09-16,93.40653450628196,93.93020893525586,92.65952773071236,93.58365631103516,284528300
2011-09-19,92.05113320676497,93.12928704483457,91.42734676047763,92.65181732177734,241517000
2011-09-20,93.04456308133837,93.94558914250749,92.42077671213897,92.54399108886719,218932200
2011-09-21,92.5902307383195,92.8751673790575,89.67151619561646,89.81783294677734,316251300
2011-09-22,87.21484705450347,87.95415101322087,85.71313680640023,86.91450500488281,513911300
2011-09-23,86.33691534691964,87.91564105360918,86.26760248578255,87.43817138671875,307242500
2011-09-26,88.26221828662985,89.64071449724126,87.00694237159954,89.51749420166016,260673700
2011-09-27,91.28104509508395,92.07425665324776,89.97955863044602,90.51863861083984,311753900
2011-09-28,90.70345200437208,91.25022877928349,88.53944723845326,88.67036437988281,286696800
2011-09-29,90.14127150601449,90.58793031370922,87.7385290254799,89.37116241455078,298108900
2011-09-30,88.13896307763298,88.90907199355975,87.07621488882134,87.13782501220703,288392300
2011-10-03,86.62957379256368,87.7539324095722,84.56568110334447,84.65809631347656,365136800
2011-10-04,83.44133440228075,86.69889905017475,82.732835316489,86.51406860351562,459177500
2011-10-05,86.72968249274068,88.34691030710681,85.92876838338115,88.11587524414062,284108000
2011-10-06,88.0696689689419,89.84092208467099,87.41507746981266,89.70999908447266,257800800
2011-10-07,90.2337033311962,90.29531348398405,88.60877227308879,89.10934448242188,312657900
2011-10-10,90.62645948015654,92.12817021229465,90.61875674229577,92.08966827392578,230666300
2011-10-11,91.54286655452702,92.44389274931174,91.45045135167761,92.18205261230469,209088000
2011-10-12,92.87514409616081,94.06111265957263,92.66721725165381,92.99066162109375,281544900
2011-10-13,92.44389495915522,93.08308690767844,91.73539601343758,92.80584716796875,212538800
2011-10-14,93.88399640585537,94.41536765107747,93.36032202074053,94.39226531982422,211397600
2011-10-17,93.94559760435503,94.3768626504111,92.35917490499797,92.5902099609375,202311600
2011-10-18,92.52089552385227,95.10846225441448,91.79699117796123,94.39996337890625,318857900
2011-10-19,94.24594627817797,94.78502615478409,92.95986553583934,93.28330993652344,226601300
2011-10-20,93.5143472382583,94.030318919575,92.27447113060907,93.69147491455078,262075600
2011-10-21,94.79271353098996,95.5859307325418,94.50777696266687,95.47041320800781,278999400
2011-10-24,95.62443231571588,96.87971373545719,95.53971985639105,96.64097595214844,203215600
2011-10-25,96.1789148886373,96.22511954961668,94.5539843889195,94.76191711425781,268596800
2011-10-26,95.76305789593758,96.0865022824469,94.1150250212864,95.72455596923828,289053800
2011-10-27,98.28900533581415,99.66750109169858,97.50349677473658,99.05912017822266,393220200
2011-10-28,98.57400144519472,99.2285991239164,98.41998191812394,99.03607177734375,225906500
2011-10-31,97.92708862009106,99.05144147073992,96.51008463789202,96.6487045288086,228146700
2011-11-01,93.97642570042021,95.11618991332324,93.58366835925854,93.95332336425781,416565800
2011-11-02,95.36261018559556,95.80157213261701,94.56169602558926,95.48582458496094,244717600
2011-11-03,96.47157823017585,97.41881514445389,95.18549725853902,97.22628784179688,291174800
2011-11-04,96.44077348965762,96.80271986245928,95.50123936661217,96.63330078125,249401600
2011-11-07,96.56394334375732,97.3340521547773,95.64751197849509,97.23394012451172,196617200
2011-11-08,97.74224050195723,98.5893651684761,96.8104092442523,98.4815444946289,224426300
2011-11-09,96.17892702085835,96.87972913659594,94.61560645555608,94.84664154052734,337982000
2011-11-10,96.10188128821588,96.21739878743301,94.738785373289,95.73992919921875,231866500
2011-11-11,96.90281557478757,97.7961389475121,96.87201051014668,97.54200744628906,189924400
2011-11-14,97.18005629902846,98.15038940578657,96.20201458169774,96.61787414550781,159258300
2011-11-15,96.39452738159407,97.61130082566652,96.04798073476567,97.09532928466797,184709400
2011-11-16,96.11730630741852,97.29557218512286,95.41651014424315,95.55513000488281,235782500
2011-11-17,95.37802859922618,95.61676645994592,93.3603461422566,94.03804016113281,331219600
2011-11-18,94.3383431542448,94.53087038517182,93.5451319028998,93.9378890991211,215580400
2011-11-21,92.56710646770003,92.68262400155096,91.37344095248267,92.15125274658203,229611600
2011-11-22,91.95103649139924,92.49011056266494,91.27333665841755,91.78931427001953,216494900
2011-11-23,90.92678241729826,91.78930673599449,89.763916015625,89.763916015625,224329100
2011-11-25,89.62531038442195,90.64185433654417,89.48669048752042,89.5945053100586,99557000
2011-11-28,92.05886402149804,92.55173349058163,91.50438439991213,92.18978118896484,210686000
2011-11-29,92.45158386230469,93.18318503095672,92.11273403658872,92.45158386230469,199241500
2011-11-30,95.10077200808352,96.43306334881592,92.41309286894233,96.25593566894531,324439500
2011-12-01,96.14814720560912,96.75653427206498,95.82470270206585,96.24056243896484,176954800
2011-12-02,97.12616186562074,97.41880120862905,96.09421261575729,96.15582275390625,221109700
2011-12-05,97.68065765491848,97.94249786375309,96.60250936991561,97.20319366455078,225263900
2011-12-06,97.19543233377514,97.8885314387859,96.84888571900173,97.23394012451172,178842100
2011-12-07,96.91049917682653,98.00405825784874,96.24050820780538,97.59590148925781,237802500
2011-12-08,96.9567333049826,97.17236290499041,95.2239878936065,95.45501708984375,240862800
2011-12-09,95.88628923268402,97.31869268170172,95.80157675851346,97.07225799560547,209111400
2011-12-12,96.22514498754389,96.24055046225327,94.84665464987538,95.65526580810547,215826100
2011-12-13,96.1558125581476,96.70258925644396,94.29984700260181,94.76191711425781,245159800
2011-12-14,94.38457151642608,94.74652374155609,93.54515539896822,93.75308227539062,238618800
2011-12-15,94.74651042780454,94.87742754920984,93.94559635346806,94.0919189453125,199109200
2011-12-16,94.72742352294603,95.28541367253746,94.0066795945703,94.2314224243164,220481400
2011-12-19,94.59566568628571,94.79716556870846,93.02243047646398,93.22393035888672,183903000
2011-12-20,94.68868357218906,96.20766976180974,93.28594756249814,96.044921875,225418100
2011-12-21,96.0448992995627,96.37814658357537,95.13040716525316,96.23089599609375,194230900
2011-12-22,96.58743209141133,97.184180362417,96.27743943984201,97.08342742919922,119465400
2011-12-23,97.39339706001594,97.98239356593493,97.19190307890157,97.9513931274414,92187200
2011-12-27,97.78090252880227,98.28464935267425,97.69565279340566,98.02890014648438,86075700
2011-12-28,98.04440538016097,98.05990264477198,96.66491823332142,96.74241638183594,119107100
2011-12-29,97.06018182374766,97.84292689446809,96.76568642979699,97.74217987060547,123507200
2011-12-30,97.66466694530861,97.90491892311137,97.26167297363281,97.26167297363281,95599000
2012-01-03,99.013122486025,99.49362034813008,98.75737333783705,98.8116226196289,193697900
2012-01-04,98.5791324292858,99.0518787531262,98.19938741779607,98.96662902832031,127186500
2012-01-05,98.43190441557724,99.37739131068413,97.9824068655024,99.23014068603516,173895000
2012-01-06,99.35416379751801,99.36966697856361,98.64892279095275,98.97441864013672,148050000
2012-01-09,99.19914983684586,99.33864296508304,98.74190659367709,99.21465301513672,99530200
2012-01-10,100.27636885110941,100.47786282428913,99.93536995383782,100.07487487792969,115282000
2012-01-11,99.76484171354493,100.26083674130972,99.6020998121049,100.12908935546875,111540700
2012-01-12,100.41590956599364,100.51665067576138,99.61765541261282,100.36940002441406,118983700
2012-01-13,99.69513950541277,100.01288960247172,98.98214707511967,99.85013580322266,179836200
2012-01-17,100.81110137085042,100.99710396740902,99.89660338625725,100.23760223388672,132209200
2012-01-18,100.21437561948039,101.40011435013288,100.03613048247905,101.34587097167969,163395200
2012-01-19,101.69462021744758,101.96587259848471,101.3691244554785,101.88062286376953,126328900
2012-01-20,101.71012211237729,102.26036071777344,101.46211858707387,102.26036071777344,138230200
2012-01-23,101.91934501478801,102.49284420360217,101.50859959085928,101.9968490600586,129295800
2012-01-24,101.3691244554785,101.91161739209363,101.21412816293976,101.88062286376953,103083300
2012-01-25,101.72559977034538,102.9733392536051,101.33035750873789,102.73309326171875,198613200
2012-01-26,103.19035635918812,103.38410469018581,101.80312351244687,102.20612335205078,184880500
2012-01-27,101.71013225642852,102.33787498245458,101.64037386706774,102.15962982177734,135259100
2012-01-30,101.14434227242239,101.865091983628,100.79559775269007,101.81083679199219,147311800
2012-01-31,102.31461051585126,102.43860044649077,101.27611059035469,101.7721176147461,157212000
2012-02-01,102.52383279918911,103.18258166953365,102.39984288956425,102.66333770751953,166234500
2012-02-02,102.86483234291859,103.08958696743196,102.4618444394057,102.82608032226562,113090400
2012-02-03,103.8491098037441,104.32960190077836,103.67086464282174,104.2676010131836,160598500
2012-02-06,103.83361287215348,104.2443584299018,103.71736859183258,104.19786071777344,107694500
2012-02-07,103.98083460674522,104.63958354667656,103.57008916317406,104.4613265991211,135528100
2012-02-08,104.51555978172588,104.79455774362987,104.08931125305939,104.77130889892578,139361400
2012-02-09,104.94185109218185,105.08134421727364,104.28310202246638,104.9030990600586,148602900
2012-02-10,103.97310886136854,104.21335490360632,103.72510531747159,104.12810516357422,167907500
2012-02-13,104.87210452963595,105.02710083266902,104.42260697301809,104.9030990600586,115841900
2012-02-14,104.62405833216326,104.83330975995501,104.04281356365124,104.77130889892578,165329500
2012-02-15,105.11235250883179,105.26734881471917,104.07385242592007,104.2831039428711,195195100
2012-02-16,104.29084897636702,105.53083110068185,104.10484633626336,105.43783569335938,186567800
2012-02-17,105.80208475487096,105.88733448776928,105.36809041482825,105.71683502197266,129869400
2012-02-21,105.96480724989509,106.2128107274712,105.43781759823091,105.76331329345703,134042300
2012-02-22,105.6005779032766,105.8253325721101,105.23633012313299,105.42233276367188,124455300
2012-02-23,105.36808505503403,105.96482132950896,105.0115829650139,105.8873291015625,137704300
2012-02-24,106.11981964111328,106.32907112894274,105.88733112736774,106.11981964111328,105539100
2012-02-27,105.41460371576055,106.58483947190891,105.24410422473753,106.298095703125,145728900
2012-02-28,106.32908754729081,106.73208740910803,106.11983602715067,106.60808563232422,129355900
2012-02-29,106.76305494397286,107.09630815662885,105.81756232963352,106.18956756591797,185934700
2012-03-01,106.41433423148483,106.94133585493579,106.11983297645457,106.73983001708984,145023500
2012-03-02,106.67007874022329,106.80958368529468,106.17408349472616,106.4143295288086,120638300
2012-03-05,106.25157615113527,106.32906837855981,105.61607602877982,105.9803237915039,140765000
2012-03-06,104.89533665895303,104.95732570991458,104.12808911690094,104.43033599853516,202129900
2012-03-07,104.67056404941984,105.32931290110578,104.56981116433809,105.1588134765625,143692200
2012-03-08,105.80208251720815,106.42207948649606,105.58508535177617,106.20507049560547,116968900
2012-03-09,106.40657797445613,106.89481569158478,106.27483053805895,106.61582946777344,122836800
2012-03-12,106.60033970710154,106.7630816914728,106.24383755604497,106.62358856201172,104003500
2012-03-13,107.19708946730351,108.59982558608769,107.01883247645414,108.54557037353516,184090500
2012-03-14,108.57656427632219,108.84780483159027,108.09606039690433,108.42931365966797,145163600
2012-03-15,108.59205192561352,109.10355031588206,108.31305387869057,109.05705261230469,165118500
2012-03-16,109.2547779583396,109.34818092091723,108.97455719332254,109.20807647705078,152893500
2012-03-19,109.13797782810884,109.97084827045488,109.06013414088589,109.63614654541016,125291100
2012-03-20,109.01346040661633,109.44935666046362,108.69431783602025,109.31703186035156,121729700
2012-03-21,109.3793222793705,109.48050486225361,108.91228371567408,109.13802337646484,122388400
2012-03-22,108.33623552633482,108.62424769294245,107.99375415291198,108.351806640625,135216700
2012-03-23,108.44525215704687,108.82665548555538,107.84588879859753,108.70211029052734,120521000
2012-03-26,109.48053132543757,110.22779083251953,109.44162133346109,110.22779083251953,120164000
2012-03-27,110.32894932137398,110.39900153682082,109.81520932019768,109.88526153564453,119868500
2012-03-28,109.83076701035615,110.00201365647828,108.6943130749349,109.34037780761719,148562100
2012-03-29,108.69434025608352,109.35597627039965,108.26622353371923,109.1535873413086,164963700
2012-03-30,109.69064956727898,109.79184400545606,109.01345448663295,109.60502624511719,135486800
2012-04-02,109.47270373224237,110.69478100334267,109.25475561261509,110.40676879882812,151741100
2012-04-03,110.25109884584612,110.4379166195287,109.30924223479293,109.95530700683594,155806700
2012-04-04,109.14578315077136,109.23918609561291,108.46079654918167,108.86556243896484,146896000
2012-04-05,108.49193499765818,109.13020822727954,108.39852017879345,108.81106567382812,137439400
2012-04-09,107.44111622069087,108.84999950528021,107.29322029538564,107.5890121459961,127555900
2012-04-10,107.37882765936618,107.68239908506203,105.67415277765825,105.78312683105469,235360300
2012-04-11,106.86512447091714,107.05972191009137,106.44479922830624,106.63939666748047,154133000
2012-04-12,106.74055911502498,108.1183000194189,106.66271541179391,108.03267669677734,154321500
2012-04-13,107.78360396764874,108.05604506619008,106.64714997725157,106.74834442138672,169246700
2012-04-16,107.29324453922997,107.44892011993913,106.31247769120537,106.6783218383789,147825300
2012-04-17,107.29320038592209,108.47635569153333,107.18422633654215,108.25840759277344,147877600
2012-04-18,107.7758244411139,108.25842217088604,107.71355185061391,107.892578125,123884200
2012-04-19,107.90811281165769,108.31286669733748,106.69382740006195,107.19977569580078,198666700
2012-04-20,107.67459881777364,108.06379348773858,107.31653449540325,107.3788070678711,143199600
2012-04-23,106.28128612898159,106.56929829079155,105.81425960357726,106.47588348388672,171844900
2012-04-24,106.56933278122291,107.15312503487864,106.48370944226205,106.88068389892578,137484200
2012-04-25,107.92368012270539,108.39071849009139,107.83027720013982,108.3440170288086,150252200
2012-04-26,108.11054000620499,109.22364340241018,108.0482674077831,109.0990982055664,136291600
2012-04-27,109.42604080053673,109.58949600918552,108.81889769955511,109.27814483642578,130725000
2012-04-30,109.06018511986387,109.13802884347403,108.57758728987797,108.87336730957031,115092200
2012-05-01,108.81111066424303,110.2667077436933,108.68657731640138,109.55059051513672,138832200
2012-05-02,108.91227745822462,109.33261451685814,108.55422487360845,109.22364044189453,121081000
2012-05-03,109.23920422497153,109.32482756438031,108.18838528926439,108.39076232910156,143759700
2012-05-04,107.82255242329965,108.42969548334045,106.5771240616705,106.63939666748047,193927300
2012-05-07,106.25797280449814,107.0752843582887,106.21906282164291,106.71723175048828,127765900
2012-05-08,106.07892451820528,106.46033966487721,105.02031427912071,106.28909301757812,213377700
2012-05-09,105.16044621259606,106.3358103054427,104.68562805214849,105.65861511230469,220752500
2012-05-10,106.39028450419121,106.52262118779859,105.63525752158154,105.87655639648438,150600000
2012-05-11,105.21494829757295,106.53820858786143,105.16824680973588,105.55744171142578,153032400
2012-05-14,104.54547652712556,105.55738510432172,104.2341255236557,104.38980102539062,163910000
2012-05-15,104.31979274885191,104.9347153966293,103.62702637879585,103.79048156738281,207629300
2012-05-16,104.25751429044911,104.7323324641962,103.37015054182315,103.39350128173828,207265500
2012-05-17,103.41681757869412,103.54136273495088,101.80554579748195,101.86003875732422,247992900
2012-05-18,102.25703289998424,102.43607105078367,100.84037007415145,100.98826599121094,319615900
2012-05-21,101.31521463171636,102.76302006926146,101.15174755511124,102.7240982055664,177861100
2012-05-22,102.98873765956968,103.70485474684294,102.23369871246203,102.90311431884766,197531200
2012-05-23,102.16362753616652,103.10548410936109,101.18286098764078,102.95758819580078,204958400
2012-05-24,103.23783212605446,103.40128731559786,102.29597534102311,103.15998840332031,167357600
2012-05-25,103.1210592312345,103.40907148310475,102.57618884257731,102.82527923583984,135465600
2012-05-29,103.6503535870039,104.24970497879053,102.10135413270885,104.0706787109375,152883500
2012-05-30,103.18331428072675,104.06289825107542,102.35044365913282,102.56060028076172,162370400
2012-05-31,102.52168714217433,103.09768777560889,101.45528544156144,102.33486938476562,196186000
2012-06-01,100.73140223421952,102.35823366782179,99.75841522216797,99.75841522216797,253240900
2012-06-04,99.93743581678729,100.20987691556337,98.96444886013298,99.71170806884766,202545800
2012-06-05,99.5171240149615,100.61465042656087,99.46263697238057,100.46676635742188,164149400
2012-06-06,101.1673186760463,102.77079969108637,101.13617643417618,102.7240982055664,184202800
2012-06-07,103.89167363697405,103.93837511835136,102.5761931508539,102.78636169433594,184772700
2012-06-08,102.5216995138294,103.62701132132985,102.19476542959157,103.6036605834961,143915400
2012-06-11,104.43652845378213,104.49880104541455,102.1869830441714,102.28817749023438,169756100
2012-06-12,102.58394755348482,103.53358369898545,102.09357024228983,103.46353149414062,181931800
2012-06-13,103.15997058704183,103.80603536684599,102.45163321526205,102.80191802978516,172223900
2012-06-14,103.012086099034,104.30421580205532,102.73186534268338,103.89167022705078,230615500
2012-06-15,104.35954850357047,105.0480723938762,104.14047109226998,104.95418548583984,169444500
2012-06-18,104.51603519749959,105.4158166087462,104.28130597840186,105.1576156616211,131360900
2012-06-19,105.68968343701407,106.60511676853248,105.13415794242138,106.1747817993164,137382600
2012-06-20,106.18260561414448,106.48775003483638,105.05591484887448,106.00263977050781,206451800
2012-06-21,106.1278430260787,106.23738175591659,103.53802510440484,103.62409210205078,205272200
2012-06-22,104.16395631821311,104.6177629972382,103.76491302969835,104.42215728759766,130029200
2012-06-25,103.31895288594178,103.35807642118846,102.38004773415535,102.74778747558594,146375700
2012-06-26,103.04508272235951,103.57713644668266,102.4426138097483,103.26416015625,141634000
2012-06-27,103.60840397058212,104.39864653454,103.2563161723364,104.19522094726562,108088000
2012-06-28,103.50670729988317,104.05441281274696,102.7164645672568,103.89791870117188,169242100
2012-06-29,105.78357467135838,106.62077291274389,105.50973381711933,106.48776245117188,212250900
2012-07-02,106.78504573038533,106.91805615545266,106.0339266313201,106.80851745605469,129524500
2012-07-03,106.78507395492507,107.59096858610805,106.67553522657474,107.51273345947266,80450000
2012-07-05,107.11367012981279,107.81785777093617,106.63639177284232,107.02760314941406,126177500
2012-07-06,105.99482335898065,106.22955259934155,105.50972501737321,106.0104751586914,151192100
2012-07-09,105.92438485622564,106.07304707369683,105.3923312325826,105.87744140625,103780500
2012-07-10,106.41731218391598,106.5894461411983,104.59426577366133,104.95418548583984,167884800
2012-07-11,105.00894163271313,105.31408596693329,104.35952944679406,104.96981811523438,141733400
2012-07-12,104.3595587165799,105.024610944961,103.7492698769715,104.46126556396484,143583200
2012-07-13,104.73512657753469,106.32344405947453,104.71947477715567,106.21390533447266,129642600
2012-07-16,105.97130995456688,106.2764542653875,105.54879510031037,105.9634780883789,97525200
2012-07-17,106.38600251231682,106.9102242247883,105.27496384634159,106.69114685058594,138860300
2012-07-18,106.44076838543495,107.69264935782948,106.37818508175481,107.48139190673828,113349700
2012-07-19,107.70048915756992,108.1151722691879,107.3562331685245,107.7630844116211,129847300
2012-07-20,107.15278121472299,107.3170952268886,106.65986305587089,106.7772216796875,142904500
2012-07-23,105.21241137395982,106.70684202168322,104.71948111221853,105.697509765625,145210900
2012-07-24,105.77570839970302,105.82265184335935,104.08567279515012,104.78984832763672,173301200
2012-07-25,105.00894488803475,105.28278564123255,104.25781392114979,104.81333923339844,129122300
2012-07-26,106.32343355796256,106.76942028352245,105.83050337472783,106.54251098632812,156526500
2012-07-27,107.10585427489771,108.81154214982851,106.51903718771575,108.50638580322266,236768900
2012-07-30,108.38120723146356,109.02278770526058,108.18560153573625,108.50638580322266,106782000
2012-07-31,108.35774062664663,108.65505317980977,107.74745178222658,107.74745178222656,120575900
2012-08-01,108.5220158990503,108.54548762273768,107.50486409691781,107.65352630615234,138293800
2012-08-02,106.83984786684078,107.63792255638838,106.08089670950328,106.91026306152344,199556600
2012-08-03,108.41249609196547,109.25751410835954,106.94153747763237,109.0306167602539,157825000
2012-08-06,109.32012939035558,109.67221731031911,109.19493886006708,109.24188232421875,86326200
2012-08-07,109.68001539373897,110.25901252687056,109.56265675673701,109.78956604003906,109545100
2012-08-08,109.42184960367662,110.04777838556176,109.39054600128662,109.92259979248047,89754700
2012-08-09,109.76606799670174,110.2355263608675,109.65652930357268,110.01644897460938,90291700
2012-08-10,109.57049333793809,110.235557552217,109.39053942091253,110.1964340209961,99792700
2012-08-13,110.00865977244472,110.19643361950011,109.5704929387227,110.14167022705078,79426900
2012-08-14,110.54850660740497,110.61893372937486,109.82867910021211,110.15729522705078,102379400
2012-08-15,110.03996726626467,110.47030229239117,109.96955206348774,110.28251647949219,71085900
2012-08-16,110.43893216760118,111.22918654108899,110.16509145324461,111.09617614746094,112014200
2012-08-17,111.28396604811338,111.33874136222084,110.99447349875032,111.24484252929688,90813700
2012-08-20,111.0884172356637,111.276203058778,110.78327273487037,111.25273132324219,78255700
2012-08-21,111.52654863818269,111.95688359673628,110.67371059048351,110.916259765625,105581100
2012-08-22,110.63456775245447,111.14314968338059,110.37637876120566,110.96319580078125,133243500
2012-08-23,110.68937131094418,110.69719124215706,109.88347665944455,110.05561065673828,111466400
2012-08-24,109.78179010475294,110.97107663387536,109.71137488667571,110.72069549560547,99481200
2012-08-27,111.01797814030508,111.16664039259473,110.58764318336797,110.74412536621094,68785900
2012-08-28,110.4624485431741,110.97885047224554,110.29814643590355,110.63458251953125,75689600
2012-08-29,110.72852736794502,111.01802011259352,110.41555094510765,110.72069549560547,65421300
2012-08-30,110.24338411460742,110.27468771699743,109.68787052986043,109.92259979248047,96589900
2012-08-31,110.5484841635931,110.96317912629416,109.82083687449841,110.44677734375,151970400
2012-09-04,110.3528821841624,110.68151019403834,109.64088666628942,110.34506225585938,120226200
2012-09-05,110.39201290772849,110.68933734615268,110.03210516115217,110.25118255615234,100660300
2012-09-06,110.91623722794083,112.49673441873979,110.90841729894713,112.4889144897461,158272500
2012-09-07,112.67669723353727,112.9740217024018,112.57499039326032,112.92707824707031,107272100
2012-09-10,112.81752265992198,113.01312832042152,112.24635747413352,112.28546905517578,86458500
2012-09-11,112.35591581459687,112.95837275833765,112.3246122177024,112.59846496582031,88760000
2012-09-12,112.97400665283202,113.09919714292158,112.59061525399107,112.97400665283203,87640900
2012-09-13,112.95838617535178,115.04745381028793,112.66107360248493,114.69536590576172,225470200
2012-09-14,114.92226864994244,115.88464538427945,114.82836979230171,115.20394134521484,169777000
2012-09-17,114.96919577845394,115.16480145741855,114.52320909977949,114.81271362304688,119427800
2012-09-18,114.61708895855239,114.86745797796713,114.42930323987541,114.71879577636719,98326600
2012-09-19,114.85184066466046,115.14916515712433,114.55452811102137,114.78142547607422,128318300
2012-09-20,114.25719193330652,114.85182891859506,113.94422761238066,114.78924560546875,154009800
2012-09-21,115.34692630532373,115.37052332523105,114.6940474152635,114.74124145507812,108737500
2012-09-24,114.17492226269583,114.82780134311899,114.08839583028897,114.56822204589844,95682000
2012-09-25,114.81206692662971,115.03231382378851,113.31752069298845,113.34899139404297,133165200
2012-09-26,113.3253887537617,113.3568474507016,112.44438920622815,112.71183013916016,146502200
2012-09-27,113.18380068481517,114.03332957844114,112.88488903634796,113.77375030517578,111830300
2012-09-28,113.34111508560645,113.71081779780008,112.84556557978415,113.2467269897461,150696100
2012-10-01,113.67938242369235,114.59970255481969,113.27820892886601,113.54566192626953,135911200
2012-10-02,113.99397501913077,114.17488950678506,113.13658461834153,113.66360473632812,113422200
2012-10-03,113.97039094954616,114.39514936068521,113.37257970357697,114.1277084350586,121283100
2012-10-04,114.56035506126157,115.11097233171265,114.40303755578358,114.94579315185547,124311600
2012-10-05,115.55931340031276,115.75596323783182,114.60752290559695,114.95362854003906,124842100
2012-10-08,114.52890506706686,114.93792821189011,114.30078446461042,114.56036376953125,78415400
2012-10-09,114.47379847359096,114.568186551499,113.38828756743597,113.42761993408203,148872900
2012-10-10,113.4119219441885,113.52205740809677,112.55453128062894,112.70398712158203,124247500
2012-10-11,113.49052310192486,113.65571420265506,112.74325631849383,112.76685333251953,123601500
2012-10-12,112.84554603268371,113.2309720257203,112.15333477613143,112.39717864990234,124181900
2012-10-15,112.66463760923854,113.45123707143189,112.30280857806055,113.333251953125,107689100
2012-10-16,113.86815037305499,114.56036184119223,113.7894976169393,114.48169708251953,108815500
2012-10-17,114.56036065432087,115.09525460212812,114.38730778907943,115.0008544921875,128834100
2012-10-18,114.70193481445312,115.25255201576124,114.31649677226004,114.70193481445312,148108500
2012-10-19,114.48952357419532,114.49738524579968,112.52302544342093,112.79046630859375,185645200
2012-10-22,112.60167463929108,113.0107095983916,111.91733715203867,112.80619812011719,125578600
2012-10-23,111.58701913365387,111.74433665229304,110.77682251023263,111.24091339111328,192056300
2012-10-24,111.6420659845106,111.77579846740258,110.75321667374357,110.92626953125,120179400
2012-10-25,111.7128821979625,111.91739377971517,110.57231514125671,111.248779296875,134457400
2012-10-26,111.14648916568424,111.5712475282493,110.43068088552218,111.18582153320312,146023500
2012-10-31,111.57912120328513,111.72070332328902,110.65878941304625,111.18582153320312,103438500
2012-11-01,111.4218124680637,112.49158824986701,111.3195626965507,112.35000610351562,100995600
2012-11-02,113.01859238762728,113.05006308404324,111.23302044902418,111.35100555419922,137702200
2012-11-05,111.18583997415912,111.83084529874452,110.855457634247,111.57913970947266,98378500
2012-11-06,111.91734623070472,112.89273367305134,111.7993611380047,112.45223999023438,107068100
2012-11-07,111.42967605072151,111.44539939718804,109.38451276994336,109.90367126464844,264304500
2012-11-08,109.88794953916462,110.44644047438499,108.49566504077373,108.58219146728516,181517300
2012-11-09,108.25184991204124,109.68346716745806,108.19679417282634,108.67662048339844,201055300
2012-11-12,109.01481287781881,109.18786571382127,108.51926339522527,108.76310729980469,97677500
2012-11-13,108.18887870988172,109.53396899627417,108.04729657581652,108.38552856445312,123018300
2012-11-14,108.71592809272948,108.88896894979544,106.67862615491174,106.92247009277344,191505000
2012-11-15,106.96179352422004,107.36296693913484,106.33251154209437,106.74154663085938,178128400
2012-11-16,106.89882920568219,107.48091694944814,105.95491254211565,107.2685317993164,239483900
2012-11-19,108.47206444336666,109.45531380199962,107.30003888951178,109.43959045410156,151495800
2012-11-20,109.26651614761386,109.66767748623084,108.61363726139564,109.48676300048828,119807400
2012-11-21,109.58116836527356,109.78569190560012,109.36092147765663,109.69129180908203,81710800
2012-11-23,110.22616937799877,111.2251418981686,110.15536631544342,111.18582153320312,65409200
2012-11-26,110.63519740848997,111.19368824644808,110.27336841704158,110.94984436035156,100124400
2012-11-27,110.83971293209117,111.21727724453443,110.31269282861435,110.38348388671875,128646200
2012-11-28,109.93511049590825,111.33525624702312,109.33729936705045,111.2723388671875,177086500
2012-11-29,111.68924652263853,112.09826954461353,111.20154676173969,111.79149627685547,151085900
2012-11-30,111.80723995033416,112.02748682550705,111.42967559325986,111.81510162353516,136568300
2012-12-03,112.32637915701073,112.42076722943472,111.17793893145846,111.26446533203125,124656300
2012-12-04,111.25658771963377,111.59481959906036,110.80822043475588,111.10713195800781,127512200
2012-12-05,111.20155598377224,111.82297624599241,110.41495656505121,111.30381774902344,147300500
2012-12-06,111.20157789370785,111.72859816778266,111.03639870466193,111.68140411376953,103220600
2012-12-07,112.1140414326769,112.23990025086779,111.4375652880978,112.0196533203125,108726400
2012-12-10,111.86233717472534,112.33428974490974,111.815131115405,112.06684875488281,98840700
2012-12-11,112.5309147249469,113.35684654302831,112.47585900510414,112.82982635498047,152570400
2012-12-12,113.27029514184422,113.70292714185479,112.72753972388118,112.88485717773438,145880100
2012-12-13,112.81410396975379,113.13661266000423,111.90951930472161,112.19269561767578,135715000
2012-12-14,111.94885547622832,112.15336704152134,111.60274974838106,111.77580261230469,137701700
2012-12-17,112.06681960519803,113.15233063861808,112.03534890717032,113.08940124511719,143238200
2012-12-18,113.27030131727115,114.45020028932605,113.10511018006012,114.34793853759766,177762800
2012-12-19,114.47379289004562,114.51312525477321,113.45908509436792,113.49840545654297,150895400
2012-12-20,113.56923025215045,114.16704150175717,113.25458327665622,114.15130615234375,168487000
2012-12-21,112.62398091408312,114.14496171115262,112.4417833002244,113.11512756347656,245883800
2012-12-24,112.86956126351083,112.9329369782932,112.63983487414622,112.76658630371094,53874600
2012-12-26,112.99631323418178,113.05177151776253,111.97440853666653,112.29127502441406,106947700
2012-12-27,112.32299816918757,112.55273673187,110.841628057967,112.14080047607422,167920600
2012-12-28,111.41194777935759,112.02984584281124,110.80196714678078,110.92871856689453,148806700
2012-12-31,110.63564201617359,112.93295461940662,110.54057238530854,112.81413269042969,243935200
2013-01-02,114.95302971987427,115.77689009218804,114.65199800321858,115.70559692382812,192059000
2013-01-03,115.65012694855255,115.95114651567286,115.1352037449322,115.44415283203125,144761800
2013-01-04,115.6342292008518,116.14122266178298,115.39657337186084,115.95109558105469,116817700
2013-01-07,115.53922743077138,115.74518946847434,115.20650185709853,115.63428497314453,110002500
2013-01-08,115.42831088329424,115.58674413326823,114.85001199375007,115.30155944824219,121265100
2013-01-09,115.55503131123156,115.91152117490884,115.37283370797617,115.59464263916016,90745600
2013-01-10,116.23632831774066,116.52151301315298,115.63427711084022,116.51359558105469,130735400
2013-01-11,116.48190742609226,116.56904753420456,116.14127651381533,116.50568389892578,113917300
2013-01-14,116.36307691843082,116.50567530649923,115.99866956019582,116.42645263671875,89567200
2013-01-15,115.8877736219675,116.61658839218842,115.8164804665165,116.50568389892578,93172600
2013-01-16,116.26799819915641,116.6720047309836,116.14124678567647,116.48980712890625,104849500
2013-01-17,117.00474518972032,117.57511459463086,116.56904465990216,117.24240112304688,133833500
2013-01-18,117.21863001117742,117.63056613278977,116.79084693820401,117.50381469726562,169906000
2013-01-22,117.50385843393778,118.13760375976562,117.22659107648599,118.13760375976562,111797300
2013-01-23,118.13757503437094,118.43067719012716,117.92368347027879,118.32769012451172,104596100
2013-01-24,118.15337042001572,118.93763116784282,118.04246595859692,118.35934448242188,146426400
2013-01-25,118.73166297218714,119.02476501464844,118.32764438643878,119.02476501464844,147211600
2013-01-28,119.05647789268555,119.08817179551872,118.43857975194321,118.88220977783203,113357700
2013-01-29,118.6445634466114,119.50011757702272,118.56534077080762,119.34960174560547,105694400
2013-01-30,119.33374514790577,119.57140106842566,118.77129320559814,118.88220977783203,137447700
2013-01-31,118.7395813329085,119.12775297441925,118.50985499009057,118.58906555175781,108975800
2013-02-01,119.34163432696612,119.95161489143516,119.13567235803862,119.80902862548828,131173000
2013-02-04,119.08025152227435,119.83281851289509,118.37520120940512,118.46234130859375,159073600
2013-02-05,119.10402400053606,119.99917734830102,119.0564831441893,119.6585464477539,113912400
2013-02-06,119.23872608988407,119.82493051694556,119.15158596049842,119.74571990966797,138762800
2013-02-07,119.78531727064184,119.89622177802981,118.71587145193405,119.58727264404297,162490000
2013-02-08,119.79318261545609,120.3239405334338,119.79318261545609,120.25264739990234,103133700
2013-02-11,120.2051708535337,120.33191022785492,119.92790354135629,120.22893524169922,73775000
2013-02-12,120.23681378645351,120.64874986089612,120.10214493451053,120.42694091796875,65392700
2013-02-13,120.67253614057549,120.89434512375591,120.18930683700033,120.52993774414062,82322600
2013-02-14,120.16553125442131,120.78342937679898,120.03086239058842,120.64083099365234,80834300
2013-02-15,120.75171308078303,120.87846448947725,120.05460450832406,120.49822235107422,215226500
2013-02-19,120.70417789991514,121.42506289985457,120.53782726157773,121.40129852294922,95105400
2013-02-20,121.31416779147929,121.35377911859963,119.82486892304966,119.88824462890625,160574800
2013-02-21,119.5872526956907,119.95164797874438,118.77922736940229,119.15946960449219,183257000
2013-02-22,119.73776584418223,120.32398223876952,119.21493726272186,120.32398223876953,106356600
2013-02-25,120.9102033803102,121.09240104331035,118.03459167480469,118.03459167480469,245824800
2013-02-26,118.60495727014444,118.98519953764684,117.82069626121722,118.84261322021484,186596200
2013-02-27,118.73962467421836,120.67254198208757,118.63663761001241,120.33982849121094,150781900
2013-02-28,120.33184577090724,121.10025947714335,119.94368624700203,120.10211944580078,126866000
2013-03-01,119.69019723024807,120.6804199462724,119.15152187481708,120.49822235107422,170634800
2013-03-04,120.22098565169215,121.1399154663086,120.0308705781044,121.1399154663086,99010200
2013-03-05,121.72610988425629,122.54996992596932,121.71026293508473,122.22517395019531,121431900
2013-03-06,122.66086294091816,122.72423864400592,122.12218759619121,122.39152526855469,94469900
2013-03-07,122.55003520694181,122.7718442627766,122.4074488514853,122.61341094970703,86101400
2013-03-08,123.15208505399916,123.30258882771831,122.51833978435644,123.13623809814453,123477800
2013-03-11,123.04112925305503,123.61148646154611,122.89061345438743,123.60356903076172,83746800
2013-03-12,123.51647454922845,123.65907296976538,122.95403456384372,123.32634735107422,105755800
2013-03-13,123.38966012145143,123.67484472931841,122.96980668315823,123.50056457519531,92550900
2013-03-14,123.8254057189453,124.21357749262094,123.50853918903117,124.15811920166016,126329900
2013-03-15,124.01012672468562,124.16129986340705,123.58044096616408,123.99420928955078,138601100
2013-03-18,122.80857200654026,123.84298643040096,122.69717427729015,123.30986785888672,126704300
2013-03-19,123.57248126647741,123.73957183079708,122.21182596407874,123.02344512939453,167567300
2013-03-20,123.74751416964894,124.08966002405532,123.54062398657283,123.88278198242188,113759300
2013-03-21,123.14277682510425,123.84299812735038,122.61762298986267,122.82450103759766,128605000
2013-03-22,123.21439629176814,123.81117248535156,123.11890384461373,123.81117248535156,111163600
2013-03-25,124.13744841472136,124.34433867819216,122.81659249496052,123.29400634765625,151322300
2013-03-26,123.80325941393076,124.31250815952063,123.66799154385431,124.28068542480469,86856600
2013-03-27,123.5406763220949,124.32047294928549,123.33379819282169,124.28068542480469,99950600
2013-03-28,124.20108156113362,124.80582265346673,123.93054588374511,124.66259002685547,102932800
2013-04-01,124.59893171214152,124.85356209511745,123.8668875732531,124.16925811767578,99194100
2013-04-02,124.61487967442982,125.09230568874644,124.4239068404136,124.781982421875,101504300
2013-04-03,124.85355455619558,124.94903487332378,123.1905409451769,123.51676940917969,154167400
2013-04-04,123.67593118960863,124.26475492225461,123.40539547789825,124.0180892944336,131885000
2013-04-05,122.49827045994343,123.61226009000974,122.35504998631086,123.46107482910156,159666000
2013-04-08,123.54861585548818,124.3045301003046,123.13484754007837,124.29657745361328,86571200
2013-04-09,124.52732425671445,125.17980552160817,124.11355594584147,124.72624969482422,101922200
2013-04-10,125.06043003873715,126.41312044968429,125.02860731416695,126.25398254394531,135711100
2013-04-11,126.27785692438346,127.0815234091246,126.15054173887772,126.66775512695312,110142500
2013-04-12,126.2619370463918,126.54839013751176,125.65720813911368,126.35742950439453,116359900
2013-04-15,125.72084648508785,125.82429157315356,123.41331681757137,123.4292221069336,217259000
2013-04-16,124.36019452453563,125.31504613314124,124.05783618049024,125.25138854980469,147507800
2013-04-17,124.3601789373275,124.38406115184758,122.76082333382745,123.42125701904297,226834800
2013-04-18,123.62817722282419,123.66001209208771,122.18000634890888,122.64946746826172,167583200
2013-04-19,122.93589880482304,123.7713879240182,122.63352830761413,123.71568298339844,149687600
2013-04-22,123.95442440585744,124.55915339792739,123.13485252996237,124.2647476196289,106553500
2013-04-23,124.88541858586183,125.66520309701687,124.26477203636826,125.54585266113281,166141300
2013-04-24,125.58560921255138,125.95959000801399,125.35484890482581,125.62539672851562,96781200
2013-04-25,125.99138044463724,126.7313891992853,125.8004198432639,126.13461303710938,131060600
2013-04-26,125.98348312072935,126.19832603305625,125.506057124769,125.91187286376953,95918800
2013-04-29,126.25404439314794,127.03382901227972,126.05511887816381,126.75534057617188,88572800
2013-04-30,126.73141161016729,127.08947494250349,126.20624558063724,127.0576400756836,116010700
2013-05-01,126.77914608702281,126.84280367636538,125.80043645144873,125.94365692138672,138874200
2013-05-02,126.26194324528913,127.22474766981968,126.14259284373128,127.11334991455078,96407600
2013-05-03,128.21938152060116,128.80820519575775,127.13722663796858,128.4023895263672,144202300
2013-05-06,128.49784381861463,128.9115998703415,128.44213888389652,128.7285919189453,66882100
2013-05-07,129.00710752415443,129.4208636246778,128.64107943675265,129.38108825683594,90359200
2013-05-08,129.2378655783805,130.00969718030981,129.16625534103304,129.96990966796875,97419200
2013-05-09,129.91423556814402,130.25638151236043,129.2776717033703,129.60391235351562,106738600
2013-05-10,129.6914414647642,130.1370325325786,129.30949585682674,130.025634765625,103203000
2013-05-13,129.8585231568684,130.3439017099707,129.55616474808565,130.12905883789062,81843200
2013-05-14,130.23252294965542,131.5693083980715,130.23252294965542,131.47381591796875,119000900
2013-05-15,131.25897147749666,132.44455936374604,131.219183960054,132.18197631835938,120718500
2013-05-16,131.91142048818668,132.37292890888602,131.36238439905395,131.56130981445312,109913600
2013-05-17,132.04670826255176,132.91402029077423,131.8716528992386,132.83445739746094,129801000
2013-05-20,132.70717238930345,133.34373638785632,132.57190451259632,132.82652282714844,85071200
2013-05-21,132.9458610638815,133.51876734353436,132.48435255296968,133.01747131347656,95804200
2013-05-22,133.15271928614405,134.52929196611092,131.4260480577212,132.03077697753906,244031800
2013-05-23,130.62239959248325,132.01487762725077,130.447344239654,131.6488494873047,211064400
2013-05-24,130.86902819696078,131.59311948432037,130.47913008651145,131.53741455078125,151573900
2013-05-28,132.91399147406423,133.50281503586052,131.9352818942379,132.32518005371094,143679800
2013-05-29,131.62492765088953,131.92729807623613,130.7655686589361,131.46578979492188,160363400
2013-05-30,131.5693298693351,132.55599257365398,131.46588472461175,131.95126342773438,107793800
2013-05-31,131.5851798144114,132.33314131849667,129.80281586402313,130.05743408203125,176850100
2013-06-03,130.3598521910204,130.86114830580496,129.42888236459777,130.77362060546875,168390700
2013-06-04,130.8451951665197,131.37036122524734,129.48453985826075,130.1449737548828,157631500
2013-06-05,129.77098570360448,130.03356871826858,128.21141719046793,128.32281494140625,211737800
2013-06-06,128.26712013608775,129.49250763473344,127.5112058991401,129.4845428466797,200225500
2013-06-07,130.3757840987569,131.25104905780776,129.81083030817032,131.13169860839844,188337800
2013-06-10,131.5375022778398,131.60911254748538,130.78954041767568,131.13169860839844,105667100
2013-06-11,129.93805327195605,130.92471533025287,129.49246238866834,129.77891540527344,159505400
2013-06-12,130.6701264867654,130.80539431086407,128.5853920402135,128.70474243164062,177361500
2013-06-13,128.63309877539544,130.89288796986565,128.34664576895273,130.66213989257812,163587800
2013-06-14,130.5189262575919,131.028174771669,129.6277443933175,129.8425750732422,141197500
2013-06-17,130.72580654614714,131.46581532519238,129.87441217358995,130.8451690673828,136295600
2013-06-18,130.91680372567353,132.0785335853687,130.9088510793508,131.87960815429688,114695600
2013-06-19,131.7681999383089,131.99894807779887,130.0017412793035,130.05743408203125,206149500
2013-06-20,128.79233225654485,130.0734130223902,126.50070650361664,126.83489990234375,321255900
2013-06-21,127.69795553246615,127.79394106990857,125.9621478981454,127.24201202392578,271956800
2013-06-24,125.91415989340071,126.73006140390876,124.57030128991738,125.63418579101562,222329000
2013-06-25,126.77009304081214,128.06595921715092,125.92218798813292,126.84209442138672,162262200
2013-06-26,127.88193597756126,128.3858844766547,127.38599441063712,128.09791564941406,134848000
2013-06-27,128.8658093945301,129.44174692746438,128.7458152885182,128.8498077392578,129483700
2013-06-28,128.4898710491538,129.10579451344145,127.87393537917742,128.32188415527344,160402900
2013-07-01,128.9937954273974,129.9696889735049,128.84981713650657,129.07379150390625,131954800
2013-07-02,128.88179504296048,129.82569738519769,128.38585359532777,128.95379638671875,154863700
2013-07-03,128.3699552508411,129.4018492164041,128.16198239380876,129.0098876953125,75216400
2013-07-05,129.96170306522058,130.44964987137848,129.0258074938728,130.4016571044922,122416900
2013-07-08,131.07357969763146,131.4975320775842,130.44964931937312,131.14556884765625,108092500
2013-07-09,131.9694529211857,132.2494269495298,131.40152234577147,132.08944702148438,119298000
2013-07-10,131.96146957414652,132.58539989129764,131.68950245245236,132.137451171875,121410100
2013-07-11,133.67325299967604,134.07320887458312,132.12941697557864,133.93722534179688,135592200
2013-07-12,133.89725483255916,134.329201895734,133.68928212891012,133.9932403564453,104212700
2013-07-15,134.36117921272927,134.69714068701973,134.12919796730276,134.50515747070312,69450600
2013-07-16,134.59320889534354,134.6732049896067,133.64132372547763,134.00128173828125,88702100
2013-07-17,134.51320173035776,134.7691672174646,134.16923323137547,134.34521484375,92873900
2013-07-18,134.63324306220775,135.40116427380684,134.54525221718802,135.08119201660156,103620100
2013-07-19,134.80115286073257,135.3690834579278,134.63316599614632,135.3210906982422,103831700
2013-07-22,135.51307860701718,135.77705100006054,135.19310652195534,135.58506774902344,79428600
2013-07-23,135.8250333687379,135.84902974757057,135.22509948654886,135.29708862304688,80829700
2013-07-24,135.81702671542035,135.87302640326809,134.5291681574695,134.8011474609375,112914000
2013-07-25,134.56120441831348,135.24912926131455,134.337230023447,135.12913513183594,111088600
2013-07-26,134.56124141828266,135.31316089595458,134.00130527715223,135.27316284179688,107814600
2013-07-29,134.929151626928,135.23312209573476,134.47320812940643,134.85716247558594,79695000
2013-07-30,135.26512541123475,135.40910371391882,134.53720255471777,134.85716247558594,85209600
2013-07-31,135.1371165757964,135.86503932466417,134.7771586666301,134.95314025878906,142388700
2013-08-01,135.97704565268245,136.6329671475509,135.90504429615874,136.5129852294922,110438400
2013-08-02,136.20900978360226,136.7609509978727,136.02503344740813,136.7449493408203,91116700
2013-08-05,136.44097215039224,136.75293728832264,136.2649905643098,136.54495239257812,54072700
2013-08-06,136.28098609501177,136.57696179700545,135.4650847475141,135.76904296875,87495000
2013-08-07,135.33715427293586,135.5291253995091,134.82521092592023,135.3291473388672,84854700
2013-08-08,135.9690668324143,136.1290468247977,135.1291566152877,135.82508850097656,102181300
2013-08-09,135.64911570327564,136.0650734751804,134.96119070599508,135.43313598632812,91757700
2013-08-12,134.75322475482415,135.43314285273522,134.68923030931032,135.27316284179688,68593300
2013-08-13,135.51313096042085,135.90508013322545,134.71321874726308,135.67311096191406,80806000
2013-08-14,135.6090520526733,135.8250316651445,134.94512376669576,134.9771270751953,79829200
2013-08-15,133.91324845572785,133.9292379049583,132.85735893356846,133.08934020996094,152931800
2013-08-16,132.8334209726306,133.289376795638,132.38547208344625,132.64944458007812,130868200
2013-08-19,132.49743325893067,132.95338899230467,131.793506739626,131.801513671875,96437600
2013-08-20,132.0174730515071,132.94537391452198,131.8734947481196,132.44943237304688,89294400
2013-08-21,132.08146316334611,132.80938599964531,131.33755087542966,131.63351440429688,159530500
2013-08-22,131.9054732491215,133.0253572819576,131.89747852381598,132.8333740234375,101471400
2013-08-23,133.22539981346193,133.44937428740724,132.60146917808666,133.28138732910156,90888900
2013-08-26,133.41735620286417,133.82531925404433,132.6974400741929,132.78543090820312,89702100
2013-08-27,131.47356677446004,132.78542226523834,130.5536726470677,130.649658203125,158619400
2013-08-28,130.5935754792104,131.57747562614182,130.42560086288398,131.113525390625,108113000
2013-08-29,130.8256677441466,132.01752933819793,130.70567356780793,131.3216094970703,119200500
2013-08-30,131.59354935800962,131.60955101932723,130.52166995786513,130.90562438964844,134928900
2013-09-03,132.1694972109413,132.44947137978835,130.94563244896142,131.49757385253906,142375100
2013-09-04,131.52954410227244,132.80940837722392,131.28958023069805,132.58543395996094,97389400
2013-09-05,132.6653966518521,133.10533844276367,132.5693989217023,132.75338745117188,63090500
2013-09-06,133.19337303207712,133.5693327340761,131.5695522790565,132.81741333007812,159756500
2013-09-09,133.14542193396338,134.1693088709961,133.14542193396338,134.08932495117188,87559300
2013-09-10,134.89721559726704,135.10518841018026,134.59324500434542,135.08119201660156,105847200
2013-09-11,134.8971980520448,135.505126953125,134.66522887572364,135.505126953125,94545900
2013-09-12,135.45710682021064,135.63308845182647,134.96116524330577,135.1451416015625,83209000
2013-09-13,135.28911672524845,135.55308914263256,134.97715154210144,135.4490966796875,72727800
2013-09-16,136.91291641110666,136.9769108243666,136.0170068311538,136.2329864501953,106299200
2013-09-17,136.35304122094166,136.87297927720059,136.35304122094166,136.8409881591797,82523300
2013-09-18,136.7929770110383,138.80076438719016,136.44902063361903,138.4248046875,203460600
2013-09-19,138.80075106648454,138.86474549919356,138.0568264662208,138.19281005859375,146616900
2013-09-20,138.52079062256598,138.52079062256598,137.11412097123537,137.22665405273438,132867100
2013-09-23,137.04171235919443,137.17031277002326,136.15751554310958,136.59156799316406,104616500
2013-09-24,136.567547885843,137.07395297761852,136.01292833912245,136.2701416015625,106333100
2013-09-25,136.35848163533282,136.63177439979373,135.7556234556909,135.87619018554688,117306500
2013-09-26,136.10127551491487,136.78450746116542,135.8842431248439,136.398681640625,77146900
2013-09-27,135.71544060190948,135.9565863448278,135.41803446924666,135.77171325683594,99141800
2013-09-30,134.62227517956643,135.4743129551992,134.35701605344204,135.0482940673828,143937000
2013-10-01,135.1528300265388,136.2460138732978,135.0161835788423,136.11740112304688,127160000
2013-10-02,135.32161704528102,136.11738226368135,134.90363179747175,135.98876953125,113350000
2013-10-03,135.67521359271277,135.79579256653906,134.10778505440243,134.73475646972656,176698000
2013-10-04,134.83924103583408,135.89223106003425,134.6624017057204,135.75558471679688,96878000
2013-10-07,134.57399755776945,135.4019216691395,134.437351198776,134.58203125,96295000
2013-10-08,134.55797960959282,134.73481904118663,132.91821028457775,133.01466369628906,178015000
2013-10-09,133.27188953579062,133.59340908588746,132.25104595319695,133.1111297607422,168973000
2013-10-10,134.46954420250222,136.0530529409671,134.42131750227415,135.980712890625,195955000
2013-10-11,135.7717652155393,136.90514205536178,135.65923212780288,136.85690307617188,105040000
2013-10-14,136.01286801205862,137.51599069372904,135.90836865466068,137.40345764160156,112106000
2013-10-15,137.0578692906711,137.57230806563118,136.22191088080643,136.4067840576172,155485000
2013-10-16,137.22664807728304,138.38413815954834,137.16234170991436,138.31179809570312,161676000
2013-10-17,137.74910483131814,139.3165462947144,137.7249914794367,139.2361602783203,129389000
2013-10-18,139.75061678416625,140.27308916206078,139.46927795595496,140.1766357421875,138316000
2013-10-21,140.2248090869134,140.4659548100097,139.8711303283963,140.1846160888672,104104000
2013-10-22,140.59460019373915,141.41447867168048,140.20876204098388,140.9965057373047,126663000
2013-10-23,140.51419584852863,140.57850219893226,139.83096387270683,140.3212890625,105484000
2013-10-24,140.60264822766283,140.96436080072215,140.27308270468623,140.7875213623047,70350000
2013-10-25,141.07689363353305,141.47076552118932,140.8036007801479,141.43057250976562,93625000
2013-10-28,141.38231633443544,141.8485281863729,141.2295902819684,141.65560913085938,84979000
2013-10-29,141.97714130296657,142.46746650512145,141.77618855233234,142.41119384765625,87401000
2013-10-30,142.58003622027942,142.68452333715467,141.19747995916762,141.70387268066406,140002000
2013-10-31,141.5913133903343,142.1861379905255,141.09295445772054,141.30194091796875,133795000
2013-11-01,141.48678508896253,141.96103053286782,140.8437339748439,141.63951110839844,142805000
2013-11-04,142.0253453861394,142.19413880129315,141.45463426853158,142.13787841796875,85677000
2013-11-05,141.58329054626745,142.07361582132182,141.1251245845981,141.6877899169922,85825000
2013-11-06,142.29866079790835,142.67645295031537,141.90478899119952,142.41119384765625,87348000
2013-11-07,142.67641051125014,142.7889435275251,140.4739646039501,140.61061096191406,157000000
2013-11-08,140.56245363536803,142.52375482835149,140.5463862430999,142.50767517089844,136713000
2013-11-11,142.37101203232993,142.7005775129119,142.2022185770352,142.5317840576172,62614000
2013-11-12,142.22630621159976,142.56390532633083,141.7681280997054,142.2423858642578,83990000
2013-11-13,141.54308539993485,143.4240003205874,141.54308539993485,143.38381958007812,103844000
2013-11-14,143.51240654311985,144.2197641282617,143.27930675629747,144.0991973876953,103435000
2013-11-15,144.33227876843702,144.7824108960576,144.14740570141726,144.7261505126953,102818000
2013-11-18,144.96733830636583,145.08790506655245,143.89826806036913,144.21978759765625,104796000
2013-11-19,144.14742626754605,144.58147880534244,143.65710107317813,143.90628051757812,93891000
2013-11-20,144.19562019335797,144.62967263250783,143.06224401171727,143.45611572265625,124909000
2013-11-21,143.85809347741224,144.7262110574979,143.76967375355576,144.61367797851562,92841000
2013-11-22,144.66996279572854,145.3532073467391,144.5011692813673,145.33712768554688,81296000
2013-11-25,145.59431890890008,145.62646595852448,144.98341457937238,145.19241333007812,79486000
2013-11-26,145.2647185111891,145.66662399350975,145.0155390745794,145.23255920410156,86994000
2013-11-27,145.38533564133652,145.6827541416648,145.20849618660716,145.58628845214844,58800000
2013-11-29,145.74709370777586,146.0927267338031,145.32910833183615,145.4898681640625,55870900
2013-12-02,145.5621776297098,145.8354705135262,144.88697911727402,145.11204528808594,99726000
2013-12-03,144.63771135970347,144.9994237517759,144.01877363493486,144.4849853515625,116563000
2013-12-04,143.96255577188813,145.07180661746474,143.3596975186812,144.4689483642578,123033000
2013-12-05,144.2117766367218,144.4770358161341,143.69733793685174,143.833984375,106934000
2013-12-06,145.22457214985215,145.57825105031,144.80658687974872,145.4416046142578,127728000
2013-12-09,145.86752141276708,146.02828109168902,145.61834207066147,145.81124877929688,70124000
2013-12-10,145.47370670801917,145.7791588031397,145.2004139203756,145.28883361816406,80976000
2013-12-11,145.34514339312238,145.36925674729733,143.48029556902597,143.65713500976562,130591000
2013-12-12,143.5928617439377,143.7697012254416,142.8855038179221,143.18292236328125,115565000
2013-12-13,143.4802490735368,143.608861764249,142.89347053678654,143.16676330566406,107808000
2013-12-16,143.8420038086687,144.53328189293393,143.80181079786092,144.0590362548828,96195000
2013-12-17,144.1876362595194,144.21174961083918,143.27932580919415,143.60084533691406,89886000
2013-12-18,143.81783601426218,146.07654254353855,142.5317460115453,146.05242919921875,234906000
2013-12-19,145.63450573773204,146.05249099141773,145.25672576182978,145.88369750976562,136531200
2013-12-20,146.02916089577758,147.07979099287832,145.9321838298762,146.73226928710938,197087000
2013-12-23,147.4515645961613,147.60511985914326,147.14446640197247,147.51622009277344,85598000
2013-12-24,147.52427449060653,147.9041177668427,147.5161971792003,147.83946228027344,45368800
2013-12-26,148.1708251919354,148.67190215752396,148.1546705682325,148.59107971191406,63365000
2013-12-27,148.78500576349674,148.84964890429518,148.42940683025296,148.5829620361328,61814000
2013-12-30,148.59911469983726,148.7203483337224,148.36474940515842,148.5587158203125,56857000
2013-12-31,148.7608218955652,149.2618865966797,148.64766552380337,149.2618865966797,86119900
2014-01-02,148.688038681449,148.76078380635218,147.47577613551184,147.8313751220703,119636900
2014-01-03,148.0819513148757,148.3809845504756,147.59705355179173,147.8071746826172,81390600
2014-01-06,148.29204117148336,148.34860701124387,147.15251141588993,147.37879943847656,108028200
2014-01-07,147.96877826411296,148.5344983760346,147.85563424172864,148.28396606445312,86144200
2014-01-08,148.25970600863388,148.56681646458838,147.80712996729395,148.3162841796875,96582300
2014-01-09,148.79315820512073,148.80932516436897,147.73445051223075,148.41331481933594,90683400
2014-01-10,148.66378182024184,148.88199251291698,147.904095382742,148.8173370361328,102026400
2014-01-13,148.43747833750206,148.8496430857756,146.5544293922661,146.83729553222656,149892000
2014-01-14,147.32224484790407,148.51835296648397,147.04746825246312,148.43753051757812,105016100
2014-01-15,148.7850490142976,149.46391317595666,148.46986120125777,149.2376251220703,98525800
2014-01-16,148.93048087662248,149.23759130807258,148.56680461040443,149.0436248779297,72290600
2014-01-17,148.78508089138498,149.06793485345713,148.15470513024778,148.41331481933594,107848700
2014-01-21,149.26990957481752,149.32648774010377,147.93642585095887,148.8496551513672,88621200
2014-01-22,149.1001952223176,149.16485069563993,148.6314522895588,148.94664001464844,61270900
2014-01-23,148.1950613884821,148.21930565448994,146.94239987216582,147.726318359375,132496900
2014-01-24,146.76462313672093,146.8131116762594,144.52597435108655,144.574462890625,208677100
2014-01-27,144.71183708693155,145.08360307343705,143.14397535859013,143.86325073242188,180843100
2014-01-28,143.96831565123787,144.90580175180682,143.9521486959112,144.7199249267578,110463200
2014-01-29,143.51571077214376,144.29964146931482,142.94999076690982,143.329833984375,216597300
2014-01-30,144.52597800445116,145.31798627774174,144.06531220364081,144.8492431640625,118938100
2014-01-31,143.05506227430598,144.89770041610345,142.9823294788654,144.00062561035156,194677900
2014-02-03,143.83094064831147,144.1542057940682,140.48509582945275,140.75987243652344,254837100
2014-02-04,141.39022010282054,142.10949539169636,140.71135603210521,141.74581909179688,165012400
2014-02-05,141.25288157618184,141.8832573398338,140.38814039549078,141.5680694580078,164230500
2014-02-06,141.89936323116532,143.4348907470703,141.60841974763085,143.4348907470703,132877600
2014-02-07,144.1057098679679,145.36646113627285,143.63696679840788,145.21290588378906,170787200
2014-02-10,145.22903621973353,145.52806933719015,144.83303838610053,145.4795684814453,92218800
2014-02-11,145.60082878228005,147.4434670212913,145.50383938480294,147.0717010498047,117814100
2014-02-12,147.28992056328536,147.75866362842999,146.85351140981922,147.1444549560547,94717700
2014-02-13,146.15039044133337,148.0576842791424,146.14231312931213,147.9041290283203,100542200
2014-02-14,147.7667448379369,148.99517454686247,147.62935653911504,148.72039794921875,96498400
2014-02-18,148.84967723809916,149.10022186640924,148.42134544109558,148.89817810058594,80460900
2014-02-19,148.51021193072023,149.47194201373208,147.79093677875028,147.91217041015625,126524300
2014-02-20,148.11423220691856,149.12445093307412,147.57275644951176,148.78501892089844,104998100
2014-02-21,149.06790203282642,149.42350106733417,148.54259312479616,148.61532592773438,118116400
2014-02-24,148.93057329547932,150.44185746471803,148.86591777864305,149.43972778320312,114063900
2014-02-25,149.56087139530985,149.98920318130263,148.89008463020716,149.38307189941406,117085000
2014-02-26,149.6013106862408,149.99732097082347,148.97093502132952,149.3911895751953,98677200
2014-02-27,149.17298341101628,150.21552401760238,149.00326118903587,150.1751251220703,93880800
2014-02-28,150.15082887899678,151.24994737999018,149.55278726712885,150.55491638183594,150842000
2014-03-03,149.22953180820016,149.87607437416352,148.50217912885,149.49623107910156,167748500
2014-03-04,150.95903835603823,151.92076880548925,150.92671677441015,151.59750366210938,167545900
2014-03-05,151.72675545436,151.9934546428915,151.49237783484597,151.73483276367188,88376900
2014-03-06,152.10659301636124,152.42985802168093,151.75907142046157,152.08233642578125,82516500
2014-03-07,152.71273547273688,152.71273547273688,151.47621652287464,152.14700317382812,114513500
2014-03-10,151.91266790914355,152.12278898654245,151.19339259477965,152.06622314453125,74939200
2014-03-11,152.29253362898004,152.51074438153248,150.96712682063952,151.31463623046875,99009100
2014-03-12,150.57913954136538,151.4115586258349,150.2396952623943,151.35498046875,104824400
2014-03-13,151.80760079899065,151.9288344574442,149.23761001917646,149.65785217285156,155014300
2014-03-14,149.39118037258763,150.15894429340017,149.05982560376333,149.2376251220703,153919600
2014-03-17,149.98919581433233,150.9428487301851,149.92454033429385,150.58724975585938,98359500
2014-03-18,150.89437602574344,151.86418366447003,150.73273114281136,151.66213989257812,101804600
2014-03-19,151.67834917252753,151.88848266335128,149.89228849119152,150.85401916503906,176267300
2014-03-20,150.5225704513123,151.84797675288797,150.25587126278083,151.73483276367188,117241000
2014-03-21,152.3721006873912,153.43548075642798,151.00836764703087,151.1463623046875,163128000
2014-03-24,151.66576812325113,151.85247757305842,149.8637011302525,150.52120971679688,121411000
2014-03-25,151.28434401494403,151.747042874135,150.39143529719541,151.2356414794922,103852000
2014-03-26,151.82823362956483,152.07175873150487,150.10734437860407,150.14793395996094,119843000
2014-03-27,149.96929344400323,150.44821812020353,149.27930797841552,149.831298828125,142383000
2014-03-28,150.26154144307228,151.32492133498477,150.17224933990872,150.57000732421875,101642000
2014-03-31,151.5278894553723,152.0392909187867,150.59439103714698,151.8038787841797,99745000
2014-04-01,152.29897778034012,152.8996711131074,151.79570187673784,152.8103790283203,89193000
2014-04-02,153.00524425580738,153.5247586071414,152.72112961949384,153.3218231201172,78774000
2014-04-03,153.55721640928778,153.59780598223392,152.64806942904775,153.11888122558594,77435000
2014-04-04,153.95501840256645,153.9874826384816,151.06521834423245,151.30873107910156,169381000
2014-04-07,150.94342552807677,151.19506357146167,149.32806684201242,149.6365203857422,140803000
2014-04-08,149.57157579584833,150.4969611762853,149.0277101446108,150.25344848632812,112660000
2014-04-09,150.65934757624578,151.9175379962912,150.22099988018937,151.86883544921875,100254000
2014-04-10,151.86067667525003,151.9337304738207,148.49194034662077,148.67864990234375,172959000
2014-04-11,147.85064995133263,148.88967845737264,147.17690277556972,147.33924865722656,167251000
2014-04-14,148.4919204312612,148.84908880241323,147.28243308536543,148.5000457763672,132382000
2014-04-15,148.80853320629592,149.6283880781259,147.33926994163235,149.52285766601562,157093000
2014-04-16,150.55378589518034,151.09765153498006,149.88815152676295,151.08953857421875,105197000
2014-04-17,150.8866445977756,151.7227380756399,150.62688114754047,151.30062866210938,105255000
2014-04-21,151.34113316031016,151.87688568554935,151.1544360267981,151.8281707763672,68329000
2014-04-22,151.98242063280904,152.93215709550185,151.9012538808492,152.51817321777344,85790000
2014-04-23,152.4613636560861,152.54253041120086,152.03925441641638,152.1610107421875,73869000
2014-04-24,152.90780229488436,152.92404059937977,151.738892095159,152.46946716308594,88170000
2014-04-25,151.9743172658214,152.06360936895146,150.87846076251643,151.21939086914062,100380000
2014-04-28,151.83637419808696,152.35588868740948,150.13983604863404,151.69837951660156,135121000
2014-04-29,152.18536723550957,152.639940715602,151.86067543150025,152.404541015625,84098000
2014-04-30,152.1528889210588,153.01333326958962,151.94182812041728,152.85910034179688,101508000
2014-05-01,152.78605884919645,153.28933485518132,152.38830086582885,152.87535095214844,93019000
2014-05-02,152.85913973119082,153.5328871026274,152.4289174460639,152.6562042236328,98122000
2014-05-05,151.90938137458056,153.05394044664166,151.48727211093134,152.9484100341797,75883000
2014-05-06,152.60745241288691,152.71298280632976,151.58466224404404,151.61712646484375,85454000
2014-05-07,152.12856634084216,152.5831398645524,150.99212014536693,152.5100860595703,106500000
2014-05-08,152.37209619923797,153.45982750604534,151.86069477589123,152.3477325439453,93618000
2014-05-09,152.37210721003888,152.63997118941518,151.65777023516645,152.57504272460938,83679000
2014-05-12,153.2569148439993,154.1335978205771,152.60751867028964,154.06053161621094,86940000
2014-05-13,154.26341477587198,154.5718806405592,154.0442533957814,154.198486328125,66454000
2014-05-14,154.06044820809973,154.13351437290797,153.24870652698888,153.46788024902344,72367000
2014-05-15,153.15948169801686,153.19195831579083,151.37365169266494,152.12045288085938,154956000
2014-05-16,152.20975414376394,152.71304265988908,151.56848334551262,152.64810180664062,97458000
2014-05-19,152.35582898525544,153.3299167227538,152.2178343578446,153.20816040039062,63839000
2014-05-20,153.1351421543186,153.15138046444906,151.8526005366466,152.2422332763672,111644000
2014-05-21,152.68048571759238,153.5977577561389,152.65613445871014,153.5247039794922,89093000
2014-05-22,153.56540655219712,154.2148028871295,153.3056554499471,153.89822387695312,61549000
2014-05-23,154.03615376037692,154.62060897723188,153.89815911003612,154.5150909423828,61092800
2014-05-27,155.09140650590948,155.5135157649673,155.00211440084337,155.46481323242188,72010000
2014-05-28,155.46480913983154,155.7083341823464,155.09140242314902,155.35116577148438,66723000
2014-05-29,155.70836745106047,156.17916694466268,155.31060938376112,156.15481567382812,64377000
2014-05-30,156.00868747681875,156.50385056216197,155.87880579202726,156.40643310546875,76316000
2014-06-02,156.6255657603999,156.6580423661669,155.8300623258507,156.58497619628906,64656000
2014-06-03,156.20350751025612,156.58502724211843,156.05739989526202,156.5038604736328,65047000
2014-06-04,156.23599455770412,156.9097419507373,156.07364862369388,156.82044982910156,55529000
2014-06-05,156.9990401387674,158.00559240024415,156.4226978066305,157.84324645996094,92103000
2014-06-06,158.1841634327783,158.63873698206834,158.1111096236853,158.59815979003906,78696000
2014-06-09,158.57375513694336,159.14197188226737,158.427635181748,158.7604522705078,65119000
2014-06-10,158.56564208323897,158.80916710331027,158.224712009618,158.77670288085938,57129000
2014-06-11,158.20852365344007,158.38710789879352,157.86759347218373,158.22476196289062,68772000
2014-06-12,158.03806402563583,158.12735614789995,156.755510081388,157.10455322265625,106350000
2014-06-13,157.4129333510126,157.73763743049594,156.90965751055617,157.58340454101562,82017000
2014-06-16,157.38861085967073,158.04611970978218,157.20191372121602,157.7133026123047,87424000
2014-06-17,157.49408744386793,158.26523938255025,157.32361628095035,158.15159606933594,84834000
2014-06-18,158.15165415256945,159.40173105703383,157.80259874266395,159.31243896484375,105267000
2014-06-19,159.4504077543603,159.58841473591482,158.93901893301387,159.49099731445312,85929000
2014-06-20,159.88825370698174,159.9453538900442,159.61909379872276,159.81484985351562,100587000
2014-06-23,159.8556348869542,159.90457078956075,159.47228705580287,159.7659149169922,70611000
2014-06-24,159.48044250455453,160.2716061360866,158.62402685288524,158.803466796875,96237000
2014-06-25,158.46902295775018,159.6843182527356,158.43640317702372,159.5211944580078,82782000
2014-06-26,159.54571460898512,159.56203072746095,158.33858319836355,159.4070587158203,84312000
2014-06-27,159.03185519651603,159.76593114683553,158.95845133514948,159.7169952392578,71445100
2014-06-30,159.61909037853667,160.00243819915661,159.4804345097773,159.63540649414062,70201200
2014-07-01,160.02688185092595,161.19324125128688,159.96979412330495,160.703857421875,90470000
2014-07-02,160.720196691884,161.07091227857435,160.64679284056038,160.86700439453125,52475000
2014-07-03,161.32379113553574,161.7316069922817,161.20145135673283,161.658203125,52938800
2014-07-07,161.34825420750755,161.47874580903132,160.85887025375294,161.09539794921875,61696000
2014-07-08,160.80178570562933,160.85888589885965,159.66805813319752,160.0595703125,108143000
2014-07-09,160.45920214554715,160.9241181341996,160.1166383649588,160.7772979736328,72992000
2014-07-10,159.22757948312903,160.56521462058768,159.09707545860897,160.14108276367188,99040000
2014-07-11,160.04320184425634,160.47548551098006,159.6843220200597,160.36129760742188,64243000
2014-07-14,161.17692929982013,161.38083715974878,161.03827344853443,161.1687774658203,58658000
2014-07-15,161.26666832765358,161.57661229397496,160.1574089406371,160.86700439453125,111307000
2014-07-16,161.58477261996293,161.70711237859774,161.02198483914242,161.46243286132812,79986400
2014-07-17,160.96484740321748,161.5765708986254,159.39882430289245,159.62721252441406,145398000
2014-07-18,160.14925503164596,161.4216382203089,160.05953506600693,161.25851440429688,124330000
2014-07-21,160.75283342746417,161.08724537948797,160.2145135698967,160.9567413330078,67592000
2014-07-22,161.50323110814816,161.9518310396792,161.38904316608136,161.658203125,67678000
2014-07-23,161.9029018969093,162.18837798678743,161.57665417609383,162.01708984375,65612000
2014-07-24,162.1720429474456,162.35963474275164,161.86209893694323,162.0252227783203,56888000
2014-07-25,161.56847284742753,161.70712873642307,160.94859726505604,161.26669311523438,76837000
2014-07-28,161.29935322950453,161.5685132385671,160.3695334007223,161.3319854736328,69259000
2014-07-29,161.63377431970596,161.8621502591561,160.61423443089097,160.63870239257812,80466000
2014-07-30,161.20958815868624,161.42166034956927,159.9943049840768,160.66311645507812,104222000
2014-07-31,159.54569043233144,159.68434630448513,157.392423605236,157.49029541015625,183479000
2014-08-01,157.058014882951,158.03677028877806,156.25054758478004,157.0090789794922,189261000
2014-08-04,157.31085930807006,158.47721894253746,156.64204788221727,158.14280700683594,91340000
2014-08-05,157.49845334345676,157.9062691082554,156.03846593596992,156.60940551757812,152690000
2014-08-06,155.8752984116252,157.3271211315724,155.8508304682421,156.65830993652344,94818000
2014-08-07,157.36796372122566,157.5229357173271,155.4186046848166,155.8101043701172,135733000
2014-08-08,156.16084749838663,157.718694554249,155.74486737491634,157.6126708984375,117014000
2014-08-11,158.20806811494617,158.77085593039433,157.996008371748,158.0694122314453,74544000
2014-08-12,157.91443415019725,158.3548697369735,157.3679624731293,157.84918212890625,73632000
2014-08-13,158.46907890496817,159.09711880422367,158.19993139369655,158.9176788330078,69047000
2014-08-14,159.1786735282631,159.6680450439453,159.03185336167263,159.6680450439453,57371000
2014-08-15,160.24713015101713,160.39393785480368,158.48536303228084,159.63540649414062,139951000
2014-08-18,160.51634692055353,161.04650263278128,160.4266269212707,160.9730987548828,75424000
2014-08-19,161.36458668208482,161.9355264330081,161.03833895171528,161.8131866455078,59135000
2014-08-20,161.59294504538133,162.44120896516833,161.56032525410575,162.24545288085938,72763000
2014-08-21,162.3840939130326,162.93056559713935,162.2535898687696,162.718505859375,67791000
2014-08-22,162.58797695134984,162.87345294882488,162.09860552852675,162.46563720703125,76107000
2014-08-25,163.24050806497303,163.607539796175,162.4330282998883,163.28944396972656,63855000
2014-08-26,163.39547729492188,163.79514125289558,163.35469322646736,163.39547729492188,47298000
2014-08-27,163.47702315705044,163.5912235200768,163.07737166865655,163.33021545410156,47874000
2014-08-28,162.79190916105082,163.3465451244984,162.6287853290547,163.24050903320312,58330000
2014-08-29,163.49335688930495,163.72173274886646,162.97951742806706,163.70542907714844,65907000
2014-09-02,163.91749875048535,163.94196670509572,163.01214709324708,163.62387084960938,72426000
2014-09-03,164.25189369341865,164.276361645492,163.30575806141465,163.5341339111328,57462000
2014-09-04,163.81146217153196,164.41503408977792,162.84902277153205,163.29762268066406,85236000
2014-09-05,163.26499671176148,164.0969445346753,162.6451210970612,164.0316925048828,102177000
2014-09-08,163.87671915772555,164.1132593194945,163.1263394895399,163.60755920410156,64146000
2014-09-09,163.46075187406367,163.57493981416485,162.23730432488603,162.57171630859375,88591000
2014-09-10,162.66144013325572,163.28948008946674,162.12313261634247,163.18345642089844,67251000
2014-09-11,162.5309482361315,163.39551593138114,162.40859600183657,163.3710479736328,66774400
2014-09-12,163.20797314173683,163.22427682143189,161.95189285402495,162.41680908203125,117409300
2014-09-15,162.44117744593615,162.5716814768198,161.80498585231507,162.2943572998047,76401000
2014-09-16,161.99262536503647,163.8114807164625,161.90290537305296,163.51785278320312,116201000
2014-09-17,163.75438374609155,164.49659915193266,162.9224359077653,163.73806762695312,151266000
2014-09-18,164.23555234095838,164.6352162393293,164.02349264039032,164.61074829101562,94990000
2014-09-19,165.13436772233695,165.44574795741931,164.12644254264012,164.46241760253906,121649000
2014-09-22,164.17566490678607,164.2002472346494,162.84815668352988,163.19232177734375,125553000
2014-09-23,162.60226739755998,163.2824074200118,162.20893777744294,162.2581024169922,111393000
2014-09-24,162.28270076957378,163.63479100937406,161.85659884890134,163.52825927734375,107276000
2014-09-25,163.10216043198275,163.11036287598358,160.83230910691128,160.88966369628906,150300000
2014-09-26,161.18463841344413,162.56950082657158,160.95519508503855,162.16796875,103547000
2014-09-29,160.77494887605658,162.1598115689402,160.65203724805406,161.8730010986328,95112000
2014-09-30,161.99591021567474,162.4957716294319,161.1109090649051,161.44688415527344,131302000
2014-10-01,161.18464293399998,161.2420100195721,158.8983995247949,159.2589569091797,177798000
2014-10-02,159.11967049116743,159.84078539623152,157.62009859207708,159.2835693359375,157285000
2014-10-03,160.34887339111953,161.3813813323608,159.85721425580724,161.03721618652344,121569000
2014-10-06,161.70909740371388,161.92216087435153,160.26688027379856,160.8486785888672,104778000
2014-10-07,160.02109533496304,160.38165285782262,158.33304193587384,158.36581420898438,147913000
2014-10-08,158.45588215042542,161.3649108488131,157.62824821243632,161.13546752929688,186461000
2014-10-09,160.88146818559673,161.102721602623,157.80855268582943,157.93966674804688,210705000
2014-10-10,157.89869906381168,158.68535846465582,156.09592439117432,156.1368865966797,221909000
2014-10-13,156.07132848527797,156.63673441005386,153.48188213340063,153.572021484375,230939000
2014-10-14,154.39966264360115,155.54689193652553,153.26882573444396,153.80966186523438,215847000
2014-10-15,151.7282816084033,153.8014743047838,149.0732780646754,152.7689666748047,380715000
2014-10-16,150.0074419733047,153.71133297987618,149.8681379702252,152.6378631591797,270391000
2014-10-17,154.3996686014104,155.48953084506667,153.7441107664041,154.44064331054688,214625000
2014-10-20,154.1620691070693,156.06317349146246,154.11290444681242,155.9402618408203,130011000
2014-10-21,157.07104231401354,159.13604498949212,156.9071559913906,159.02952575683594,154949000
2014-10-22,159.30814185230938,159.71786393155276,157.83313986628806,157.89869689941406,151822000
2014-10-23,159.48024246117586,160.77496592961484,159.1852420189527,159.73426818847656,154944000
2014-10-24,159.99650165661532,161.01261710317735,159.37372848185478,160.96343994140625,117927000
2014-10-27,160.38986564566275,160.97986667552044,159.8162570065596,160.7422332763672,82954000
2014-10-28,161.28297872700034,162.59408166252837,161.20921926204636,162.5858917236328,106736000
2014-10-29,162.70069121043585,163.16776802536646,161.26666348320364,162.3401336669922,142557000
2014-10-30,161.90576594907648,163.8478444549362,161.75825950989525,163.38076782226562,113330000
2014-10-31,165.3474595577077,165.38024432975376,164.51982536758553,165.24913024902344,146903000
2014-11-03,165.46223662816246,165.89654122517064,164.96237496884893,165.33932495117188,93600000
2014-11-04,164.8967265482449,165.19992935638905,163.93797848770356,164.765625,93343000
2014-11-05,165.9702370613781,166.0112117756525,165.07704580734182,165.8063507080078,91709000
2014-11-06,165.84733485251706,166.56024740726474,165.23275161463724,166.47010803222656,107089000
2014-11-07,166.4864894327522,166.83885696782158,166.02760264601483,166.62579345703125,89540000
2014-11-10,166.65856376537008,167.19938742924273,166.45370271737593,167.1502227783203,66319000
2014-11-11,167.2158033747303,167.42066445158923,166.879828207787,167.3141326904297,54499400
2014-11-12,166.63398861886643,167.3632934809965,166.60120384768834,167.13385009765625,90120300
2014-11-13,167.2976680497401,167.84669395712427,166.51919885281393,167.32225036621094,85357900
2014-11-14,167.2485748150435,167.56815756931522,166.93718200185114,167.36329650878906,80417500
2014-11-17,167.04374654595566,167.6419374590761,166.87984766237918,167.4698486328125,80441000
2014-11-18,167.52718396323064,168.73995794851413,167.52718396323064,168.436767578125,76068100
2014-11-19,168.24008303506892,168.43675414012444,167.41244891244637,168.1663360595703,82373000
2014-11-20,167.37969224228925,168.5678965088488,167.31413519626523,168.46136474609375,72840300
2014-11-21,170.14941924650242,170.31330561085662,168.789138665279,169.3627471923828,142327300
2014-11-24,169.76425046070045,169.94452918186283,169.55119947374766,169.83799743652344,65880800
2014-11-25,170.06739702162093,170.27225801531281,169.46101648267552,169.7150421142578,79108300
2014-11-26,169.86261878889064,170.24775864497818,169.6495677529879,170.14942932128906,62167800
2014-11-28,170.0264335948436,170.33781380046938,169.55115459247278,169.78878784179688,57890100
2014-12-01,169.1332847515455,169.24800644405835,168.2974606362631,168.6088409423828,103968400
2014-12-02,168.64982751785539,169.90357628269606,168.62524518942539,169.69871520996094,74507200
2014-12-03,169.87079420282367,170.56731430766314,169.70690785484538,170.35426330566406,68952000
2014-12-04,170.06744493595394,170.66564820875078,169.3791148041144,170.16578674316406,91316600
2014-12-05,170.33783472485194,170.829506168039,170.07561912454997,170.44436645507812,91025500
2014-12-08,170.05105607536652,170.54271507055114,168.7481303543721,169.30535888671875,108588200
2014-12-09,167.4698357131623,169.29720559348533,167.09289831896595,169.190673828125,125180100
2014-12-10,168.73178922478323,168.78914382738364,166.28983605742877,166.4783172607422,159856400
2014-12-11,167.06822476019812,168.96113815078036,166.92892079895628,167.32225036621094,159012800
2014-12-12,166.05220697168238,167.0191578321723,164.58540704806362,164.61817932128906,202330200
2014-12-15,165.51139461355305,165.96209158386563,162.88917474591264,163.48736572265625,189965800
2014-12-16,162.72526524365017,165.85553624951172,162.13526429423763,162.17623901367188,259543800
2014-12-17,162.61050607904625,165.80633339919441,162.48758194905534,165.3556365966797,253910100
2014-12-18,167.77302606332887,174.5170489736125,167.1010757532422,169.44468688964844,257633900
2014-12-19,170.0914523327618,170.8330299608426,169.41580612698328,170.16561889648438,245084600
2014-12-22,170.35518328492228,170.9484405517578,170.11623837846253,170.9484405517578,148318900
2014-12-23,171.52514164405287,171.57457763303597,170.89068378239116,171.1790771484375,122167900
2014-12-24,171.4016246915783,171.66528760272422,171.1544320686209,171.1956329345703,42963400
2014-12-26,171.64051518473343,172.08546427954812,171.59107919036182,171.7476348876953,57326700
2014-12-29,171.5663948317118,172.18437002799178,171.5004759687134,171.97837829589844,79643900
2014-12-30,171.55816232914077,171.68998748442894,170.98137541221183,171.0555419921875,73540800
2014-12-31,171.37686785757063,171.54165871129243,169.23454904097866,169.35813903808594,130333800
2015-01-02,170.05031104560257,170.46229453969679,168.23757361339727,169.2675323486328,121465900
2015-01-05,168.22927183721154,168.39406265503095,165.90569238867087,166.21055603027344,169632600
2015-01-06,166.51550733869482,167.03461063221943,163.85409714017257,164.64511108398438,209151400
2015-01-07,165.9634167647709,167.03457628336741,165.518480156632,166.69674682617188,125346700
2015-01-08,168.09748816790014,169.869024603716,168.0810178817393,169.65478515625,147217800
2015-01-09,170.06678156629934,170.0832644264525,167.68551747007763,168.29525756835938,158567300
2015-01-12,168.4270726875914,168.5836284061777,166.37539063350323,166.9768829345703,144396100
2015-01-13,168.18813502289086,169.30873061252777,165.21361373830064,166.5072479248047,214553300
2015-01-14,164.5049630452742,165.69972493771155,163.61508998446124,165.50196838378906,192991100
2015-01-15,166.13645505534498,166.44955393727855,163.8705460123544,163.98590087890625,176613900
2015-01-16,163.7799434667454,166.2930456283048,163.59866969950244,166.13648986816406,211879600
2015-01-20,166.77091419250849,167.0345896649275,164.9334713202657,166.4907684326172,130991100
2015-01-21,166.0293380046406,167.80910960815234,165.56791853100518,167.33120727539062,122942700
2015-01-22,168.08103965249495,169.95143576575208,166.71325135973154,169.81961059570312,174356000
2015-01-23,169.56415037861913,169.8195906901065,168.75666630098573,168.8885040283203,117516800
2015-01-26,168.67422351292447,169.37458764279205,167.96561166976016,169.28395080566406,92009700
2015-01-27,167.24059532939023,168.18815242017473,166.22711936501577,167.05108642578125,134044600
2015-01-28,168.22935396258094,168.32822598699275,164.71925879582614,164.9087677001953,168514300
2015-01-29,165.10644235730413,166.6884568262253,163.70568898557391,166.4330291748047,173585400
2015-01-30,165.26303082958518,166.58137019560846,164.0765165992491,164.34017944335938,197729700
2015-02-02,164.83456751474483,166.4660183242982,163.0300781381961,166.37538146972656,163107000
2015-02-03,167.265291155787,168.7896350451689,166.89450854215673,168.78138732910156,124212900
2015-02-04,168.02328652331434,169.22628342706494,167.68545716173728,168.13864135742188,134306700
2015-02-05,168.7978960958348,169.98441069974993,168.72374207627507,169.83609008789062,97953200
2015-02-06,170.19859606236224,170.75890007641658,168.8472908873023,169.36639404296875,125672000
2015-02-09,168.72373806397397,169.44058538148425,168.20463479392058,168.60838317871094,87219000
2015-02-10,169.63831882609458,170.6600297923435,168.6495484329355,170.40460205078125,96164200
2015-02-11,170.23984658181436,170.93197594278112,169.59715323623945,170.50350952148438,91087800
2015-02-12,171.2945034509588,172.2008722029331,170.53645530055257,172.1431884765625,97545900
2015-02-13,172.26676666191346,172.90121212565114,172.0113263605628,172.85177612304688,93670400
2015-02-17,172.53869612122853,173.29675687510698,172.2915160631589,173.12371826171875,76968200
2015-02-18,172.75294746480677,173.21436703520834,172.48927195443994,173.1402130126953,80652900
2015-02-19,172.54691643643517,173.3791185028344,172.40684356819395,173.01657104492188,91462500
2015-02-20,172.60460433909398,174.12894832436666,171.9866290865897,174.05479431152344,140896400
2015-02-23,173.80756998498592,174.03004455566406,173.42853970059855,174.03004455566406,74411100
2015-02-24,173.9558749322599,174.722170629938,173.65924636747098,174.5244140625,72472300
2015-02-25,174.4008471530005,174.87874949135494,174.03829968440488,174.37612915039062,73061700
2015-02-26,174.28544455985167,174.442000248671,173.56858496224385,174.1700897216797,72697900
2015-02-27,174.07124638593027,174.33492183432463,173.52743777590726,173.57687377929688,108076000
2015-03-02,173.67575445825463,174.73043115902072,173.62631845239653,174.67276000976562,87491400
2015-03-03,174.2442955672373,174.72219791696278,173.09898198568862,173.95590209960938,110325800
2015-03-04,173.36263756706063,173.43680414626542,172.25852489497942,173.22256469726562,114497200
2015-03-05,173.54390400580067,173.6922245852403,172.90945854681257,173.41207885742188,76873000
2015-03-06,172.55509798887175,172.9835641763117,170.64350185820675,170.97308349609375,188128000
2015-03-09,171.17086154416938,172.03601659558407,171.01430584603222,171.6817169189453,89818900
2015-03-10,170.32224644132774,170.40463560849065,168.85557342204058,168.8967742919922,157121300
2015-03-11,169.15214898215018,169.32518755252903,168.41881898909006,168.501220703125,110145700
2015-03-12,169.12741574830258,170.7094304479297,169.0779797534291,170.64352416992188,93993500
2015-03-13,170.37163782391494,171.32742986360563,168.5671483183235,169.59710693359375,162410900
2015-03-16,170.32226821990744,171.95371978212904,169.62189105939606,171.8630828857422,136099200
2015-03-17,171.1296372982683,171.73112943854736,170.5446154387895,171.35211181640625,94510400
2015-03-18,170.8824944460516,174.07949003305748,170.2480364143264,173.41207885742188,228808500
2015-03-19,173.00010882563075,173.4203274499487,172.2338130133591,172.62107849121094,117917300
2015-03-20,173.56541124859362,174.64962400770247,173.38332836688056,174.14476013183594,177715100
2015-03-23,174.15305982486876,174.72413689693036,173.80545043945312,173.80545043945312,71784500
2015-03-24,173.68126953613915,174.13646408145203,172.76258328603416,172.82879638671875,77805300
2015-03-25,173.03568772802535,173.26742723939157,170.25480096277474,170.29617309570312,159521700
2015-03-26,169.6341028800728,170.8010725816422,168.93887157179836,169.8906707763672,153067200
2015-03-27,169.77479920123068,170.45346143952418,169.5844317850146,170.2796630859375,118939000
2015-03-30,171.30592790729784,172.65499305710676,171.28938410303803,172.35704040527344,96180400
2015-03-31,171.53763937911597,172.23287053884064,170.79276418587915,170.85069274902344,126768700
2015-04-01,170.81761319897427,170.84244153316453,169.26163690247668,170.2465362548828,137303600
2015-04-02,170.18037952911976,171.30597735776263,169.99829659883474,170.8590545654297,86900900
2015-04-06,169.97343313110727,172.52258099944964,169.84101954187773,172.0094451904297,114368200
2015-04-07,172.03423467927672,172.77910988731614,171.52109898613207,171.55419921875,81236300
2015-04-08,171.7777246639366,172.57225680282082,171.3887304982197,172.13360595703125,89351900
2015-04-09,171.9680309038624,173.12672854112427,171.4797235159347,172.89498901367188,85548900
2015-04-10,173.14332799781496,173.87993152787084,172.94470128427375,173.8385467529297,72722900
2015-04-13,173.69783865100243,174.32685688473805,173.0026199357931,173.05227661132812,74436600
2015-04-14,172.85365429038538,173.56542945843373,172.2329205727453,173.3833465576172,75099900
2015-04-15,173.84683466458407,174.66619513158932,173.7640651130928,174.1613311767578,99529300
2015-04-16,173.8302523325971,174.61651243919104,173.63161301592615,174.1116485595703,68934900
2015-04-17,172.9281223630453,173.1681338203195,171.33076118581155,172.10874938964844,191113200
2015-04-20,173.0274431208199,174.01234258579933,172.94468620701252,173.68128967285156,92189500
2015-04-21,174.35998466499538,174.51723924826706,173.17645828161199,173.4744110107422,72559800
2015-04-22,173.81374049557195,174.50897196787125,172.89505394215035,174.32688903808594,78264600
2015-04-23,173.92954311314637,175.4110343214699,173.81367335066773,174.76547241210938,102585900
2015-04-24,175.17938133600694,175.4359493204657,174.72417396251723,175.1710968017578,61327400
2015-04-27,175.73384252477726,175.8579842078044,174.25235108673922,174.44271850585938,79358100
2015-04-28,174.41793488479428,175.0469406214882,173.25095224972412,174.99728393554688,86863500
2015-04-29,174.1116520804401,174.87308386645512,173.47437460567704,174.27719116210938,125684900
2015-04-30,173.7061074585782,174.09510155353598,171.8356219903494,172.53085327148438,161304900
2015-05-01,173.30882416225984,174.44270617883703,173.20951082285615,174.4013214111328,103399700
2015-05-04,174.82348207464688,175.47732881746515,174.71589679241896,174.89797973632812,70927200
2015-05-05,174.65787643144472,175.013770252869,172.75429091692274,172.89498901367188,113326200
2015-05-06,173.44128197674513,173.74750658162085,171.12387348040323,172.18325805664062,135060200
2015-05-07,172.0839636979741,173.29233107273606,171.7529107171728,172.87022399902344,88244900
2015-05-08,174.53376057319656,175.3448490392088,174.4509910316435,175.14620971679688,155877300
2015-05-11,175.10484743992683,175.36968725587099,174.2358177200963,174.310302734375,75708100
2015-05-12,173.4826852745384,174.32688679003272,172.66331210107083,173.78890991210938,119727600
2015-05-13,174.19447453232908,174.81520839055835,173.5902971130675,173.82203674316406,94667900
2015-05-14,174.83176571517885,175.7256239910206,174.5586413007109,175.63458251953125,95934000
2015-05-15,175.8249053955078,175.96560352970437,175.34486978120518,175.8249053955078,76510100
2015-05-18,175.65936438184937,176.61942290212738,175.59315127202686,176.3711395263672,74549700
2015-05-19,176.487043447385,176.76016784240818,176.0318361223463,176.313232421875,72114600
2015-05-20,176.412541990653,176.93396242708732,175.87457774556415,176.1890869140625,76857500
2015-05-21,176.04836026972717,176.90910544830965,175.88282117908557,176.7021942138672,64764600
2015-05-22,176.3214777359704,176.7353002183509,176.21389247817623,176.2801055908203,57433500
2015-05-26,175.79180547586134,176.21391253841256,173.97098887187707,174.3848114013672,124308600
2015-05-27,174.84003245236724,176.2718549808661,174.43448179519967,176.0401153564453,93214000
2015-05-28,175.73383279215875,175.94901590710802,175.15448392201986,175.8414306640625,74974600
2015-05-29,175.77521603787758,175.81658817699767,174.48409210164976,174.74893188476562,124919600
2015-06-01,175.41112886307528,175.74218189748328,174.31863111757414,175.1049041748047,93338800
2015-06-02,174.64964926664845,175.61799238915683,174.02891552435898,174.93104553222656,91531000
2015-06-03,175.46075963166066,176.0152803282407,174.90623893508064,175.39454650878906,87820900
2015-06-04,174.6910284471704,175.3448624114101,173.59853103387678,173.9130401611328,151882800
2015-06-05,173.76402126999574,174.28544152933597,172.9612048127622,173.61505126953125,121704700
2015-06-08,173.50743416284743,173.65641677564642,172.47287828927844,172.54736328125,89063300
2015-06-09,172.5225830078125,173.06055978923862,171.89357740785732,172.5225830078125,105034700
2015-06-10,173.2839793100126,174.9723816920857,173.22605074383483,174.59165954589844,134551300
2015-06-11,175.0303409262258,175.53520482329432,174.79860136319687,175.1544952392578,73876400
2015-06-12,174.33511048163183,175.03032912383966,173.5405658699242,173.81369018554688,135382400
2015-06-15,172.67986871773456,173.35025921087504,171.976365349283,173.06886291503906,124384200
2015-06-16,172.919816678556,174.09508337176823,172.7460183480668,174.01231384277344,85308200
2015-06-17,174.2937469482422,174.8979368543779,173.27574719606432,174.2937469482422,126708600
2015-06-18,174.8896081688808,176.56972598250243,174.32681580695237,176.1062469482422,165867900
2015-06-19,175.86514818583947,175.9399955271655,174.95030504643736,175.32455444335938,130478700
2015-06-22,176.2393847741394,176.80491489900174,176.01483007618953,176.22274780273438,70696000
2015-06-23,176.4305995037729,176.6801032203133,175.95655386360374,176.34742736816406,68476800
2015-06-24,176.08136621074453,176.45561558246334,175.04177757247513,175.0667266845703,92307300
2015-06-25,175.56566942710884,175.6904149414853,174.45954600192098,174.53439331054688,97107400
2015-06-26,174.89204853122945,175.1332401719745,173.9522691481202,174.5011749267578,104174800
2015-06-29,173.02906400961442,174.50943660371323,170.76691905205735,170.84176635742188,202621300
2015-06-30,172.37209387258633,172.42200478287117,170.72538916130435,171.19944763183594,182925100
2015-07-01,172.76292068885462,173.01242439319796,171.78986766317254,172.57164001464844,135979900
2015-07-02,173.0457283654755,173.21205996715375,171.99781516335582,172.4136505126953,104373700
2015-07-06,171.13287379186576,172.69640598984356,170.93326826667652,171.92295837402344,117975400
2015-07-07,172.12259662024158,173.12891119494245,169.75232973288658,173.00416564941406,173820200
2015-07-08,171.67345000139576,171.9562149700581,169.86872625629306,170.10159301757812,164020100
2015-07-09,172.18909176169095,172.4469203319704,170.30120845774883,170.40931701660156,144113100
2015-07-10,172.39701898396842,172.97087381460608,170.45091253333575,172.55503845214844,129456900
2015-07-13,173.81090769210834,174.56771857403146,173.76932160863564,174.45960998535156,106069400
2015-07-14,174.41798808624523,175.52411168997082,174.359765043281,175.2163848876953,81709600
2015-07-15,175.25801483638108,175.7154363945804,174.6841598533939,175.15821838378906,97914100
2015-07-16,176.20608041745504,176.56370544433594,175.96490148001948,176.56370544433594,106683300
2015-07-17,176.55537469499166,176.7716172078095,176.1478641567518,176.71339416503906,89030000
2015-07-20,176.93797150333708,177.29558387379078,176.48887483272011,176.80490112304688,70446800
2015-07-21,176.67179216433937,176.92962072871038,175.80686026190133,176.10626220703125,77965000
2015-07-22,175.42430027659478,176.12291333158248,175.3910390312564,175.7902374267578,88667900
2015-07-23,175.92337438541236,176.02317084949414,174.44300094683192,174.8006134033203,90509100
2015-07-24,174.90034817163766,174.95855852083054,172.65483985277334,172.9875030517578,117755000
2015-07-27,172.10591359794236,172.61323316448957,171.54037099886844,171.9811553955078,132361100
2015-07-28,172.8128025145347,174.23496461131637,171.98945686559972,174.0935821533203,123544800
2015-07-29,174.21839731668058,175.51580174678963,174.0770148021471,175.291259765625,105791300
2015-07-30,174.7839189942226,175.4991563105311,174.16847810195645,175.33282470703125,91304400
2015-07-31,175.8318623995017,175.85681151159687,174.78396162063086,175.0667266845703,103266900
2015-08-03,175.03342684378325,175.09163719574187,173.52809216759266,174.4761962890625,113965700
2015-08-04,174.40144311884868,174.85886480383806,173.65294413635337,174.13531494140625,81820800
2015-08-05,175.02510217498823,175.74033950870202,174.42629823558653,174.70907592773438,85786800
2015-08-06,174.89205626640072,175.00017753705393,172.69644574503167,173.27862548828125,116030800
2015-08-07,173.1206251082429,173.27031978540452,172.047762494086,172.9459686279297,117858000
2015-08-10,174.0520612842865,175.20808317057939,174.0520612842865,175.1249237060547,80270700
2015-08-11,173.7942272588926,174.21006260904733,172.78790012779152,173.5447235107422,126081400
2015-08-12,172.24734809884168,173.9356388880229,170.79192412952753,173.75267028808594,172123700
2015-08-13,173.59466361118865,174.2766398413433,172.99585954724972,173.5364532470703,89383300
2015-08-14,173.3451896815769,174.24339593230513,173.20380712687336,174.16854858398438,72786500
2015-08-17,173.5779627760793,175.14149475097656,173.12054144421364,175.14149475097656,79072600
2015-08-18,174.86702198119545,175.21632204283242,174.40128856567952,174.6341552734375,71692700
2015-08-19,173.89405478493381,174.65919044323707,172.44695562934967,173.25367736816406,172946000
2015-08-20,171.74830213457633,173.22867488300395,169.57764122071316,169.6358642578125,194327900
2015-08-21,167.77294521481267,169.61094324774174,164.27161828918466,164.52943420410156,346588500
2015-08-24,155.92996972210037,164.23835325792018,151.69675551920068,157.60162353515625,507244300
2015-08-25,162.533434014676,162.55007098556018,155.45591939317808,155.74700927734375,369833100
2015-08-26,159.74727416464867,162.00109415544082,156.66177096794365,161.72665405273438,339257000
2015-08-27,163.85577631670665,165.85178106006242,162.35045427496829,165.72703552246094,274143900
2015-08-28,165.08661897299652,166.2010545642235,164.60424848792363,165.73532104492188,160414400
2015-08-31,164.76234535825472,165.61065334719189,163.8475021652546,164.3964080810547,163298800
2015-09-01,160.6122805745164,161.98454517734268,158.62458762583853,159.48953247070312,256000400
2015-09-02,161.8597424703319,162.5583554809262,160.03006952607157,162.5167694091797,160269300
2015-09-03,163.2237189520738,164.71241690293388,162.14255698274914,162.63323974609375,152087800
2015-09-04,160.38775136267458,161.22773447241386,159.35647479315662,160.1715087890625,207081000
2015-09-08,162.95755041138966,164.3464388844528,162.31716045281516,164.1967315673828,116025700
2015-09-09,165.76859346144022,165.89333897786784,161.63518947998506,162.00111389160156,149347700
2015-09-10,161.8099040514563,164.02215190683992,161.5520880777635,162.8827667236328,158611100
2015-09-11,162.4918368070718,163.6894447293928,161.7849115864469,163.62290954589844,119691200
2015-09-14,163.7975501158982,163.84744832997723,162.5334070346458,163.01577758789062,79452000
2015-09-15,163.51479446591247,165.4941750062351,162.97421352873837,165.0533905029297,113806200
2015-09-16,165.3527657750819,166.67511907131598,165.01177776074618,166.48382568359375,99581600
2015-09-17,166.35076495640442,168.7376556321738,165.73532411433695,166.1095733642578,276046600
2015-09-18,163.61246252375318,166.095354048049,162.98546675101164,163.3950958251953,223657500
2015-09-21,164.22274797518264,165.2593729050372,163.19447839737887,164.23947143554688,105726200
2015-09-22,162.08263297513628,162.5675113614586,160.97911400841684,162.1077117919922,153890900
2015-09-23,162.27486326706273,162.74301806055584,161.2716726015401,161.8485107421875,92790600
2015-09-24,160.6363402979542,161.72313571426344,159.30711208604234,161.26333618164062,159378800
2015-09-25,162.71795148101944,163.01890997892332,160.35208576954818,161.22152709960938,155054800
2015-09-28,160.32697967158322,160.43566300840956,156.86596391285235,157.17527770996094,178515900
2015-09-29,157.39266450039486,158.62157725173503,156.27242234351033,157.2672576904297,159045600
2015-09-30,159.14823809088995,160.36879543749174,158.37076947932167,160.20159912109375,163452000
2015-10-01,160.5777961199609,160.92055686462473,158.68845348308335,160.61959838867188,131079000
2015-10-02,158.64671796087103,163.04404549533024,158.10331375152828,163.0189666748047,211003300
2015-10-05,164.23947085628345,166.1455371306783,164.13078749869322,165.91981506347656,126320800
2015-10-06,165.78608489375063,166.34619973759558,164.690934023228,165.3513641357422,110274500
2015-10-07,166.2793230608517,167.05680468250551,165.09221224373042,166.7056884765625,124307300
2015-10-08,166.32115394373426,168.49474540908108,166.02019532170576,168.21051025390625,153055200
2015-10-09,168.35259329605023,168.78730129493053,167.68379507804164,168.310791015625,107069200
2015-10-12,168.38595419135143,168.67018916453048,167.9596017315828,168.4695587158203,56395600
2015-10-13,167.74226006682724,169.00461969061865,167.2406711140473,167.40786743164062,88038700
2015-10-14,167.34935065802895,167.9261888274099,166.31272577973232,166.60531616210938,99106200
2015-10-15,167.26572642312522,169.1717922396627,166.89788692234438,169.16343688964844,134142200
2015-10-16,169.56474708986744,169.94929737355176,168.80398911805145,169.93258666992188,114580100
2015-10-19,169.28890886262784,170.01622009277344,168.97959493831587,170.01622009277344,76523900
2015-10-20,169.58150464532827,170.40913111058862,169.33070372156925,169.79885864257812,78448500
2015-10-21,170.21685980932756,170.3673327132533,168.57830479218902,168.74551391601562,102038000
2015-10-22,169.69012535632027,171.80518998853404,168.74546043865388,171.59619140625,174911700
2015-10-23,173.25986464451492,173.84505825852705,172.465672400051,173.4772186279297,144442300
2015-10-26,173.30161259675415,173.3601255616812,172.68297225228795,173.05081176757812,69033000
2015-10-27,172.38205574263753,173.05085386438054,172.03929495125809,172.71646118164062,77905800
2015-10-28,173.05084371720903,174.7061090853593,172.39041374283119,174.6810302734375,135906700
2015-10-29,174.17946046172494,174.94857387664396,174.0624217411126,174.5807342529297,90525500
2015-10-30,174.77292448520797,175.09060632517443,173.6694189065869,173.8282470703125,131076900
2015-11-02,174.15440076958672,176.0771781398776,174.0289939261339,175.88490295410156,86270800
2015-11-03,175.5337783105923,176.9466111541867,175.3080562082466,176.3948516845703,95246100
2015-11-04,176.68744138730514,176.812835458884,175.3247662802512,175.85980224609375,96224500
2015-11-05,175.91831205270597,176.37811156730345,174.79808251260556,175.68423461914062,78408700
2015-11-06,175.34148176571142,175.82636008086558,174.27140988270324,175.59226989746094,110471500
2015-11-09,174.98200500452802,175.1324906462806,173.00905749400297,173.9537353515625,131008700
2015-11-10,173.47721420953502,174.3884579098564,173.2097026026275,174.35501098632812,75874600
2015-11-11,174.6225124655602,174.67267008801582,173.602598288089,173.6694793701172,67846000
2015-11-12,172.63290193955868,173.10105692076502,171.2284369959397,171.24514770507812,121315200
2015-11-13,170.83548747620802,171.10299909281403,169.23873486083247,169.32232666015625,153577100
2015-11-16,169.13844464170742,171.95574254570474,169.02139314404795,171.897216796875,117645200
2015-11-17,172.20658674606096,173.08437114884927,171.27863193613194,171.77186584472656,121123700
2015-11-18,172.2482890016951,174.63923361307806,172.2064994846576,174.4971160888672,121342500
2015-11-19,174.38006807423167,174.76463110931041,174.05403076990362,174.3466339111328,88220500
2015-11-20,175.0990333405457,175.6591480859818,174.6057996812268,174.98199462890625,94011500
2015-11-23,175.0405130367167,175.5421020272082,174.32155733637617,174.78135681152344,64931200
2015-11-24,173.77816093332171,175.41671565576152,173.3936106327194,175.01544189453125,98874400
2015-11-25,175.14076822882876,175.34141140998338,174.73112651756816,174.99029541015625,51980100
2015-11-27,175.08235665055602,175.39168335101303,174.60584632453964,175.1910400390625,37317800
2015-11-30,175.34985149569619,175.46689021886348,174.35501597064206,174.4636993408203,112822700
2015-12-01,175.0907094642138,176.24438608367103,174.81482971798422,176.12733459472656,97858400
2015-12-02,176.07710468002338,176.39478657671447,174.07907893473657,174.3298797607422,108441300
2015-12-03,174.5807276920756,174.84823929073755,171.16986870435804,171.88882446289062,166224200
2015-12-04,171.8888317671986,175.53376834223343,171.8888317671986,175.2411651611328,192913900
2015-12-07,174.91514042477857,175.33313771005442,173.21807246705978,174.17947387695312,102027100
2015-12-08,172.62452860908843,174.12930867590688,172.03096683355412,173.0090789794922,103372400
2015-12-09,172.37370159741678,174.45531966113742,170.69334455078356,171.66310119628906,162401500
2015-12-10,171.72997570891886,173.41031993494747,171.49589828707198,172.10617065429688,116128900
2015-12-11,169.9994971174157,170.6599272002176,168.46125744818977,168.7705841064453,211173300
2015-12-14,168.92938116765745,169.7486520430947,167.15706450560026,169.6232452392578,182385200
2015-12-15,171.12806621577792,172.30682148520253,169.5981947981496,171.40394592285156,154069600
2015-12-16,172.5241421321547,174.21285421460504,171.21163769521496,173.91189575195312,197017000
2015-12-17,174.22125585920915,174.2881369527101,171.2451173578712,171.2618408203125,173092500
2015-12-18,170.52346735712578,170.65801278641152,168.05101383942815,168.21080017089844,251393500
2015-12-21,169.37977160797016,169.7750285364776,168.26968504309372,169.59841918945312,99094300
2015-12-22,170.48141938163064,171.43171947619464,169.49748613718208,171.1373748779297,111026200
2015-12-23,172.13813080808546,173.298673375871,172.04562360583907,173.25662231445312,110987200
2015-12-24,173.00436437271875,173.51735663032437,172.7520707844859,172.97071838378906,48539600
2015-12-28,172.2811100869447,172.61749294503812,171.50741924758302,172.57545471191406,65899900
2015-12-29,173.66866691591562,174.74510722179696,173.63503377043588,174.41712951660156,92640700
2015-12-30,174.17322856717166,174.2573306668984,173.0379143817544,173.18087768554688,63317700
2015-12-31,172.5081470546671,173.1472795122561,171.44851684570312,171.44851684570312,114877900
2016-01-04,168.6060448318298,169.06016289116468,167.0081944650401,169.0517578125,222353500
2016-01-05,169.3713254091288,169.79181034096098,168.23602379249098,169.3376922607422,110845800
2016-01-06,166.79800054241517,168.24447008885522,166.17569090344355,167.20167541503906,152112600
2016-01-07,164.26665653892186,166.0411035890853,162.8033642538553,163.19021606445312,213436100
2016-01-08,164.14886963902637,164.7039126931674,161.11296865960358,161.39889526367188,209817200
2016-01-11,162.31561420091603,162.6520098984036,159.63293069448645,161.55874633789062,187941300
2016-01-12,162.99677138132162,163.6106757369849,160.74296566414114,162.86221313476562,172330500
2016-01-13,163.52661663445775,163.8714174198768,158.42193532288167,158.8003692626953,221168900
2016-01-14,159.4058188341677,162.5258094236852,157.81638651840709,161.40731811523438,240795600
2016-01-15,157.06794763263426,158.7414694764647,156.01673528563242,157.9425506591797,324846400
2016-01-19,159.75057500038128,159.87671529498562,156.58852140575064,158.15272521972656,195244400
2016-01-20,155.60465563792062,157.68185226499943,152.232371043732,156.1260528564453,286547800
2016-01-21,156.597024650623,158.8339950310881,155.27669563076464,157.0006866455078,195772900
2016-01-22,159.5992809918334,160.42342797516326,158.84241314643424,160.2216033935547,168319600
2016-01-25,159.71701684850765,159.91043635063804,157.6061868211118,157.7996063232422,130371700
2016-01-26,158.45554350978819,160.22999047278762,158.11916069010894,159.9524688720703,141036800
2016-01-27,159.43102756991277,161.09614388163698,157.3117804617866,158.2116241455078,185681700
2016-01-28,159.75062657180015,159.952451108321,157.3959085990059,159.03579711914062,143798800
2016-01-29,159.80110316157138,163.0472474720097,159.68336788946976,162.91268920898438,210529300
2016-02-01,161.9119537618643,163.63594483563136,161.3316824062476,162.8538360595703,136061600
2016-02-02,161.43252526729455,161.44093034346093,159.39736760342635,159.9187774658203,182564900
2016-02-03,160.97007068979818,161.28122548332553,157.34549204497247,160.8775634765625,205054900
2016-02-04,160.38137434277135,162.09694728263753,159.75064692143812,161.1298370361328,139531800
2016-02-05,160.6168586201288,161.18871203825225,157.42957525911237,158.060302734375,180788300
2016-02-08,156.22700761015,156.5213394242484,153.72932556978992,155.9326629638672,191526700
2016-02-09,154.2002088682213,157.2108820153618,154.0656506328656,155.94100952148438,184513100
2016-02-10,156.76519315488096,158.3882588094194,155.68033486002952,155.80648803710938,148214100
2016-02-11,153.34244670274717,154.82256192212859,152.29123433997384,153.77975463867188,219058900
2016-02-12,155.54582267609098,156.9670512503249,154.70485264457105,156.9502410888672,127632400
2016-02-16,158.74986830934805,159.6244712307841,157.79116327738643,159.5992431640625,120250700
2016-02-17,160.75982939154645,162.57632768383354,160.63367619136366,162.206298828125,136009500
2016-02-18,162.4753623648004,162.5342364100918,161.23073065709553,161.54188537597656,102343000
2016-02-19,160.76827127170932,161.6176465524186,160.16277170234872,161.46627807617188,114793000
2016-02-22,163.0387916416724,163.94704045758385,162.97151252580716,163.8040771484375,103640300
2016-02-23,163.14822113564358,163.41733776294598,161.6176491902821,161.7353973388672,111455300
2016-02-24,160.31408647453802,162.7528939045773,159.2124180251303,162.47537231445312,150812200
2016-02-25,162.92111417848423,164.4516857348463,162.16424631288385,164.44326782226562,110728300
2016-02-26,165.30943331309925,165.40192766860665,163.9050025094279,164.06478881835938,129833700
2016-02-29,164.08164316183976,165.02352537488105,162.58471771660658,162.77813720703125,125918100
2016-03-01,163.99752628868575,166.6886400819756,163.52658522451452,166.6045379638672,141799700
2016-03-02,166.2933794558025,167.4034529630207,165.8812996179015,167.35299682617188,102415000
2016-03-03,167.17634658211517,168.0257341183701,166.6044933949375,168.0089111328125,95172200
2016-03-04,168.20241241060234,169.32932201217227,167.37826536769782,168.5556182861328,129293600
2016-03-07,167.63891229032535,169.09379924390373,167.56322809010834,168.69012451171875,100219000
2016-03-08,167.62210744243106,168.12668162537113,166.68863044698392,166.84840393066406,123974900
2016-03-09,167.65573865661608,168.0173495086141,166.8736300754085,167.6725616455078,94801200
2016-03-10,168.16034755805737,169.09382466427428,165.9906436670618,167.80712890625,156838700
2016-03-11,169.253560077013,170.55706570058754,167.79028098675542,170.5150146484375,137964500
2016-03-14,170.0104600627481,170.75050477050704,169.6824823497622,170.29638671875,73612000
2016-03-15,169.33767639070157,170.32160949911452,169.07697781054694,170.01885986328125,93169100
2016-03-16,169.5395282788217,171.40648238765817,169.49747721954162,171.0028076171875,129303200
2016-03-17,170.91869902861794,172.59222064220828,170.5234422139494,172.087646484375,134278500
2016-03-18,172.5863805581569,173.10201849920114,172.27362100155082,172.76390075683594,138372400
2016-03-21,172.50190223463002,173.23731560878278,172.2736656053394,173.0090789794922,72926700
2016-03-22,172.2398129731797,173.482415751694,172.07921541878494,172.9160614013672,97471900
2016-03-23,172.53570440818353,172.72167307934697,171.6058610523664,171.77493286132812,81052500
2016-03-24,170.75208193230722,171.73264153802145,170.53230666828148,171.69882202148438,84360900
2016-03-28,172.1130067420519,172.32433355093423,171.35223538942148,171.8002471923828,62408200
2016-03-29,171.394463756791,173.49928308907764,171.09015268342864,173.38938903808594,92922900
2016-03-30,174.386938362037,174.86875692583024,173.78676436680576,174.15025329589844,86365300
2016-03-31,174.05728479273176,174.4799385776308,173.5670048544445,173.7276153564453,94584100
2016-04-01,172.73853216040445,175.09693358242268,172.42575972428358,174.9109649658203,114423500
2016-04-04,174.83494540729757,175.03782384332382,174.04035432248855,174.34466552734375,63497000
2016-04-05,173.00904589993777,174.35308142963854,172.34970722882548,172.60330200195312,99662200
2016-04-06,172.60334068711117,174.5475505190194,172.42582043662486,174.48837280273438,91839800
2016-04-07,173.40627750137608,173.76130489364914,171.673395571331,172.40036010742188,113859000
2016-04-08,173.57533493022092,174.00644975180867,172.33273261804635,172.8652801513672,95040600
2016-04-11,173.49931906851236,174.19247722872257,172.36661040990907,172.4595947265625,83757500
2016-04-12,172.62863889668202,174.34461149553252,172.18907553736943,174.06565856933594,115350600
2016-04-13,174.97862148284912,175.9084647273703,174.84336921121576,175.8239288330078,96336400
2016-04-14,175.8830809528281,176.3310927513701,175.4857855241792,175.8323516845703,65212900
2016-04-15,175.83240233620927,175.96765462712918,175.31676426314957,175.6379852294922,75761600
2016-04-18,175.63790106262655,176.90586166105635,174.97856258331203,176.87205505371094,82531000
2016-04-19,177.29478380823682,177.68361800031167,176.61853528915324,177.43002319335938,88316100
2016-04-20,177.47228672666824,178.29223593966242,176.998916644603,177.59909057617188,81100300
2016-04-21,177.61594271407756,177.7258367763028,176.37334011235748,176.6438446044922,85695000
2016-04-22,176.28881713233847,176.9143361982628,175.74782104643316,176.6438446044922,99251700
2016-04-25,176.0436911229163,176.38182177707313,175.43506884379957,176.3395538330078,66166500
2016-04-26,176.70302576233865,177.10878253811143,176.1282230108752,176.60159301757812,75864200
2016-04-27,176.2212589252952,177.3539679013381,175.8662313163132,176.9651336669922,77329400
2016-04-28,176.21279280844107,177.31168215046404,174.9448316614597,175.35902404785156,97216200
2016-04-29,174.74194659142722,175.08852572070128,173.3133750230655,174.4122772216797,142424100
2016-05-02,174.91097825618343,175.97606076990039,174.47987619313815,175.79855346679688,62188000
2016-05-03,174.57289639990015,174.80958145160974,173.52471052920916,174.26858520507812,106422100
2016-05-04,173.27953563715295,174.00650037892598,172.79770431951002,173.2964324951172,92243800
2016-05-05,173.76139308254142,174.11642065500112,172.84001108032206,173.26266479492188,67619200
2016-05-06,172.49342360262426,173.93890491198147,172.3412744639378,173.89663696289062,89315000
2016-05-09,173.76985257095404,174.4714463791938,173.59233233742088,174.04034423828125,74374900
2016-05-10,174.74192194397955,176.22120968389922,174.67429581377937,176.2042999267578,77472200
2016-05-11,175.747840344403,176.28037516192643,174.5559539794922,174.5559539794922,81727000
2016-05-12,175.22376022581594,175.39283201964201,173.6007716123478,174.606689453125,89586300
2016-05-13,174.31083476350005,174.86027938305523,172.76392076124944,173.0851287841797,96474600
2016-05-16,173.25418056057407,175.26600305543033,173.1950028615428,174.79263305664062,77486800
2016-05-17,174.52216978193292,174.80957119952959,172.63712501144184,173.16122436523438,114924900
2016-05-18,172.81460339390608,174.3868752778416,172.12990663609554,173.21189880371094,120062100
2016-05-19,172.49341286002985,172.89915676962522,171.41142050219796,172.61175537109375,115430500
2016-05-20,173.2203933153996,174.2178627686886,173.16967693441953,173.7022247314453,104990400
2016-05-23,173.7191275679192,173.9980805712717,173.2795769853952,173.46554565429688,58682600
2016-05-24,174.2769999822592,176.02679223918366,174.25164179578482,175.71401977539062,93537800
2016-05-25,176.3902458986021,177.32008894643684,175.71399758184626,176.9058837890625,76621400
2016-05-26,177.04113988222556,177.26937643499647,176.64384447118013,176.95660400390625,55280700
2016-05-27,177.1172942113932,177.7259166940104,177.0665778209034,177.71746826171875,64211200
2016-05-31,177.987910031557,178.0978041123605,176.8213817841543,177.37928771972656,109879400
2016-06-01,176.77064103692706,177.92025936762633,176.5762239886192,177.7427520751953,69936200
2016-06-02,177.34549124942043,178.30067981979306,176.87212117943628,178.28378295898438,63044700
2016-06-03,177.7258167457737,178.0977539313578,176.5508403995126,177.7511749267578,101757100
2016-06-06,178.10625841860303,179.01074348626975,177.94564795624228,178.6557159423828,64887000
2016-06-07,178.8078709162646,179.49256783743573,178.78251272647063,178.93466186523438,60974800
2016-06-08,179.0699019646455,179.64471765707248,178.94311102429867,179.51791381835938,66170900
2016-06-09,178.79093478154198,179.39110861431743,178.5204431641872,179.27276611328125,73786900
2016-06-10,177.9033692622777,178.24148700246033,177.03269092949563,177.57369995117188,113829200
2016-06-13,176.97353264712376,177.8272883564658,176.1197769377817,176.2042999267578,117751200
2016-06-14,175.8239356895269,176.44946779644985,174.9110021679503,175.8577423095703,125059300
2016-06-15,175.85771277035158,176.97352451986433,175.4266107207843,175.61257934570312,109124500
2016-06-16,175.61257137659956,176.3057294740903,173.78670472299714,176.13665771484375,149533100
2016-06-17,176.03299949147097,176.05848954865775,174.8264225780127,175.48069763183594,117055700
2016-06-20,177.43500710950025,178.10626685198173,176.525818571425,176.6107940673828,82789600
2016-06-21,176.99319416014075,177.52000603986713,176.5513448283531,177.11215209960938,72461700
2016-06-22,177.29056857800433,178.01282148859787,176.6787812330277,176.8232421875,95560500
2016-06-23,178.27622758011506,179.17691090402317,177.81739355365994,179.1259307861328,102731400
2016-06-24,173.02507882083157,179.15993738952622,172.25184574324885,172.69369506835938,333444400
2016-06-27,171.29170098613423,171.30020631780508,168.79357097849353,169.60079956054688,230775800
2016-06-28,171.19816246445197,172.6851427635678,170.89226885573058,172.65965270996094,159382400
2016-06-29,174.05324970086158,175.82912678041743,173.9512894369087,175.59971618652344,137328600
2016-06-30,176.06700220207614,178.04679920829113,175.51468735402474,177.99581909179688,165021900
2016-07-01,177.99584892144873,178.85405757773114,177.8344032151998,178.36972045898438,106055300
2016-07-05,177.54550400441005,177.6559695836352,176.49188019805416,177.086669921875,109803700
2016-07-06,176.59382993181467,178.2677463898298,175.93955479184584,178.14878845214844,96021500
2016-07-07,178.3271955191567,178.98996293735152,177.27357191353474,178.03829956054688,85593800
2016-07-08,179.32987466035493,180.93581329457842,179.10045115105365,180.68939208984375,133971000
2016-07-11,181.14824498624836,181.89598802426735,180.94431153075868,181.32667541503906,73633900
2016-07-12,182.28680301556167,182.94107802574163,181.35212442959033,182.6436767578125,101275600
2016-07-13,183.06005913234583,183.06855149677048,182.1338857578233,182.6182098388672,87324100
2016-07-14,183.87574847601795,184.10517194686253,183.24697647024917,183.63783264160156,91230900
2016-07-15,184.19867977283846,184.394107900916,182.94961488842702,183.39146423339844,107155400
2016-07-18,183.51042107944764,184.0457383025507,183.25550749866315,183.88429260253906,58725900
2016-07-19,183.4679488977955,183.73135486630622,183.2215406268984,183.69737243652344,54345700
2016-07-20,183.69732375243834,184.6999672333608,183.69732375243834,184.46205139160156,58159500
2016-07-21,184.35158650811275,184.5725046420332,183.3234400733596,183.76528930664062,67777300
2016-07-22,183.88425292035626,184.64048816870735,183.62084703105114,184.58950805664062,62787500
2016-07-25,184.3855665444508,184.43654665427843,183.5103734179036,184.08816528320312,55873100
2016-07-26,183.98622100908554,184.53003050344367,183.33194595690057,184.17315673828125,70080500
2016-07-27,184.5470523114183,184.61503012777584,183.21301197560646,183.97775268554688,84083900
2016-07-28,183.78230340812408,184.47906627064395,183.32346937496968,184.19017028808594,65035700
2016-07-29,183.92680022473132,184.84446846995627,183.64639655212855,184.4875946044922,79519400
2016-08-01,184.5470357803996,184.9378919826407,183.88426833708508,184.33460998535156,73311400
2016-08-02,184.08819970987324,184.24115303340008,182.32082839994354,183.15353393554688,92295500
2016-08-03,183.09409871833446,183.74837401567467,182.7967102853223,183.6888885498047,53993600
2016-08-04,183.79931708712982,184.19867867175537,182.04893037942287,183.88429260253906,46585500
2016-08-05,183.8843095158664,185.43076290809694,183.8843095158664,185.38827514648438,71892200
2016-08-08,185.57517459706514,185.67714779806195,185.01438033607144,185.2777862548828,39906500
2016-08-09,185.3458003503163,185.88110465721232,185.0653966822067,185.38827514648438,51251700
2016-08-10,185.49869715161768,185.57516732528734,184.58101617125746,184.9293975830078,57941100
2016-08-11,185.45625962486258,186.0340646795433,185.19285364503773,185.7876434326172,72504300
2016-08-12,185.4817292137405,185.83861601233525,185.22682859394925,185.62619018554688,61313500
2016-08-15,185.99154570606294,186.50986521228654,185.9830533410386,186.16148376464844,49813500
2016-08-16,185.7451034123525,185.81306825097215,185.2012939453125,185.2012939453125,53213600
2016-08-17,185.23531181678888,185.68565351011722,184.40260624720256,185.54969787597656,75134300
2016-08-18,185.5241694399179,186.0000010955423,185.41371685478808,185.9660186767578,52989300
2016-08-19,185.4987247040344,185.87259622920638,185.0144005667477,185.69415283203125,75443000
2016-08-22,185.45621493443744,185.91506192103134,185.09084878348472,185.68563842773438,61368800
2016-08-23,186.2974251342365,186.59482643807337,186.00002383039967,186.05950927734375,53399200
2016-08-24,185.9150799012492,186.00854778048802,184.6915051059202,185.1078643798828,71728900
2016-08-25,184.7254941291396,185.3967670036753,184.57255375698327,184.98040771484375,69224800
2016-08-26,185.1672750433972,186.18691604391768,183.74827259814512,184.6319580078125,122506300
2016-08-29,184.75944292189087,185.80457409768573,184.7254475374681,185.54116821289062,70502200
2016-08-30,185.45622396033679,185.73662758458175,184.6830038679016,185.2353057861328,58114500
2016-08-31,184.90395476022132,185.02291271590997,183.93529341662952,184.70852661132812,85269500
2016-09-01,184.70001280074456,185.00590652496516,183.56141342492953,184.71701049804688,97844200
2016-09-02,185.56669557160487,185.9745495085839,184.98039824413593,185.54969787597656,79293900
2016-09-06,185.83013099011055,186.18700486226328,185.11638324580503,186.11053466796875,56702100
2016-09-07,185.94901212053904,186.27190342808075,185.49017817889938,186.0934600830078,76554900
2016-09-08,185.76209274014715,186.0340039631219,185.36273123480345,185.6686248779297,74102900
2016-09-09,184.36007682465325,184.41105693457354,181.19918035519612,181.22467041015625,221589100
2016-09-12,180.46844336840837,184.22412956612516,180.40046556362213,183.82476806640625,168110900
2016-09-13,182.5502432107953,182.81364914395792,180.561940716494,181.18222045898438,182828800
2016-09-14,181.23324629652842,182.43133129356465,180.56198626415437,181.11428833007812,134185500
2016-09-15,180.95279811282384,183.3064666278665,180.77435473707862,182.92410278320312,134427900
2016-09-16,182.31095052162055,182.4902953051473,181.53382454216947,182.21701049804688,155236400
2016-09-19,182.86602208219125,183.5065185723338,181.92662201760845,182.2511444091797,80250500
2016-09-20,183.1051494339888,183.2588623449213,182.22553525004807,182.2596893310547,69665300
2016-09-21,182.9599813426876,184.48862739308572,182.2767824084513,184.30929565429688,110284400
2016-09-22,185.31697497131336,185.76959142531237,185.06932207477823,185.47068786621094,76678700
2016-09-23,185.0778960657672,185.21453846600355,184.36054301093114,184.45448303222656,73630900
2016-09-26,183.62606092623957,183.80539263007168,182.76351739041235,182.95994567871094,89827300
2016-09-27,182.79770286955798,184.18970639548482,182.43047810181935,184.0957794189453,78494800
2016-09-28,184.31786345899306,185.16332375535865,183.36139260075672,185.0095977783203,87411000
2016-09-29,184.80464313180275,185.2060221073729,182.78921298906678,183.3357696533203,128070600
2016-09-30,184.16411814763177,185.41949253274157,183.9164651946017,184.71922302246094,117202900
2016-10-03,184.3092983398103,184.49716534430019,183.6431699217955,184.27513122558594,83512100
2016-10-04,184.38619362646193,184.60822779192975,182.7465236337013,183.3357696533203,119948100
2016-10-05,183.9591231730412,184.5740008063559,183.89080198812474,184.14700317382812,72816000
2016-10-06,183.9249899749344,184.49716534430019,183.3869817197929,184.27513122558594,62927400
2016-10-07,184.54834265783498,184.71913906825728,182.91720892180058,183.64309692382812,89788300
2016-10-10,184.59962463378906,185.06077635582875,184.45444699850003,184.59962463378906,51855000
2016-10-11,184.17266881930584,184.2409900215945,181.54236117040844,182.26824951171875,130367400
2016-10-12,182.4048969321865,183.0283230336126,181.90957797517578,182.50738525390625,73866100
2016-10-13,181.18367286306528,182.40488006844393,180.3723798138563,181.90956115722656,101357000
2016-10-14,182.88312380888053,183.34428865778796,181.9266530569787,182.00350952148438,93346200
2016-10-17,181.9778809646954,182.234082196945,181.19220674181636,181.37155151367188,58275700
2016-10-18,182.9600018294452,183.01977473875587,182.13162514645416,182.50738525390625,76869700
2016-10-19,182.7721217434871,183.30159478701952,182.41344519487444,182.99415588378906,66519200
2016-10-20,182.64396330422522,183.2076033070078,181.99493159343336,182.6525115966797,73639800
2016-10-21,182.65253857722863,182.82333504941005,181.69605487732855,182.73793029785156,89089100
2016-10-24,183.60901570123647,183.88230049108293,183.16493443320397,183.51507568359375,60146600
2016-10-25,183.33575581148787,183.5919570790314,182.73796154117815,182.9002227783203,66542300
2016-10-26,182.08037296255412,183.11370014460235,181.84124225159334,182.53298950195312,75705500
2016-10-27,183.25032493308078,183.2844790136868,181.9693318999274,182.0461883544922,77220200
2016-10-28,182.02059647118577,182.69524716820135,180.79938918705093,181.50819396972656,140623200
2016-10-31,181.84124830762158,182.06329546856531,181.35447766812322,181.51673889160156,61272500
2016-11-01,181.84120744839947,181.89245811082677,178.9974146530381,180.2015380859375,122781800
2016-11-02,179.89419162454257,180.27850011991734,178.68151927651354,179.1170654296875,103330800
2016-11-03,179.3305358158373,179.5440347099807,178.0239236261547,178.2971954345703,88939300
2016-11-04,178.4081773824272,179.24508920344076,177.95556087497548,178.10073852539062,109122100
2016-11-07,178.10074275948946,182.06328088275612,178.10074275948946,182.02911376953125,109794900
2016-11-08,181.63634198885373,183.41265455449476,181.37160541486287,182.84901428222656,106772100
2016-11-09,181.36297663073972,185.4023837583954,181.33735781436422,184.78750610351562,258429000
2016-11-10,185.57321017854778,186.43574087465458,183.7968981143729,185.24868774414062,172113300
2016-11-11,184.53131524308765,185.06078818574503,183.882283473671,184.82167053222656,100552700
2016-11-14,185.34263325551296,185.5475968566235,184.2239012901916,184.9668731689453,94580000
2016-11-15,185.35113633936126,186.41009521484375,185.14618580476963,186.41009521484375,91652600
2016-11-16,185.7952457984158,186.2905647172134,185.67568695808095,186.0599822998047,65617700
2016-11-17,186.2137064428469,187.07623713751602,186.10268286685348,187.01646423339844,69797200
2016-11-18,187.08477556849542,187.25557203960201,186.4186471785894,186.59799194335938,86265800
2016-11-21,187.17012267118267,188.03265311477003,187.02494505380255,188.0070343017578,72402600
2016-11-22,188.3145274195932,188.55364509731695,187.64841202722897,188.3743133544922,67429000
2016-11-23,187.86191362132126,188.52802902338945,187.6654983183874,188.47679138183594,56620200
2016-11-25,188.81834079758076,189.21117128573667,188.7414713273482,189.17701721191406,37872300
2016-11-28,188.86964889000694,189.1429206753413,188.1864498802652,188.28892517089844,76572500
2016-11-29,188.32307024318024,189.10874445158365,188.02416663924018,188.6561279296875,69886700
2016-11-30,189.2709853519725,189.43324654635933,188.14370528419104,188.2034912109375,113291800
2016-12-01,188.50238922501075,188.50238922501075,187.153075013537,187.5117645263672,79040500
2016-12-02,187.59719288541658,188.09251184695535,187.24705159745926,187.60572814941406,74840300
2016-12-05,188.43405237374407,189.07454883052898,188.2376371089915,188.7329559326172,67837800
2016-12-06,188.92091155790078,189.36499292769207,188.44267609702044,189.33082580566406,59877400
2016-12-07,189.17705058798379,191.8671306855542,189.05749176211253,191.80735778808594,110738100
2016-12-08,191.78174798179285,192.74675389633438,191.51699846905584,192.2770538330078,99714400
2016-12-09,192.4990895226483,193.45556011767826,192.46492241229177,193.4384765625,88005800
2016-12-12,193.34461635616685,193.8228648820079,192.79805964328844,193.21652221679688,102016100
2016-12-13,193.87401799993626,195.0012850276725,193.85693444515616,194.50596618652344,110477500
2016-12-14,194.20707871517268,194.9073481010056,192.46492096624655,192.9004669189453,142501800
2016-12-15,193.1395951140877,194.54868225570195,192.90901271659143,193.69468688964844,124972600
2016-12-16,194.14911601109662,194.2092543255151,192.99802043664093,193.31585693359375,156420200
2016-12-19,193.4962283666932,194.15768418266404,193.3501950502885,193.73675537109375,90341100
2016-12-20,194.26937364194734,194.63017730203725,194.03744528469852,194.484130859375,89838800
2016-12-21,194.35530814852572,194.52711132423568,193.94297790527344,193.94297790527344,67909000
2016-12-22,193.79692808337322,193.91719160692546,193.2127816063045,193.60794067382812,56219100
2016-12-23,193.65089354617749,193.90001928669471,193.4619192327482,193.8914337158203,36697800
2016-12-27,194.15777079017948,194.76767414206097,194.1405865371316,194.37252807617188,42672500
2016-12-28,194.63020244535886,194.64737358739828,192.65443316823655,192.76609802246094,64095000
2016-12-29,192.83473304006495,193.1869379056792,192.28495527011856,192.7230682373047,48696100
2016-12-30,193.04953921738596,193.13544734077695,191.33148161148063,192.01870727539062,108998300
2017-01-03,193.3158698803758,193.9945100938081,192.31940625644611,193.48768615722656,91366500
2017-01-04,193.8141051371901,194.78481203331074,193.80551956658192,194.63877868652344,78744400
2017-01-05,194.37246601957602,194.63876287194785,193.69382587217012,194.484130859375,78379000
2017-01-06,194.59581569011266,195.64383199684897,194.0546232885752,195.17996215820312,71559900
2017-01-09,194.92228126898283,195.0597290602939,194.50135232349612,194.5357208251953,46939700
2017-01-10,194.55289196830208,195.38615117997924,194.149147273665,194.5357208251953,63771900
2017-01-11,194.44979359470986,195.08547973632812,193.78833763321774,195.08547973632812,74650000
2017-01-12,194.57005537567014,194.78481261118412,193.24715657231022,194.5958251953125,72113200
2017-01-13,194.76761545137668,195.34316323147314,194.73326006337803,195.04251098632812,62717900
2017-01-17,194.40688633184408,194.81063108406343,193.96878618076855,194.3553466796875,61240800
2017-01-18,194.6044034593869,194.8277593648899,194.05462548142256,194.78480529785156,54793300
2017-01-19,194.86209240708132,194.99954016274512,193.63368749865208,194.06320190429688,66608800
2017-01-20,194.74187661598043,195.26588484357595,194.11478910024897,194.7762451171875,129168600
2017-01-23,194.77624626741516,194.83637148326866,193.513472549322,194.2694091796875,75061600
2017-01-24,194.48415413642564,195.92732962629242,194.37248928326196,195.51499938964844,95555300
2017-01-25,196.45988091528477,197.20724487304688,196.29666334855813,197.20724487304688,84437700
2017-01-26,197.06123910305723,197.32754909240646,196.72621833139917,197.00111389160156,59970700
2017-01-27,197.07845500559668,197.2244883800057,196.5114926524248,196.69189453125,59711100
2017-01-30,196.00457846704674,196.03034827963296,194.4926926617917,195.47198486328125,79737300
2017-01-31,194.98236549341132,195.51497229583404,194.41541641199498,195.454833984375,75880800
2017-02-01,195.45485606765317,196.3654246579865,194.9480321326928,195.53216552734375,79117700
2017-02-02,195.53216379489243,195.9445071250719,194.84495112674284,195.66102600097656,69657600
2017-02-03,196.56301895450204,197.19010644438944,196.25376799509664,197.00970458984375,80563200
2017-02-06,196.6059615783239,197.00112068280168,196.32248043749593,196.65750122070312,57790100
2017-02-07,197.04405146992943,197.28457851110494,196.47708925526968,196.66607666015625,57931200
2017-02-08,196.6661015444172,197.05266197323664,196.12490907942458,196.92381286621094,51566200
2017-02-09,196.92383719978613,198.39276963236222,196.92383719978613,198.0921173095703,65955200
2017-02-10,198.4356640440478,199.09711992769516,198.1092288870743,198.87376403808594,66015900
2017-02-13,199.36341424492775,200.21385751311638,199.33764442841354,199.95614624023438,55182100
2017-02-14,199.7757582406565,200.763649337106,199.4321519248641,200.7550506591797,71109000
2017-02-15,200.54028135808088,201.99204220419728,200.4887417245899,201.8030548095703,86785800
2017-02-16,201.82882907216322,202.00923090109555,200.88390518595364,201.63125610351562,84722400
2017-02-17,200.96984983311793,201.9491424560547,200.95266558141913,201.9491424560547,77204100
2017-02-21,202.31850477436353,203.32356708684515,202.30990609578996,203.15176391601562,88946100
2017-02-22,202.74801644472154,203.19470206113783,202.58479884698647,202.9713592529297,62115200
2017-02-23,203.48678526635115,203.50395640806377,202.3528607417118,203.1088104248047,74615900
2017-02-24,202.26700564681448,203.40950286015035,202.2240515685682,203.36656188964844,82381600
2017-02-27,203.28062725924806,203.85617513110842,203.0315146102534,203.6843719482422,56515400
2017-02-28,203.3063246059963,203.54685159781374,202.74796118379254,203.134521484375,96961900
2017-03-01,204.7838710482061,206.44180341536486,204.76668680237975,205.97792053222656,149158200
2017-03-02,205.7889888304196,205.79758750952877,204.62930752428397,204.68084716796875,70246000
2017-03-03,204.59488940468017,204.97286417702512,204.21691463233526,204.8096466064453,81974300
2017-03-06,204.01935098250078,204.55194467269408,203.59842212905576,204.1997528076172,55391500
2017-03-07,203.89912523381324,204.25133027186428,203.38370258750723,203.58987426757812,65103700
2017-03-08,203.88192506816966,204.1396363712053,203.07443576893735,203.21188354492188,78168800
2017-03-09,203.33209571576234,203.79597856561043,202.50743548362493,203.46954345703125,90683900
2017-03-10,204.4231595498751,204.46611362717488,203.2376951766697,204.18263244628906,81991700
2017-03-13,204.12242695585928,204.328598594417,203.79600491281758,204.28564453125,57256800
2017-03-14,203.74447908258304,203.79603182983627,202.8940488151561,203.5039520263672,59880800
2017-03-15,204.07090396321794,205.68588249425696,203.83896248939536,205.26495361328125,96081800
2017-03-16,205.40239844996398,205.47970790422042,204.53478398969114,204.8612060546875,78344000
2017-03-17,205.1225963206639,205.31240587517215,204.50140380859375,204.50140380859375,89002100
2017-03-20,204.501459845826,204.7861742556055,203.88890325050352,204.2771453857422,52537000
2017-03-21,204.88104650841805,205.0018332238527,201.52488723873597,201.654296875,131809300
2017-03-22,201.6888240080955,202.41354433347485,201.06763139640887,202.1288299560547,97569200
2017-03-23,202.12885377022735,203.04338378830042,201.5421791038283,201.9131622314453,100410300
2017-03-24,202.2151062549792,202.78452182936317,200.9899800725699,201.76646423339844,112504900
2017-03-27,200.10132571992898,201.81823491644124,199.82524742676122,201.5594024658203,87454500
2017-03-28,201.2574499256847,203.44887000641816,201.14528612102265,203.026123046875,93483900
2017-03-29,202.74143151063373,203.44889293999827,202.51710387602253,203.2159423828125,61950400
2017-03-30,203.15554519863713,204.06145228376155,202.9829946026055,203.86300659179688,56737900
2017-03-31,203.52650607361866,204.05279389108298,203.33669648930265,203.3884735107422,73733100
2017-04-03,203.44023008636267,203.6386625847675,201.80960283565494,203.03472900390625,85546500
2017-04-04,202.75003001798098,203.25043592715895,202.370410834138,203.16415405273438,56466200
2017-04-05,203.8371165982791,204.81204651620817,202.3531578345219,202.5602264404297,108800600
2017-04-06,202.69825565164584,203.647290397291,202.25823654556245,203.129638671875,69135800
2017-04-07,202.8794512234158,203.61280770350876,202.4394452342199,202.92259216308594,74412300
2017-04-10,203.06057870593827,203.83706273456676,202.51703198704075,203.04331970214844,67615300
2017-04-11,202.66374260068065,202.90531604474356,201.31782965096872,202.80178833007812,88045300
2017-04-12,202.52573199408363,202.71554160139317,201.68884777042805,201.9131622314453,81864400
2017-04-13,201.57670619863654,202.3100627773175,200.60177612304688,200.60177612304688,92880400
2017-04-17,201.11938415921915,202.3790283203125,200.9209516639989,202.3790283203125,68405400
2017-04-18,201.64566056275982,202.30999403591392,201.09349087676208,201.7750701904297,83225800
2017-04-19,202.33593336497609,202.70691651272165,201.17981664915393,201.40414428710938,68699900
2017-04-20,202.0166261952365,203.48333872783218,201.697407031319,203.04331970214844,92572200
2017-04-21,202.9657147675082,203.01747862452962,201.99942099706792,202.3962860107422,110389800
2017-04-24,204.6308458215921,204.82929149211256,202.3704029788798,204.62222290039062,119209900
2017-04-25,205.2607420591196,206.1580132556318,205.17446015965305,205.8129119873047,76698300
2017-04-26,205.7783612293077,206.6583864377603,205.64032864279483,205.68345642089844,84702500
2017-04-27,206.00264092985702,206.1579324903357,205.32104841949567,205.85597229003906,57410300
2017-04-28,206.11484059103506,206.14072252393868,205.2779563211051,205.40737915039062,63532800
2017-05-01,205.92506408691406,206.34782433360058,205.51093992909583,205.92506408691406,66882500
2017-05-02,206.06304180758352,206.18382852892205,205.59715392949636,206.00265502929688,57375700
2017-05-03,206.00268148465386,206.09758628966242,205.07951536640996,205.75247192382812,73137700
2017-05-04,206.05441849762545,206.13206428303263,205.1485115069127,205.9940185546875,61462700
2017-05-05,206.36504769207525,206.8223127209225,205.92502850844568,206.8050537109375,62001300
2017-05-08,206.84819938842602,206.99486806473746,206.3477934055453,206.7705535888672,48385700
2017-05-09,207.0293304725549,207.22776296193527,206.23557418550524,206.5806884765625,51363200
2017-05-10,206.5375361945032,206.95166015625,206.3304676312481,206.95166015625,54293800
2017-05-11,206.5030487370718,206.69285831151325,205.4504731569016,206.5289306640625,62358300
2017-05-12,206.27875795356732,206.57209528830768,205.91639774628214,206.18385314941406,53912700
2017-05-15,206.60662585289788,207.44351013176822,206.58936684252194,207.32272338867188,61918900
2017-05-16,207.61605100245654,207.64193293442258,206.7446619084767,207.13290405273438,51241800
2017-05-17,207.13291412029378,207.13291412029378,203.3971348360046,203.45753479003906,172174100
2017-05-18,203.37986121587352,205.12265252811457,203.12102873745883,204.2771453857422,107047700
2017-05-19,204.7602820844805,206.27012277416677,204.70851822433954,205.6057891845703,115011400
2017-05-22,206.11479535787487,206.8136468872075,206.0457856617882,206.64971923828125,61010600
2017-05-23,207.02074326215902,207.27095282784222,206.64112403475502,207.10702514648438,48341700
2017-05-24,207.33996779319827,207.6936919099978,207.00347635602546,207.5901641845703,46927700
2017-05-25,208.09918949569263,208.8584279085556,207.89213404837835,208.58233642578125,64071700
2017-05-26,208.3925180071036,208.7031143297026,208.31487221764533,208.53919982910156,46629900
2017-05-30,208.21997122970018,208.6082133488608,208.0646796479424,208.35801696777344,35201900
2017-05-31,208.65132977757364,208.68584779042027,207.616013193174,208.3062286376953,91796000
2017-06-01,208.7634938022781,209.9799970435517,208.4787794374206,209.96273803710938,68962000
2017-06-02,210.0145464449187,210.81692585514858,209.72120909699268,210.66162109375,88666100
2017-06-05,210.4890581295814,210.7737725381242,210.3078714460481,210.50631713867188,44698800
2017-06-06,209.94555521167422,210.49772513530775,209.7557455662281,209.83340454101562,50375400
2017-06-07,210.16982427585478,210.44590257830131,209.50549070204522,210.22158813476562,54144300
2017-06-08,210.31648083869817,210.79962771377498,209.7988159498216,210.32510375976562,65950700
2017-06-09,210.5925491930658,211.38629233108014,208.74623048480618,210.00587463378906,132256400
2017-06-12,209.76430553969885,210.0145018916717,209.11723102814028,209.96273803710938,86108100
2017-06-13,210.49767317183907,211.04122003732482,210.15257199154834,210.9894561767578,60067000
2017-06-14,211.25691089926207,211.26553382107394,209.90236178312665,210.7220001220703,78602300
2017-06-15,209.3760879304886,210.43729979879853,209.10000960161716,210.31651306152344,66464900
2017-06-16,210.47515280085526,210.52716909236761,209.48680357522417,210.36244201660156,84553100
2017-06-19,211.18602544553738,212.1743744899548,211.0906578522619,212.1136932373047,65123800
2017-06-20,211.75831012533482,211.76697509924725,210.66592810881573,210.68325805664062,56906400
2017-06-21,211.07335999027543,211.18605754202875,210.1630352304678,210.63119506835938,55977600
2017-06-22,210.63984291287238,211.1340108244871,210.36240510153831,210.53579711914062,44148100
2017-06-23,210.59652674301162,211.1167028826192,210.21505630325362,210.78726196289062,66986800
2017-06-26,211.45481868793817,211.8709754678572,210.7178991944742,210.92596435546875,56700500
2017-06-27,210.70924772268842,211.004028786433,209.20938717140842,209.2267303466797,82247700
2017-06-28,210.24105677624263,211.29876541916607,210.00697024603113,211.099365234375,70042600
2017-06-29,211.24672483100042,211.29874111418312,208.03892615475667,209.2440185546875,106949700
2017-06-30,210.05028348149455,210.4230888678693,209.44340483631018,209.63414001464844,86820700
2017-07-03,210.5704945890348,211.00398127043258,209.9896240234375,209.9896240234375,39153800
2017-07-05,210.3538439314508,210.6832849587714,209.54755146973278,210.4752197265625,54427600
2017-07-06,209.712202034356,209.8335777851548,208.36839057474916,208.5504608154297,65400800
2017-07-07,209.12265284091893,210.05030746972056,208.5591122118483,209.90292358398438,57972300
2017-07-10,209.9029181076465,210.50113183523914,209.5994721438358,210.12832641601562,36663300
2017-07-11,210.1283694415492,210.28443155542396,208.8105792057673,209.97232055664062,50354600
2017-07-12,210.93471848969017,211.71498958223506,210.93471848969017,211.55026245117188,59610400
2017-07-13,211.55887080924606,212.01836569210465,211.3334492394899,211.90565490722656,39471600
2017-07-14,211.90564799352268,213.24945948004287,211.81028038534473,212.8939971923828,60262700
2017-07-17,212.8159799239652,213.1974503695233,212.6946041666481,212.8679962158203,33531900
2017-07-18,212.46052349975758,213.0327291839186,212.12240436438347,212.980712890625,42742500
2017-07-19,213.29279331328186,214.14242351624048,213.28411511299942,214.13375854492188,51034300
2017-07-20,214.3851901038616,214.50656585569095,213.68294373763698,214.22914123535156,47135200
2017-07-21,213.65693594313413,214.06441451686462,213.43151438296377,214.0384063720703,82340800
2017-07-24,213.96035252957574,214.1250795867933,213.5182008725422,213.9863739013672,46622300
2017-07-25,214.73196960532394,214.83601541107564,214.2811529532698,214.50656127929688,54915600
2017-07-26,214.792650838959,214.8273239527601,214.2551315867777,214.5152130126953,47575400
2017-07-27,214.97476529204297,215.0094384129773,212.9980534456617,214.31585693359375,70766600
2017-07-28,213.8390010387317,214.19446333630827,213.38818435928198,214.06442260742188,50088400
2017-07-31,214.46329154515215,214.55865918647336,213.73503677268243,213.943115234375,65838700
2017-08-01,214.5412671176901,214.57594023678143,213.89970196829188,214.41989135742188,55050400
2017-08-02,214.5499186673937,214.66262944807906,213.59624258997522,214.52391052246094,47211200
2017-08-03,214.41122088306062,214.43722903055786,213.83035020734545,214.1077880859375,40856000
2017-08-04,214.5932771568274,214.8273504690451,214.11643910218257,214.49790954589844,60191800
2017-08-07,214.5672723285956,214.89671325683594,214.4632265148137,214.89671325683594,31995000
2017-08-08,214.58460225771398,215.79837307266672,213.99506663851034,214.36785888671875,61719400
2017-08-09,213.68292322041066,214.411177661462,213.32746097098197,214.35916137695312,62632600
2017-08-10,213.52687674210125,213.6569306918411,211.2814187702836,211.33343505859375,120479500
2017-08-11,211.55889468664876,212.23513301430953,211.324808118161,211.6455841064453,74869900
2017-08-14,212.919984520352,213.96034990759955,212.88531140666132,213.7436065673828,73291900
2017-08-15,214.12511471817118,214.14245789255634,213.41420331597075,213.71763610839844,55242700
2017-08-16,214.2378227507355,214.63663638266544,213.66561706408348,214.09043884277344,56715500
2017-08-17,213.4835531173293,213.79566409729918,210.75257873535156,210.75257873535156,128490400
2017-08-18,210.58784005945023,211.7062431881432,209.98096130653698,210.42312622070312,136748000
2017-08-21,210.36246699989866,210.84797008362776,209.66022052315,210.58787536621094,65469700
2017-08-22,211.16875695760717,212.9460421774711,211.15141378224735,212.7899932861328,63140100
2017-08-23,211.82760788301152,212.4518297759899,211.68022399563662,212.02700805664062,50203800
2017-08-24,212.40849057565453,212.56453944331724,211.3247737870032,211.53285217285156,50741700
2017-08-25,212.32177583139043,212.9373327529811,211.87962416926572,212.02700805664062,64445900
2017-08-28,212.5558358166151,212.5818439564958,211.6195030940235,212.03565979003906,40565600
2017-08-29,210.72658288232782,212.53855437473308,210.61387209080198,212.27847290039062,51135700
2017-08-30,212.26111158888938,213.55290679326467,212.0790413434407,213.2841339111328,62030800
2017-08-31,213.89964185746587,214.80996641813792,213.31877136592288,214.5672149658203,103803900
2017-09-01,214.94008701250172,215.29554935301522,214.7233436188667,214.8707275390625,62007000
2017-09-05,214.36786495407853,214.59328653283174,212.36515826603326,213.32749938964844,91398800
2017-09-06,214.00370881079374,214.3851792197377,213.47485451275125,214.05572509765625,57916900
2017-09-07,214.35914768965353,214.37649085970358,213.62221509559643,214.02969360351562,58034700
2017-09-08,213.743603452773,214.2377846111686,213.53553831573353,213.77828979492188,63832800
2017-09-11,215.044085856404,216.13648085540885,215.02675591248934,216.05845642089844,71364800
2017-09-12,216.42261585324746,216.8214162860115,216.24054558335658,216.7867431640625,56896000
2017-09-13,216.5006421250822,216.92546393909893,216.3879313271056,216.89077758789062,59228000
2017-09-14,216.56996414280775,217.0207940277763,216.3965721036551,216.82138061523438,95446300
2017-09-15,216.67761276820727,217.20037034849545,216.57306391107275,217.11325073242188,95432400
2017-09-18,217.47918658122356,217.92353252183636,217.19166392743324,217.5750274658203,46235200
2017-09-19,217.81896863356528,217.87996432619778,217.4704636015975,217.79283142089844,47108100
2017-09-20,217.87995234592083,217.98450119083952,216.87797716853183,217.87123107910156,59574100
2017-09-21,217.7144819664055,217.80160160197312,217.113299314129,217.2875518798828,48211400
2017-09-22,216.99131857041976,217.49666031124144,216.965181350603,217.33111572265625,51214000
2017-09-25,217.0784463419542,217.42696477693914,216.1461877794346,216.8867645263672,57064400
2017-09-26,217.31365618348264,217.55761239750964,216.78217729693458,217.01742553710938,54082000
2017-09-27,217.7144487638807,218.24592764987884,216.83445150490712,217.86256408691406,81001400
2017-09-28,217.58373177403968,218.20234352685608,217.496612158811,218.12393188476562,44778800
2017-09-29,218.1152052409047,218.969065193562,217.9322447472032,218.89064025878906,85578000
2017-10-02,219.11721709572956,219.8403778076172,218.9429512512324,219.8403778076172,59023000
2017-10-03,219.84038408200522,220.33700452806738,219.76195913189625,220.3108673095703,66810200
2017-10-04,220.16271909384366,220.81617604791793,220.04944896752707,220.5722198486328,55953600
2017-10-05,220.90326665067212,221.89652055862229,220.60703606110772,221.8791046142578,63522800
2017-10-06,221.4347983118458,221.91400278857896,221.1734261378252,221.62648010253906,80646000
2017-10-09,221.85303373291265,221.91401614564896,220.99917359766056,221.26055908203125,35803100
2017-10-10,221.82688336786683,222.2189549238786,221.28668318694972,221.84429931640625,43057400
2017-10-11,221.7484203318604,222.19277954101562,221.58288908146568,222.19277954101562,47674300
2017-10-12,221.8791540963811,222.22765918598844,221.62647660599134,221.86172485351562,47065100
2017-10-13,222.29738052132967,222.41065066702748,221.86174247740652,222.1318359375,54800400
2017-10-16,222.35836442550584,222.61973660229094,222.01856730106783,222.4280548095703,38221700
2017-10-17,222.3757583694124,222.6284358414579,222.15793938056714,222.58486938476562,31561000
2017-10-18,222.9595271588733,223.00309361859325,222.61102207034773,222.80270385742188,40888300
2017-10-19,222.02730608387463,222.89858224636933,221.60909724837057,222.8637237548828,61903800
2017-10-20,223.656517956777,224.0398814521322,222.846224515301,224.0137176513672,89176400
2017-10-23,224.33617238355043,224.36230960211688,223.06409017535535,223.1425018310547,63915300
2017-10-24,223.56941964107733,223.76979609744606,223.1773348181456,223.53456115722656,66935900
2017-10-25,223.2034899548066,223.3167600944917,221.30411456554228,222.4280548095703,103715300
2017-10-26,223.03791150305648,223.30799159707485,222.5935523072667,222.7155303955078,69798000
2017-10-27,223.45617099962706,224.6933946976007,222.72430230377432,224.5365447998047,85562500
2017-10-30,223.4561475534119,224.44069364702125,223.40387312270985,223.70010375976562,54285700
2017-10-31,224.07475171796614,224.3012919829008,223.75238385739476,224.04861450195312,60304800
2017-11-01,224.82411226029086,225.16389614307118,223.97897330464704,224.3448944091797,54202700
2017-11-02,224.27516827162728,224.5713989340232,223.2122104410375,224.43199157714844,56449500
2017-11-03,224.58880179335614,225.2248428365465,224.17930101553856,225.18128967285156,59589700
2017-11-06,225.0506131089256,225.66051703390133,224.9809227179865,225.5298309326172,49652600
2017-11-07,225.63431218770776,225.96540127122017,224.86758517099048,225.37294006347656,57502200
2017-11-08,225.1987143113861,225.8521713274261,224.9198996031262,225.75631713867188,50469600
2017-11-09,224.55401429214294,225.12905974845975,223.36034361796567,224.9373779296875,95085500
2017-11-10,224.55401386828285,225.0419263898298,224.24034062486652,224.86766052246094,59984700
2017-11-13,224.18802922848425,225.3032614637964,224.1531707429087,225.07672119140625,50228600
2017-11-14,224.27517087871254,224.6585344672659,223.49972243256397,224.55398559570312,61315200
2017-11-15,223.58687703348667,224.1096480312214,222.72432217022876,223.4300537109375,80811500
2017-11-16,224.3710281577118,225.69538494396602,224.32747498521172,225.32943725585938,67777000
2017-11-17,224.9808637017954,225.30323153014632,224.58877891155598,224.6671905517578,75756800
2017-11-20,224.91123262125976,225.24229521520024,224.66724977956048,225.0506134033203,48075500
2017-11-21,225.8173093322673,226.7060278773804,225.01575029501927,226.52304077148438,69176800
2017-11-22,226.5317906308125,226.66247673063674,226.15714828157076,226.32269287109375,45033400
2017-11-24,226.81058131124078,226.94998866601145,226.67117395647008,226.8454132080078,27856500
2017-11-27,226.88898577377117,227.18521642230988,226.53175942397152,226.73216247558594,52274900
2017-11-28,227.19393851606367,229.05845533169352,227.09808432955788,229.03231811523438,98971700
2017-11-29,229.16300725511863,229.6944994491904,228.44858113262555,228.89291381835938,77512100
2017-11-30,229.8077556363253,231.8029584397677,229.72934399066108,230.8968505859375,127894400
2017-12-01,230.67906235051507,231.1582535565381,227.19395804711638,230.41766357421875,164390900
2017-12-04,232.02953977531664,232.45645656258978,230.08658446911275,230.13888549804688,94040600
2017-12-05,229.31112670898438,231.018820180373,229.18044063016967,229.31112670898438,77994500
2017-12-06,229.4069649857178,229.78163388140953,228.8929153256221,229.3546905517578,75898600
2017-12-07,230.07785034179688,230.3914969262056,229.09330424757107,230.07785034179688,77218600
2017-12-08,231.0275523480179,231.34119895197028,230.04300619244404,231.33250427246094,76563900
2017-12-11,232.02952575683594,232.0905214625432,231.30637832522305,232.02952575683594,83077500
2017-12-12,232.8136834861178,232.9095376852706,232.06439878927281,232.4390411376953,85195800
2017-12-13,232.6829351934743,233.11857313498672,232.32570889072653,232.412841796875,102905400
2017-12-14,232.70917551931166,232.8224456885714,231.41098238693172,231.4632568359375,100666700
2017-12-15,232.46239967150672,233.8548063287974,232.4098580410537,233.3906707763672,144610300
2017-12-18,234.78307295431878,235.22093768316861,234.67798969541755,234.8706512451172,83653600
2017-12-19,235.11587726909698,235.15965305617854,233.89860037655052,233.9686737060547,82382900
2017-12-20,234.93196546614422,234.9845071030803,233.5483244849178,233.8460693359375,76751500
2017-12-21,234.46784822267168,235.0370938759789,234.08252503819358,234.32772827148438,67032300
2017-12-22,234.3452309088358,234.38026757357494,233.73220953905195,234.26641845703125,78720900
2017-12-26,233.86356057469422,234.20510791986987,233.72346736785457,233.98617553710938,45244400
2017-12-27,234.1525935198448,234.459104236388,233.82857783169675,234.1000518798828,57751000
2017-12-28,234.59918147383397,234.62545228903213,234.21385836749923,234.58164978027344,45116100
2017-12-29,235.15970023758007,235.17720521089586,233.50458496670873,233.6972198486328,96007400
2018-01-02,234.555389977197,235.40484867534212,234.17006685277175,235.36981201171875,86655700
2018-01-03,235.5361757988972,237.007421526102,235.5361757988972,236.85853576660156,90070400
2018-01-04,237.497831752164,238.33852452067174,236.9198471222083,237.8568572998047,80636400
2018-01-05,238.64516023195065,239.56466592390717,238.15475363288647,239.44207763671875,83524000
2018-01-08,239.3456281426395,240.037461932517,239.05664916593514,239.8798370361328,57319200
2018-01-09,240.30020606817087,241.0445816016159,240.01996617143786,240.42282104492188,57254000
2018-01-10,239.6696847496715,240.31774286526394,239.0041483872401,240.0550079345703,69574300
2018-01-11,240.6066666712718,241.80641174316406,240.4402759375642,241.80641174316406,62361500
2018-01-12,242.06920275998172,243.54916128836368,241.77143115943943,243.38279724121094,90816100
2018-01-16,244.63503695893434,245.2830682257334,241.85896273265797,242.55079650878906,106555100
2018-01-17,243.47910614635362,245.24807036472453,242.5508348834796,244.8627471923828,113258800
2018-01-18,244.74890145278448,245.16923452787907,243.9607234866928,244.45115661621094,100728000
2018-01-19,245.02903892916953,245.56324768066406,244.4510811293886,245.56324768066406,140920100
2018-01-22,245.35307789742737,247.55990600585938,245.30050955483838,247.55990600585938,91322400
2018-01-23,247.60372098050044,248.3743671253375,247.2797053798622,248.08538818359375,97084700
2018-01-24,248.7246230676983,249.32013929538698,246.8155396315042,247.989013671875,134816100
2018-01-25,248.84733388077214,248.94365131161933,247.30604118603847,248.0941925048828,84587300
2018-01-26,248.92617526172035,251.01041629103517,248.67220615747897,250.96661376953125,107743100
2018-01-29,250.39735056563376,250.83521535243415,249.14506368941963,249.3026885986328,90118300
2018-01-30,247.48119989544978,249.3552474149969,246.272688724594,246.74559020996094,131796400
2018-01-31,247.59503458235346,248.0941801334713,245.79977290240802,246.8681640625,108364800
2018-02-01,246.14130200277143,247.88399519129385,245.7997546627316,246.58790588378906,90102500
2018-02-02,245.27439418131834,245.40577503334538,241.18475092210554,241.21978759765625,173174800
2018-02-05,239.4682487852187,241.56999429566028,230.58833859278695,231.13128662109375,294681800
2018-02-06,227.63714745239045,236.18427664100065,226.55125133339826,235.6851043701172,355026800
2018-02-07,235.13338368290727,238.51368691076328,234.32770073952963,234.4065399169922,167376100
2018-02-08,234.7042256997174,234.84434559918438,225.57911434482529,225.61415100097656,246449500
2018-02-09,228.39024403777478,230.85104180691516,221.48950463024647,229.00326538085938,283565300
2018-02-12,231.04372861908254,233.82856905831616,229.14341035308112,232.3660888671875,143736000
2018-02-13,231.16634649666958,233.48702462091063,230.58836174636198,232.94407653808594,81223600
2018-02-14,231.46408524613523,236.4469887394335,231.4553193982092,236.0879364013672,120735700
2018-02-15,237.8218757143435,239.10919919698648,235.36981698661455,239.10043334960938,111200300
2018-02-16,238.47861848375777,241.10580648393835,238.4348159820051,239.17042541503906,160420100
2018-02-20,238.22471806525743,239.66092741349146,236.8848528685006,237.67300415039062,86369700
2018-02-21,238.11090426869123,240.58046848011853,236.39448150957475,236.4907989501953,98883700
2018-02-22,237.4102625244751,239.11791894051447,236.13170499282666,236.7972412109375,110511300
2018-02-23,238.01450978077298,240.57162475585938,237.54160840450416,240.57162475585938,92766400
2018-02-26,241.64007640950928,243.46160905135406,241.05335250888044,243.36526489257812,86491400
2018-02-27,243.54912476314271,244.25849026375877,240.26513905257121,240.32644653320312,99099200
2018-02-28,241.42112642680044,241.86775706876602,237.5766874322221,237.89193725585938,121907800
2018-03-01,237.6817338186659,239.22302620651877,232.94403427544523,234.4327850341797,176855100
2018-03-02,232.76888944879605,236.2017608336842,231.91069164643153,235.6412811279297,139083200
2018-03-05,234.45906116670795,238.97782844938183,234.35395118094502,238.36480712890625,97307400
2018-03-06,239.33683129424858,239.41567045737216,237.480289265819,238.9690399169922,79213200
2018-03-07,236.8148065071499,239.2318019924513,236.62214492914111,238.8815155029297,87063500
2018-03-08,239.55577784083428,240.16003329299775,238.56622602184905,240.03744506835938,66901200
2018-03-09,241.43865858743482,244.21470642089844,241.1233820380445,244.21470642089844,113625300
2018-03-12,244.50376546336324,245.1255261246224,243.52292565984408,243.9082489013672,71924800
2018-03-13,245.06411968115552,245.56329186865372,241.72759270179995,242.33184814453125,91968900
2018-03-14,243.28651522807553,243.47041101938106,240.53673730870057,241.0884246826172,105895100
2018-03-15,241.59626882680436,242.23553428441284,240.32645030871032,240.82562255859375,83433000
2018-03-16,241.35053707930095,242.13307082578123,241.03402466421792,241.08677673339844,100343700
2018-03-19,240.33941484185743,241.26260286497254,236.18061459577604,237.8247833251953,109208400
2018-03-20,238.22041657515382,238.86226908752002,237.5521880325357,238.22921752929688,59757300
2018-03-21,238.1852914021509,240.2690787418608,237.56104066228033,237.7720489501953,78709600
2018-03-22,235.55640195080238,236.4004620081749,231.55585726268973,231.8284454345703,148785900
2018-03-23,232.26802203099732,232.59333538854,226.69363651223378,226.88706970214844,183534800
2018-03-26,230.47438871139857,233.37585994770197,228.08286310594158,233.09449768066406,141956100
2018-03-27,234.02652213816415,234.55404286800356,227.58169995606218,229.12916564941406,129941400
2018-03-28,229.2609970696875,230.92276751178565,227.35304139529825,228.45208740234375,146452300
2018-03-29,229.5863657478309,233.22641988022696,228.46094343856447,231.3712158203125,111601600
2018-04-02,230.84364808375824,231.35362053546535,223.91527011290827,226.37713623046875,186286300
2018-04-03,227.60806538774042,229.75340569640937,225.82321544912134,229.2786102294922,119956900
2018-04-04,225.7440582138208,232.43503767325393,225.6121780545231,231.73165893554688,123715300
2018-04-05,233.48134616595655,234.43973799149228,232.399901960335,233.5605010986328,82652600
2018-04-06,231.60861043926135,233.0944962072635,226.84313433809155,228.3554229736328,179521200
2018-04-09,229.80613304612535,232.8570860135369,228.54883078020066,229.48081970214844,105442900
2018-04-10,232.35590597309297,233.91217232519995,231.22170978854876,233.129638671875,103529000
2018-04-11,231.6525760100446,233.56053212718132,231.58224885543234,231.90756225585938,91140200
2018-04-12,233.22635607287972,234.7562194786914,233.05049798459416,233.8154296875,68890500
2018-04-13,235.11672248173076,235.23102756207518,232.12732264458262,233.129638671875,85079200
2018-04-16,234.75623511036522,235.81133004597996,233.93855129296216,235.04637145996094,63405300
2018-04-17,236.80489263199541,238.15892514346524,236.29494697120467,237.56105041503906,64682000
2018-04-18,238.0006683290504,238.53699002557937,237.27968754129108,237.73690795898438,57303900
2018-04-19,237.086277508423,237.28851170003776,235.3893563533083,236.41807556152344,77655900
2018-04-20,236.3476927030386,236.56750195013655,233.53412360731127,234.41336059570312,99953100
2018-04-23,234.9848952967911,235.53881891429748,233.30554936340266,234.3782196044922,65558000
2018-04-24,235.39810066376964,235.61790988481712,229.7270120278721,231.2217254638672,112885500
2018-04-25,231.16022215972177,232.2328924624285,229.34899593530997,231.79327392578125,103840900
2018-04-26,232.81316662268776,234.97608207281635,232.3735481342447,234.14959716796875,67731900
2018-04-27,234.7562511462982,235.0551884709674,233.4373958027797,234.369384765625,57053600
2018-04-30,234.984887819717,235.53881141959786,232.49663209837655,232.56698608398438,82182300
2018-05-01,232.0042576088842,233.0857287538209,230.45679193785602,232.980224609375,74203400
2018-05-02,232.7868145879659,233.59569766407782,231.0283404528876,231.4152069091797,86368900
2018-05-03,230.58866949186387,231.5558085805169,227.7662998275908,230.90518188476562,136311500
2018-05-04,229.93804120526443,234.57163717893877,229.61272782167768,233.8946075439453,91222100
2018-05-07,234.65953705358106,235.65305216045982,233.9737065479549,234.6859130859375,55304900
2018-05-08,234.316621800768,235.04637658408237,233.1296466803695,234.6859130859375,67499200
2018-05-09,235.35411294187196,237.27964378482142,234.83536642161414,236.95433044433594,59666100
2018-05-10,237.69290186588918,239.49535362187376,237.58739773035467,239.17001342773438,72063900
2018-05-11,239.29308947918926,240.16352532042305,238.78311711178824,239.89976501464844,59871500
2018-05-14,240.33067264195049,240.9812995284599,239.46901059945307,240.01416015625,54790600
2018-05-15,238.79196254326607,238.80953762286538,237.42035503340827,238.36114501953125,87036100
2018-05-16,238.39629475901697,239.82065417703188,238.36989189436235,239.36343383789062,53942600
2018-05-17,239.09967134595718,240.2338943964654,238.3874916434049,239.16122436523438,56536400
2018-05-18,238.81835600077213,239.17884640022527,238.2116803080564,238.56336975097656,64368000
2018-05-21,240.0404974530814,240.8933584003689,239.6536310337644,240.3570098876953,58025900
2018-05-22,240.87569569773413,241.13068187161053,239.36340739447743,239.688720703125,52966400
2018-05-23,238.4227012850976,240.37460843443773,238.26441823782346,240.34820556640625,64694200
2018-05-24,239.95254971554198,240.22511101264362,238.07977079326324,239.85581970214844,76043800
2018-05-25,239.28436279296875,239.90861359850592,238.78319122426797,239.28436279296875,56374800
2018-05-29,237.66657197437712,238.42272981281562,235.4245281624385,236.5323486328125,115908600
2018-05-30,237.8335440155721,240.12833908393011,237.76321688080097,239.688720703125,69678400
2018-05-31,239.2842975163006,239.58323481813724,237.62255386312358,238.22042846679688,93519900
2018-06-01,239.5130012729171,240.85823307294982,239.44264727312284,240.55929565429688,71258400
2018-06-04,241.37689612487935,241.95719567720292,241.13951183027507,241.70220947265625,45385200
2018-06-05,241.83411958605708,242.2561629942454,241.06918770986454,241.8780975341797,51135000
2018-06-06,242.48472543993108,244.00578793670007,241.86924894489002,243.90028381347656,62732200
2018-06-07,244.3838890162866,244.67402536567218,242.96830375923162,243.87391662597656,72969400
2018-06-08,243.41675065452628,244.64767699624716,243.24969349041612,244.5949249267578,72139700
2018-06-11,244.81470766443206,245.6323914852019,244.7004025821823,244.9202117919922,58892500
2018-06-12,245.33345854568515,245.59721886927935,244.59490280744205,245.23675537109375,72329000
2018-06-13,245.47414161244484,245.72912781539785,244.25198949499742,244.4542236328125,79070600
2018-06-14,245.31587212434545,245.59720751244333,244.4805864179566,245.06968688964844,77097600
2018-06-15,244.28897784465636,245.09267943376045,243.18499658808494,244.75706481933594,120041600
2018-06-18,243.30860201152097,244.3772751575752,242.8317015664697,244.2536163330078,52917600
2018-06-19,241.99274235498666,243.5383164393707,241.57764423707374,243.31752014160156,97531500
2018-06-20,243.9975497422878,244.3949938376879,243.3969903137169,243.73260498046875,53785500
2018-06-21,243.7236994800423,243.74138042789414,241.71003896943648,242.20462036132812,71061400
2018-06-22,243.458751680338,243.57357002925116,242.42541349278358,242.64620971679688,54898500
2018-06-25,241.49819022737705,241.6571571124972,237.66516926542536,239.3432159423828,137854200
2018-06-26,239.90839708211846,240.7209122250151,239.15768440796265,239.87306213378906,68547400
2018-06-27,240.45601273472968,241.87792797865885,237.73578720760872,237.8859405517578,105110700
2018-06-28,237.83288561084004,240.0055130673899,237.12632147068877,239.24598693847656,76650500
2018-06-29,240.33228043700777,241.69239278499663,239.47558997110553,239.5904083251953,97592500
2018-07-02,238.02713743764045,240.26159384124662,237.78866029858509,240.10260009765625,63554800
2018-07-03,240.99471275277978,241.0918771286959,238.83092543990298,239.2548370361328,42187100
2018-07-05,240.3764046200083,241.2684028873001,239.30773166946832,241.20657348632812,56925900
2018-07-06,241.23318056910415,243.61776406289744,240.853390508735,243.24684143066406,66493700
2018-07-09,244.2447981447375,245.49009221465826,244.2006496763149,245.43710327148438,50550400
2018-07-10,245.88756043727318,246.41747687382474,245.5960942684685,246.3203125,51966800
2018-07-11,244.77473167559435,245.56077930884817,244.21832078062482,244.5186004638672,77054700
2018-07-12,245.77269849267884,246.78835576028303,245.17213921563732,246.73536682128906,60124700
2018-07-13,246.55879537036097,247.2299977162154,246.10836234606992,246.92971801757812,48216000
2018-07-16,246.97392559259566,247.11521150814656,246.26736125147258,246.70895385742188,48201000
2018-07-17,245.9405542501472,248.09552803612263,245.8875653007109,247.70692443847656,52315500
2018-07-18,247.7863738221766,248.33394419290724,247.34478133575945,248.22796630859375,44593500
2018-07-19,247.5655942858729,247.94535738117995,246.8148816177688,247.29180908203125,61412100
2018-07-20,247.08865394668402,247.7157346929596,246.8502037033117,247.00917053222656,82337700
2018-07-23,246.80608651802618,247.67159066471092,246.4616313923837,247.46847534179688,47047600
2018-07-24,248.87266257780593,249.55270519882606,247.84816493333693,248.7136688232422,68026900
2018-07-25,248.46641780028833,251.15130767798,248.4222693324907,250.8333740234375,78882900
2018-07-26,250.11802154849315,250.9216962404491,250.0208571758155,250.2416534423828,57919500
2018-07-27,250.5683723876494,250.66553673891525,247.62737862424348,248.5458984375,76768700
2018-07-30,248.6253858949208,248.7843527057693,246.72651682779656,247.24761962890625,63742500
2018-07-31,248.00719938564396,249.0758457823659,247.62743627106826,248.46644592285156,68570500
2018-08-01,248.66958615526875,249.173008113814,247.40663797379779,248.0513458251953,53853300
2018-08-02,246.75303328578758,249.57036821914787,246.54989106312462,249.402587890625,63426400
2018-08-03,249.52625329547863,250.5242566432012,249.34960551701437,250.4712677001953,53935400
2018-08-06,250.50653996544557,251.69881783741715,250.11793651219287,251.3897247314453,39400900
2018-08-07,252.0522055913909,252.59977603437054,251.91970626585007,252.21998596191406,43196600
2018-08-08,252.0521959432252,252.511442469155,251.65475188715615,252.11399841308594,42114600
2018-08-09,252.1757581990465,252.5643616723958,251.63702840120314,251.76950073242188,35717000
2018-08-10,250.3388185946928,250.87754854951353,249.37612315111235,250.0826873779297,77076000
2018-08-13,250.35642813346976,250.9658278790864,248.85500300169974,249.14646911621094,65732900
2018-08-14,249.87071724522013,250.97469851813318,249.48211368094132,250.73622131347656,43842000
2018-08-15,249.39376216803853,249.53507498964103,247.43309056638404,248.8638458251953,102925400
2018-08-16,250.29464283867094,251.7430792872292,250.25930788920945,250.87754821777344,69967900
2018-08-17,250.67444519856767,252.20236530814643,250.26818755049345,251.76077270507812,65618500
2018-08-20,252.21116035768992,252.56442898598036,251.7607273588351,252.2994842529297,39807500
2018-08-21,252.81169090555056,253.74786479251597,252.33476348775093,252.89117431640625,67272000
2018-08-22,252.48498813119105,253.26219541605653,252.2200164008015,252.74111938476562,44993300
2018-08-23,252.56437757407272,253.42106797344053,252.087450198996,252.40541076660156,49204900
2018-08-24,252.97951560301087,254.06584286476027,252.92652665879552,253.92453002929688,57487400
2018-08-27,255.11679452574154,256.0353144305907,254.95782770163285,255.92933654785156,57072400
2018-08-28,256.38856613797486,256.49457096639844,255.59370511711555,256.052978515625,46943500
2018-08-29,256.2649146482262,257.6603348266685,256.0264644460227,257.43072509765625,61485500
2018-08-30,256.9537398732284,257.3246623264556,255.79677015754535,256.38848876953125,61229500
2018-08-31,255.98239333588646,256.8390840519768,255.4966522603672,256.3974914550781,66140800
2018-09-04,255.9823355361778,256.3091096716709,254.95783770837934,255.95584106445312,57594400
2018-09-05,255.602521281376,255.80566349237063,254.26009006165867,255.26690673828125,72452400
2018-09-06,255.37297135050923,255.67325105615745,253.47412873830004,254.49862670898438,65909900
2018-09-07,253.4564883480325,254.97556790989967,253.21801110377848,254.00405883789062,73524800
2018-09-10,255.0108267983319,255.27579846839774,254.25130064001073,254.4456024169922,50210900
2018-09-11,253.80086264021804,255.7261994222889,253.45643451442245,255.28460693359375,50530500
2018-09-12,255.2935228827247,255.94707133435404,254.56049099395184,255.3465118408203,59810800
2018-09-13,256.40634434545655,257.04223879388354,256.1237186011169,256.85675048828125,51034200
2018-09-14,257.0598457510956,257.2453070700821,256.12367172789,256.90087890625,55079900
2018-09-17,256.84792579819566,256.8832338001974,255.2670167467367,255.54080200195312,68244000
2018-09-18,255.7526865667134,257.5190564708911,255.72619209625736,256.9273376464844,61930400
2018-09-19,256.9802841207306,257.616178259258,256.8566253105935,257.2010803222656,49080600
2018-09-20,258.4552922550464,259.603422066902,257.21881159283953,259.28546142578125,100360600
2018-09-21,260.02442954150337,260.1397676489561,258.8888365272103,259.04852294921875,105479700
2018-09-24,258.4718322384059,258.613784734562,257.6112638442955,258.18792724609375,53409600
2018-09-25,258.6404268642502,258.74688447911296,257.70889565952746,257.94842529296875,44370000
2018-09-26,258.0904332322394,259.27037481660574,256.75965861130874,257.1766357421875,79739700
2018-09-27,257.64679250455623,258.9775668714285,257.3717679680432,257.89520263671875,59249500
2018-09-28,257.2741911414216,258.4186647996057,257.2387233149633,257.9218444824219,70091400
2018-10-01,259.154977845118,259.88247430397746,258.15248393435553,258.81787109375,62078900
2018-10-02,258.6670837402344,259.3768193389714,258.29448202703463,258.6670837402344,47258200
2018-10-03,259.7139072679814,260.1308843039914,258.45412274194115,258.8089904785156,64694600
2018-10-04,258.3299446701572,258.38317348526033,255.20707019384005,256.7862548828125,111545900
2018-10-05,257.0079807072881,257.5225348048375,253.92945538964233,255.3489532470703,105951700
2018-10-08,254.66580518133145,255.70382094275988,253.2906827075332,255.3489532470703,87742200
2018-10-09,254.96744968434115,256.2715822643995,254.41737366646527,254.97630310058594,74339000
2018-10-10,254.47068495382157,254.541674754797,246.53041344296443,246.90301513671875,214731000
2018-10-11,245.8205975416623,247.43527673052884,239.8587280613377,241.4645538330078,274840500
2018-10-12,245.5456151938126,245.82952023558337,241.64201563082707,244.81814575195312,183186500
2018-10-15,244.46323280673184,245.78515371440125,243.35425420195685,243.44297790527344,102263700
2018-10-16,245.3948135846346,249.13872678069512,244.92460769607447,248.76609802246094,118255800
2018-10-17,248.8016511205857,249.43154359229842,246.24655925123366,248.81053161621094,110626000
2018-10-18,247.8789719922288,248.4733966282913,243.9487570516637,245.21742248535156,134557500
2018-10-19,245.86499957010082,247.79017128688514,244.39227271815466,245.0842742919922,139901600
2018-10-22,245.74966193302623,246.06903477940648,243.45186148376848,243.9841766357422,82415800
2018-10-23,240.38228885326677,243.86003169052873,238.30625642605327,242.74217224121094,146352700
2018-10-24,242.49372297586885,242.875232251274,234.8373562549833,235.3874053955078,177806700
2018-10-25,237.215004131383,241.14521847687237,236.19474905649375,239.61038208007812,138061500
2018-10-26,235.9196561224795,240.42653271964625,232.69917830797766,235.3961944580078,201574600
2018-10-29,238.47478839901248,239.76121462650954,230.53451649985132,234.09210205078125,160749100
2018-10-30,233.92357565427733,237.8715241329853,233.43560871330504,237.56100463867188,157116000
2018-10-31,240.11606154894994,242.40500873650913,239.64585566540876,240.09832763671875,128296300
2018-11-01,240.95888921985446,242.84859319283507,239.8765249621915,242.65341186523438,99495000
2018-11-02,243.75357845494347,244.17943612779212,239.17571000187786,241.21624755859375,122634100
2018-11-05,241.70422313113357,243.09710742569342,240.73719657224086,242.54705810546875,65622500
2018-11-06,242.4848836688839,244.24148882315635,242.42277435593846,244.08180236816406,60085900
2018-11-07,246.2464142270948,249.38704838975457,245.82055680811294,249.3072052001953,102752100
2018-11-08,248.5088135200468,249.49360071455664,247.71923474036157,248.85482788085938,65584900
2018-11-09,247.55066281934268,247.73696366197035,245.02218594212164,246.4239501953125,98812600
2018-11-12,245.9182543346288,246.15778399423746,241.3048919723185,241.81947326660156,99673600
2018-11-13,242.280801799956,244.26808305260565,240.64838833175432,241.36700439453125,98176600
2018-11-14,243.23015694595975,243.62937315359952,238.16434829689643,239.7169189453125,125335900
2018-11-15,238.45710185733932,242.680102596526,236.8867973241285,242.21875,135101400
2018-11-16,241.12748033076366,243.75353448626663,240.6128990178907,242.84861755371094,126668000
2018-11-19,242.24530815536264,242.53809370819096,237.8271541279223,238.74095153808594,103061700
2018-11-20,235.4228520885428,236.8778451067653,233.46218537100248,234.32275390625,136021300
2018-11-21,235.8664768641583,237.01095059988435,235.11239291801454,235.12124633789062,75563700
2018-11-23,233.4888245275515,234.94381770001263,233.3912473895993,233.55093383789062,42807900
2018-11-26,235.7954858771656,237.5432373902508,235.40512320903764,237.32144165039062,79981400
2018-11-27,236.29226338849242,238.11985778808594,235.68898558321638,238.11985778808594,75502400
2018-11-28,239.1845227391462,243.60267639160156,238.0577830930989,243.60267639160156,127629600
2018-11-29,242.83078634391387,244.4631993779599,241.6951934908962,243.07034301757812,82346400
2018-11-30,242.91963386332358,245.11097748673077,242.6002609018633,244.5520477294922,98204200
2018-12-03,248.6596866412099,248.7661442848815,246.20219911752253,247.7902374267578,103176300
2018-12-04,246.9651371222489,247.390994725935,239.45069573277385,239.76121520996094,177986000
2018-12-06,235.91973372608498,239.51281432725884,232.83232689770992,239.39747619628906,204185400
2018-12-07,239.0602860614735,240.6217365601886,233.00083903579494,233.8347930908203,161018900
2018-12-10,233.657372960395,235.2454380472968,229.4432538802468,234.27841186523438,151445900
2018-12-11,237.46337375728586,237.6496745818424,232.8677729204053,234.3316192626953,121504400
2018-12-12,237.29485858637878,238.65224761061933,235.43176871054226,235.51161193847656,97976700
2018-12-13,236.45201779242177,237.3125864377424,234.3227838778724,235.4317626953125,96662700
2018-12-14,233.293641283114,234.2429336202688,230.53451506399446,231.08456420898438,116961100
2018-12-17,230.1352693427575,231.2442481147202,224.92750936156915,226.55105590820312,165492300
2018-12-18,228.18354154303177,228.8489289770709,224.70577130825953,226.30270385742188,134515100
2018-12-19,226.38247815956686,230.13525835424576,221.21908028326692,222.91358947753906,214992800
2018-12-20,221.67154333984448,223.23298053526167,217.0493139863957,219.28501892089844,252053400
2018-12-21,220.18184659021884,222.83216813756005,214.14945865139123,214.79196166992188,255345600
2018-12-24,213.3106229790265,214.9168804385262,209.05405773183995,209.11651611328125,147311600
2018-12-26,210.5710868788151,219.68211364746094,208.59895689050683,219.68211364746094,218485400
2018-12-27,216.46069713767926,221.5650056323348,213.23926322091438,221.3686981201172,186267300
2018-12-28,222.7161726307013,224.34026776675762,219.92306940648027,221.08314514160156,153100200
2018-12-31,222.69827977769467,223.26047325832633,220.83324293788365,223.01953125,144299400
2019-01-02,219.5036463731044,224.1707189074987,219.47687654809107,223.25157165527344,126925200
2019-01-03,221.5114719055297,221.81488595919683,217.4422949789893,217.92417907714844,144140700
2019-01-04,220.94033001258038,225.8661815561297,220.56553888440885,225.2236785888672,142628800
2019-01-07,225.4914753217633,228.4005772402602,224.59911126642618,226.99957275390625,103139100
2019-01-08,229.17686719364798,229.61411672120437,226.6603948566166,229.13223266601562,102512600
2019-01-09,229.83722205027829,231.04191864728134,228.61468798077402,230.20309448242188,95006600
2019-01-10,228.6771933158935,231.26504331046658,227.99898800303666,231.0151824951172,96823900
2019-01-11,229.94432646748032,231.1311857216218,229.36429537083583,231.1044158935547,73858100
2019-01-14,229.2125586590983,230.4975647437102,228.81101127814628,229.69444274902344,70908200
2019-01-15,230.06925535334858,232.6392676098816,230.06032300031862,232.32693481445312,85208300
2019-01-16,232.7552380236273,233.77254582759014,232.55001177856187,232.8891143798828,77636700
2019-01-17,232.02354866778882,235.5126948195252,231.9789141326726,234.656005859375,96118400
2019-01-18,236.45853975233865,238.24326712760123,234.69164984702843,237.7792205810547,127900300
2019-01-22,236.31577927521437,236.5299378647704,232.96048279733822,234.5667266845703,115531200
2019-01-23,235.5929951823012,236.2890379149848,232.60357075666337,235.0575714111328,86030300
2019-01-24,234.87909465890846,235.76255343882323,233.8707190939541,235.1824951171875,59204100
2019-01-25,237.0206800061466,237.99338028383457,235.28058734576726,237.17239379882812,96883400
2019-01-28,235.03970281433,235.43231781289492,233.61191535787162,235.369873046875,85613700
2019-01-29,235.51268570154357,236.0748520668469,234.22767954385318,235.0575714111328,66136300
2019-01-30,236.56568714630822,239.61755658630298,235.8071723468849,238.7787322998047,92473700
2019-01-31,238.7162879576313,241.35767761314972,238.50210209225284,240.87579345703125,104012100
2019-02-01,241.0720697261744,242.00906803486546,240.20647577024255,240.99176025390625,85782500
2019-02-04,241.03636219764772,242.74971259966776,240.36708937749282,242.68724060058594,60744800
2019-02-05,243.11555028425835,244.00791391700548,242.61582882854208,243.7045135498047,79552800
2019-02-06,243.42793531214494,243.91872452251008,242.65158314207002,243.38330078125,58347800
2019-02-07,241.77705153770148,242.32138038708896,239.41229290069123,241.06317138671875,95482000
2019-02-08,239.82275352737142,241.4557671782695,239.00176690961732,241.3576202392578,75788900
2019-02-11,242.00911772110445,242.26788366283455,240.96503990169904,241.4915313720703,68021400
2019-02-12,243.09775917507974,244.97170137499526,243.02635482048785,244.596923828125,72270200
2019-02-13,245.42680019751208,246.2299221230905,245.00738814719733,245.39109802246094,65277200
2019-02-14,244.31133231572446,245.9711429561813,243.49927808205726,244.8467559814453,83234400
2019-02-15,246.6136118119153,247.55061000904283,246.40838559592572,247.51490783691406,97088700
2019-02-19,246.72071868588148,248.59466061729628,246.71178633464183,247.94325256347656,59120800
2019-02-20,247.90756947125925,248.89810738786227,247.4078479533843,248.4429931640625,76610800
2019-02-21,247.80941580586745,248.16635584712247,246.60471933794955,247.55955505371094,64214700
2019-02-22,248.175306220895,249.2907610737079,247.54173548967697,249.09446716308594,78114600
2019-02-25,250.51331257734034,251.03087162618647,249.35322323654609,249.43353271484375,69030700
2019-02-26,249.08554511228368,250.12959564734055,248.88029160707416,249.25509643554688,56844100
2019-02-27,248.5411516654407,249.4959874515312,247.61311293637814,249.14797973632812,56921600
2019-02-28,248.9339124031669,249.371189384379,248.36281346980454,248.68405151367188,69268300
2019-03-01,250.2545318099578,250.64717410068224,248.80890666355637,250.2366943359375,78880500
2019-03-04,251.2897039724187,251.53063244490056,247.04204268341277,249.3264923095703,106494600
2019-03-05,249.45139709268793,249.64771822808515,248.44302158963777,248.9873504638672,59114600
2019-03-06,249.10343354177624,249.1123658972864,247.15808633594966,247.4793243408203,75039800
2019-03-07,247.03306276860576,247.1758442468498,244.57015715904734,245.4089813232422,94885100
2019-03-08,243.56176873348625,245.0877031498142,243.09774937846666,244.91815185546875,85795800
2019-03-11,245.63201680925292,248.63034547696088,245.6052469901761,248.4697265625,65098900
2019-03-12,249.02304363607198,249.9243398022675,248.83565486040146,249.40675354003906,79667500
2019-03-13,250.29016700067777,251.98565249349073,250.12952084635302,251.05758666992188,80639200
2019-03-14,251.08445302283354,251.50386518997368,250.4598145657403,250.89706420898438,67518400
2019-03-15,251.4464293465867,252.9432256217653,251.2581878355714,252.13656616210938,81309000
2019-03-18,252.35162707510253,253.34652788420078,252.12755351976938,253.0507354736328,62199800
2019-03-19,254.10844168655152,254.87027006711818,252.22621791978662,253.11354064941406,90268100
2019-03-20,252.89840780961697,254.09943891227132,251.2492295483872,252.35165405273438,84609200
2019-03-21,251.53600346932157,255.60515921771741,251.49117235017056,255.20184326171875,79550400
2019-03-22,253.84852766172398,254.36836643299236,250.22749024752656,250.2902374267578,122659300
2019-03-25,249.94957716834708,251.1326921621597,248.84715272874325,250.10195922851562,85575200
2019-03-26,251.84984693779478,252.9164398526306,250.56815204105743,251.96636962890625,68125900
2019-03-27,251.95732494118323,252.53993822796784,249.1071150956654,250.64874267578125,72224700
2019-03-28,251.27617827358043,252.0469784441076,250.12892236327448,251.5988311767578,56238500
2019-03-29,253.10470052023726,253.50801676670727,251.9843320254653,253.18536376953125,82186800
2019-04-01,255.17501552412202,256.4835976324492,254.90611080417543,256.18780517578125,77617900
2019-04-02,256.37607115052464,256.5463692835884,255.5245804852058,256.3133239746094,40070400
2019-04-03,257.52333435925203,257.9177061153034,256.1161454730113,256.7166748046875,68243200
2019-04-04,257.0392843728794,257.64875794671855,256.34914759244964,257.3977966308594,48997500
2019-04-05,258.06102998152795,258.69739118474644,257.77420928189554,258.64361572265625,58621700
2019-04-08,258.2224359901956,258.9484323049997,257.56813119604186,258.84088134765625,53566300
2019-04-09,257.8819189334087,258.2045719045438,256.96770816244833,257.5144348144531,66142300
2019-04-10,257.9265791751795,258.48230457074334,257.51429149061323,258.3926696777344,52601500
2019-04-11,258.87677375036355,258.88574544981117,257.7564054290951,258.3210754394531,55093100
2019-04-12,259.9254067353859,260.34666624730795,258.36586304784964,260.0688171386719,69727800
2019-04-15,260.1405492777227,260.2391559121992,259.10084420613134,259.8985595703125,49596700
2019-04-16,260.77689745716583,260.8306729393059,259.47725948239383,260.0688171386719,52153200
2019-04-17,261.1801610882623,261.20704882392914,259.02008848058534,259.4324035644531,58268300
2019-04-18,260.0150782631088,260.2122641762959,258.7244118045645,259.943359375,68708500
2019-04-22,259.18148687000274,260.3197710128511,259.091851951437,260.1673889160156,40160100
2019-04-23,260.5348249155469,262.73972862437995,260.3018069935081,262.5066833496094,52246600
2019-04-24,262.42599484541284,262.75761933355165,261.78066190672433,261.924072265625,50392900
2019-04-25,261.82556456716753,262.41712226378763,260.5797293423119,261.7628173828125,57770900
2019-04-26,261.8076069798987,263.0534420070687,261.03677955107406,262.98175048828125,50916400
2019-04-29,263.07132913895236,263.91384790637727,262.98169424508666,263.39398193359375,57197700
2019-04-30,263.053468419192,263.81532422738735,261.6463068189115,263.52850341796875,81111700
2019-05-01,264.1558268173081,264.36198432958724,261.53863572703256,261.547607421875,71671900
2019-05-02,261.4311183473855,262.3453560513314,259.4951193512274,260.98297119140625,65030200
2019-05-03,262.4529364877734,263.8152941480737,261.09055147473833,263.5374450683594,56543700
2019-05-06,259.2531642106628,262.89211741292036,258.9394556892126,262.45294189453125,107198100
2019-05-07,260.0598739928055,260.6514317140308,256.1699586920878,258.0700988769531,144729900
2019-05-08,257.7115478515625,259.41450187392644,257.11999021906496,257.7115478515625,91568300
2019-05-09,255.65006823450122,257.5322646414615,253.92019920925287,256.9317626953125,103471100
2019-05-10,255.99962249136024,258.9753267004435,253.02391828227698,258.2224426269531,112429300
2019-05-13,253.13149035474845,254.09050462722408,250.89969857658744,251.73324584960938,127290500
2019-05-14,252.74604827795415,255.53353807627536,252.62058128578565,254.00982666015625,77003200
2019-05-15,252.38756813357963,256.13407262584394,252.18141054901224,255.49771118164062,73956400
2019-05-16,256.1967395916539,259.2172467723307,256.12504808840697,257.8638610839844,76749600
2019-05-17,255.56938770151973,258.67055853759854,255.55144430851703,256.19677734375,100353000
2019-05-20,254.6013868725707,256.30434077404203,253.75886794240608,254.5028076171875,62877600
2019-05-21,256.1878317468838,257.1737611168127,255.93687039387783,256.7973327636719,46847100
2019-05-22,255.84724901110678,256.95864532113876,255.5335404986103,256.0085754394531,49482500
2019-05-23,253.79478009537402,253.83958388390303,251.47338038312103,252.8805694580078,98733800
2019-05-24,254.31452112285137,254.72683617081282,252.83564108449852,253.45408630371094,55268100
2019-05-28,253.73189333971524,254.68196289694694,251.0788704640149,251.09678649902344,70029400
2019-05-29,249.9855221480754,250.38883829349157,248.0136631502421,249.41188049316406,104972900
2019-05-30,250.16473961902375,250.998314274955,248.9995677340899,250.09304809570312,62523800
2019-05-31,247.55658197670175,248.3811576995462,246.69611945798482,246.72300720214844,86862800
2019-06-03,246.7587384151534,247.87013440002445,244.768964322826,246.09548950195312,96428000
2019-06-04,248.38114748509258,251.5719539740784,247.93300019896827,251.43751525878906,77231900
2019-06-05,253.0507781669029,253.64233573511405,251.2492450779357,253.61544799804688,71169700
2019-06-06,253.91132312931617,255.93693047093686,253.2659898768571,255.26470947265625,69430400
2019-06-07,256.2775552616853,258.89474800732216,256.107257068335,257.8191833496094,74272200
2019-06-10,259.36070955978926,260.6603473979614,258.9125623539002,259.002197265625,60799100
2019-06-11,260.8127359235809,261.18021996235245,258.2941504883736,258.9394836425781,58641300
2019-06-12,258.7065871649465,259.26228565679236,257.9716187422305,258.4825134277344,47096300
2019-06-13,259.3876847466163,259.90755099824395,258.6885759638449,259.54901123046875,48945200
2019-06-14,259.26220703125,259.8627091473257,258.50035108522394,259.26220703125,52324700
2019-06-17,259.4951870023116,260.1226041253445,259.1904501391278,259.3607482910156,39205700
2019-06-18,261.1712991311088,263.1252148132128,260.8127594054737,262.0765380859375,85434800
2019-06-19,262.21091089679237,263.19684018898215,261.24292499801845,262.66802978515625,78674400
2019-06-20,265.3389049907181,265.5808945434118,262.7306859563442,265.17755126953125,116570000
2019-06-21,264.9092951972342,266.1611896327849,264.57605770329127,264.7922058105469,83309500
2019-06-24,264.99933890935563,265.3145457048724,264.3148333255094,264.46795654296875,47582700
2019-06-25,264.52200860882357,264.5490271209979,261.76601042395885,261.87408447265625,82028700
2019-06-26,262.7657201720802,263.27008405135524,261.5048104738926,261.6128845214844,51584900
2019-06-27,262.3694009589699,263.0448911665439,261.99114183475797,262.54052734375,40355200
2019-06-28,263.51328434422294,264.386919654963,262.99993255253844,263.8915710449219,59350900
2019-07-01,267.2058881698985,267.4220637118567,265.0893468337903,266.2872314453125,78705600
2019-07-02,266.24223128349144,267.0348109497761,265.40462992580103,266.98077392578125,61504500
2019-07-03,267.6562409177344,269.1333260737654,267.5121330376996,269.11529541015625,40898900
2019-07-05,267.8904251985188,268.971220578247,266.60249706914334,268.80908203125,51677300
2019-07-08,267.5031881847624,268.6290054105684,266.79166400203684,267.3320617675781,45841800
2019-07-09,266.1792403995563,267.962517390623,266.12520336866174,267.6653137207031,41101300
2019-07-10,268.7280352609248,269.8898862091427,268.1966528857291,268.9441833496094,58448500
2019-07-11,269.5835697723843,269.8177209551995,268.5748424089241,269.5745544433594,50826100
2019-07-12,270.060982268774,270.85356181926977,269.75476334894904,270.781494140625,40326000
2019-07-15,271.2139264803352,271.2139264803352,270.36730957434435,270.8716735839844,33900000
2019-07-16,270.78148900906183,270.988649224032,269.6917058906657,269.9979248046875,36650100
2019-07-17,269.97090595616555,270.13301700119024,268.16058349609375,268.16058349609375,36036300
2019-07-18,267.66533690419124,269.5206817543314,267.22402528507104,269.14239501953125,51392600
2019-07-19,270.23214960844706,270.2591681205926,267.4761514265193,267.64727783203125,58678600
2019-07-22,268.0435207619146,268.8451157071079,267.53016906834114,268.3047180175781,43638100
2019-07-23,269.42157698333074,270.22314453125,268.5929634364693,270.22314453125,44564500
2019-07-24,269.4666621226533,271.4931335449219,269.3765912289525,271.4931335449219,47213200
2019-07-25,271.0426920080247,271.09672902425126,269.394480555815,270.1960754394531,55394100
2019-07-26,270.8805916659106,272.2045535873242,270.75448696588677,272.00640869140625,45084100
2019-07-29,271.8893034379059,272.0063927994392,270.9616313625273,271.5110168457031,38126500
2019-07-30,270.11507713282856,271.2499096855078,269.7367904533448,270.8446044921875,45849000
2019-07-31,271.0876717228636,271.2768287361373,265.87290806398926,267.88134765625,104245200
2019-08-01,268.03454960744455,270.9796773444244,264.75615690970017,265.5487365722656,142646600
2019-08-02,264.65691597871097,264.90008241812683,261.9999783690605,263.5491027832031,116749700
2019-08-05,259.4693010032003,259.577375041092,253.7321417770538,255.62351989746094,178745400
2019-08-06,257.5059692772363,259.4243665522127,256.037898968751,259.20819091796875,120711700
2019-08-07,256.1458963970514,260.1267976833788,254.0203669444034,259.3612365722656,140572300
2019-08-08,260.84739635518525,264.45001220703125,260.29801063095204,264.45001220703125,87713900
2019-08-09,263.51327105647977,264.10770585001865,260.874362075684,262.6486511230469,93730000
2019-08-12,261.1536071415826,262.6396806362952,258.5056823753921,259.4513854980469,65527600
2019-08-13,259.1541843961102,264.9273800846099,258.81193146355264,263.486328125,94299800
2019-08-14,259.4512943212401,260.0547168532412,255.56947942671005,255.695556640625,135622100
2019-08-15,256.5781929304247,257.2626984377654,254.33557434084287,256.37103271484375,99556600
2019-08-16,258.01932440574643,260.5861658852784,256.4251495030518,260.15386962890625,83018300
2019-08-19,263.1620087111855,263.9635762174009,262.4865184312846,263.2880859375,53571800
2019-08-20,262.78378289866305,263.3151654102482,261.1446136624657,261.27069091796875,51596400
2019-08-21,263.42316718942703,263.7653924594661,262.7386616778172,263.3961486816406,49524700
2019-08-22,264.09868577575924,264.7291268538394,261.54982049544003,263.3150939941406,51666400
2019-08-23,262.0182453140288,263.67544519573477,255.30836274852658,256.55126953125,149161500
2019-08-26,258.73078802640924,259.3882751464844,257.2086810185283,259.3882751464844,72423800
2019-08-27,260.7753021102791,261.1445734568892,257.6139985597237,258.37054443359375,66668900
2019-08-28,257.71311273483263,260.35202198942807,256.91151759369086,260.1899108886719,59696700
2019-08-29,262.7386652204971,264.0356085832633,261.7389254473887,263.5132141113281,57899400
2019-08-30,264.99029561256964,265.00829878917193,262.46847659995325,263.3961486816406,62901200
2019-09-03,261.7030443458479,262.6126862127907,260.532177632148,261.85614013671875,69101400
2019-09-04,264.01763373547163,264.8462197315112,263.2700757868123,264.8282165527344,46887300
2019-09-05,267.3049938922983,269.14230747577426,264.79216261230954,268.232666015625,83258100
2019-09-06,268.5478903361211,269.07927265061045,267.87240015038213,268.4397888183594,49584300
2019-09-09,269.4216290978449,269.51167250198444,267.63832442630144,268.57501220703125,51260300
2019-09-10,267.81841132882255,268.57498473811705,266.5665167900906,268.5119323730469,57947100
2019-09-11,268.8181932238733,270.5024117606907,268.1697212619448,270.4213562011719,68821100
2019-09-12,271.3219373460333,272.41172066807127,270.56539150782567,271.35797119140625,72908700
2019-09-13,271.79924860741954,272.150516712728,270.8085241273065,271.17779541015625,62104800
2019-09-16,270.0519637037638,271.2228298387087,269.70072310331636,270.3401794433594,58191200
2019-09-17,270.1420991494671,271.11479314596744,269.97097273102594,271.0247497558594,41475500
2019-09-18,270.6374764872449,271.29496371666545,268.6110052506445,271.1868896484375,73375800
2019-09-19,271.5740673040189,272.56479171883785,270.83552478699335,271.16876220703125,76560500
2019-09-20,271.76954107242454,272.05005842523434,269.1003600595931,269.8875427246094,89565000
2019-09-23,269.22713033550053,270.53912039251946,268.97378376873814,269.8243103027344,43476800
2019-09-24,270.9099536305294,271.2990164354877,266.74780999818125,267.7069091796875,94869400
2019-09-25,267.7883822298212,269.73372418132254,266.31353298263394,269.2903747558594,71854000
2019-09-26,269.29949827937514,269.507587597765,267.32701256150625,268.7294616699219,56179700
2019-09-27,269.4803655720865,269.58896629529414,265.7344551958796,267.28167724609375,84746600
2019-09-30,267.7975229006122,269.22711538810705,267.75229329262123,268.5213623046875,51662400
2019-10-01,269.3989896786448,270.0504560848609,265.110185278463,265.32733154296875,88242400
2019-10-02,263.7529700767548,263.7620270421523,259.35559247468234,260.6404113769531,122539500
2019-10-03,260.4141809676894,262.802900116598,257.7087994153073,262.7757568359375,85278800
2019-10-04,263.42719336876263,266.5849809832063,263.3728792008926,266.3316345214844,65091200
2019-10-07,265.5355075585681,267.15513077570415,264.90212732918155,265.1826171875,59610500
2019-10-08,263.3367631205743,264.06965938553134,261.02947357933596,261.065673828125,95708100
2019-10-09,263.07442896754986,264.476878334848,262.4501056717316,263.544921875,62359400
2019-10-10,263.4634191387641,266.20500117894466,263.3005594403848,265.32733154296875,55296300
2019-10-11,268.06888493024525,270.30377370590077,267.95128245800737,268.07794189453125,98720400
2019-10-14,267.7612744976326,268.43085481933645,267.4355551081807,267.7793884277344,40394800
2019-10-15,268.82000612496955,271.1725259577309,268.7023759914254,270.4305725097656,46754500
2019-10-16,269.9690420180844,270.6838519974688,269.5618927483342,269.9961853027344,48928200
2019-10-17,271.154277975475,271.66097090586624,270.1046918731806,270.7923583984375,45736600
2019-10-18,270.2586137211803,270.901023258945,268.7566207357212,269.6071472167969,64304000
2019-10-21,270.9190007042958,271.6337827767973,270.4846807159477,271.4347229003906,39048600
2019-10-22,271.968722907503,272.258269740881,270.4577004188405,270.5481872558594,48594700
2019-10-23,270.29476731931624,271.38958319579564,270.0866504119283,271.3352966308594,34352200
2019-10-24,272.2673544380943,272.4121278695281,270.9553641994625,271.77874755859375,35453100
2019-10-25,271.2086047238799,273.4344642972805,271.1543181599138,272.8915710449219,45205400
2019-10-28,274.10396817421713,274.9273510646477,274.0768248970686,274.4296875,42147000
2019-10-29,274.1582941517787,275.27122390029245,274.03160709840614,274.3482971191406,44284900
2019-10-30,274.5473822708717,275.56076834015374,273.2444494353092,275.1898193359375,49643900
2019-10-31,275.180806729654,275.180806729654,273.00926085789666,274.4569396972656,69053800
2019-11-01,275.8955777764334,277.04468028616344,275.7326904592425,276.99945068359375,71141500
2019-11-04,278.5465942049122,278.68231058688036,277.74129765074747,278.1122741699219,60606900
2019-11-05,278.31144163213037,278.61004540055967,277.51520173325594,277.80474853515625,42933200
2019-11-06,277.8047289739284,278.13950535949533,276.9270592762012,277.8680725097656,46487100
2019-11-07,279.19810510600064,280.1752908251547,278.374722106779,278.84521484375,54272300
2019-11-08,278.5014892098723,279.5872760844092,277.80479299321394,279.5329895019531,49032100
2019-11-11,278.1575237620495,279.1709095366087,278.02177977110307,278.9989929199219,35797300
2019-11-12,279.3609854935828,280.482944664036,278.81809222595433,279.5871887207031,46484600
2019-11-13,278.6009741782715,280.07582378648766,278.37477092824327,279.6777038574219,53917700
2019-11-14,279.39719979877964,280.16629633222396,278.7638196858961,280.0848388671875,51219900
2019-11-15,281.4149096673068,282.1568629025422,280.7272706119639,282.11163330078125,62023600
2019-11-18,281.8763526775857,282.554962331027,281.42394624195816,282.3197021484375,49228000
2019-11-19,282.9168297430437,282.92588670614794,281.5958109263683,282.23822021484375,67804700
2019-11-20,281.6502452957048,282.16599543485967,279.64155893352347,281.18878173828125,79406200
2019-11-21,281.29733539676613,281.4059085420427,279.94011585540426,280.736328125,54664700
2019-11-22,281.47822579148874,281.6139421962558,280.35626669515204,281.360595703125,44850200
2019-11-25,282.2834928438309,283.5411682128906,282.2834928438309,283.5411682128906,48647200
2019-11-26,283.5774455384936,284.3646284301698,283.2607554660706,284.18365478515625,37569000
2019-11-27,284.66316801468287,285.45037841796875,284.4460217587132,285.45037841796875,44444600
2019-11-29,284.8892985114539,285.13361559975044,284.1654594345317,284.39166259765625,36592700
2019-12-02,284.64513407824325,284.7084776187902,281.55068891044095,281.9759521484375,75767800
2019-12-03,279.27051273112295,280.16629633222396,277.89520698160726,280.0848388671875,73941700
2019-12-04,281.1253493266502,282.41016804558075,280.78151604300257,281.81298828125,49080000
2019-12-05,282.5097327325432,282.52781904939724,281.0167694048144,282.3197021484375,40709000
2019-12-06,284.21985826013315,285.296587950962,284.2108012939693,284.8984680175781,48927000
2019-12-09,284.5093480042442,285.17890066127535,283.93025453990657,284.0026550292969,34838500
2019-12-10,283.94837758133656,284.6088732952171,283.03450775915456,283.68597412109375,52649800
2019-12-11,284.13853410130463,284.7447711930623,283.6046975403868,284.4914245605469,53429100
2019-12-12,284.5003229017807,287.72145472298655,284.2650903166584,286.9433288574219,96389600
2019-12-13,286.7080880016024,288.33676795280417,285.93899143681557,287.1152648925781,81503900
2019-12-16,288.834361024335,289.67583035344785,287.0518785933374,289.08770751953125,82749700
2019-12-17,289.46775204589784,289.7663281501422,289.06963216510667,289.15106201171875,61097700
2019-12-18,289.54013554774133,289.766338778638,289.11487236914763,289.1691589355469,48133000
2019-12-19,289.3591619313905,290.4268621669237,289.1058154172824,290.3544616699219,85310500
2019-12-20,291.3819230502159,292.754916750099,290.4090343656645,291.62744140625,147142100
2019-12-23,292.40945093547714,292.4640044146452,291.92754337051724,292.0730285644531,52990000
2019-12-24,292.30030617360654,292.3457581508804,291.78202044007725,292.08209228515625,20270000
2019-12-26,292.4639163918748,293.64597283116717,292.45484264705334,293.6368713378906,30911200
2019-12-27,294.3643024909242,294.418855959817,293.0367885004356,293.56414794921875,42528800
2019-12-30,293.6460210741499,293.7824047534291,291.4637712118447,291.9456787109375,49729100
2019-12-31,291.4455407994425,292.9003645160912,291.10001704503725,292.65484619140625,57077300
2020-01-02,294.18244866671154,295.40995713786896,293.26408574966416,295.3917541503906,59151200
2020-01-03,292.01845232203294,294.27343102956564,291.96389884711743,293.155029296875,77709700
2020-01-06,291.4092412616516,294.35526771417256,291.291032813915,294.2734375,55653900
2020-01-07,293.70958866181826,294.1824223186019,293.0003659250968,293.4459228515625,40496400
2020-01-08,293.63698515693517,296.2192851390077,293.3914944794076,295.0099792480469,68296000
2020-01-09,296.56469419323554,297.08297983800134,295.9827535924202,297.0102233886719,48473300
2020-01-10,297.59219676942917,297.74675568148257,295.69184361108466,296.1555480957031,53029300
2020-01-13,296.77381530405864,298.20133448643156,296.34646137408055,298.1922607421875,47086800
2020-01-14,297.75584613787055,298.80149124864306,297.18300698847196,297.7376708984375,62832800
2020-01-15,297.6468374784499,299.16528905194366,297.5650072512976,298.4106140136719,72056600
2020-01-16,299.78355255111995,300.8928527832031,299.55623715723783,300.8928527832031,54050300
2020-01-17,301.60209133261856,302.03851915247486,300.82921340367295,301.82940673828125,95846000
2020-01-21,300.87464321259114,302.03849689387584,300.80191449746235,301.23834228515625,77742400
2020-01-22,302.09307968566543,302.7386754317191,301.1201908155379,301.2747497558594,48914900
2020-01-23,300.62911709140155,302.02938749135257,299.51981701453644,301.6202087402344,51963000
2020-01-24,302.27483696389464,302.35666715329256,297.65577389588447,298.9378356933594,87578400
2020-01-27,293.7187336425929,295.61908679865473,293.3823113360426,294.1460876464844,84062500
2020-01-28,295.5645211349526,298.1013683192747,294.23700720360983,297.2284851074219,63834000
2020-01-29,298.5832802273967,298.8105955905337,296.78293256190744,296.98297119140625,53888900
2020-01-30,294.92805295887075,298.155948000126,294.1824796021824,297.9468078613281,75491800
2020-01-31,297.3285107663314,297.4830974307918,291.6274511456699,292.5367126464844,113845600
2020-02-03,294.0096870424728,296.5647094244046,293.8914786175827,294.7098083496094,69083000
2020-02-04,298.3014390790439,300.06540868055777,297.9831919914277,299.20159912109375,62573200
2020-02-05,302.1203687719825,302.8659700100723,300.66557228107905,302.6568298339844,65951100
2020-02-06,303.6115464439113,303.86613858386636,302.6022516312046,303.6752014160156,50359700
2020-02-07,302.62037823914807,303.68419851140686,301.51107824895325,302.056640625,64139400
2020-02-10,301.1746796413046,304.3752699512729,301.13830141378867,304.3116149902344,42070000
2020-02-11,305.6573801762899,306.4393318263524,304.31166303033257,304.83905029296875,54864500
2020-02-12,306.2665203619199,307.01212140657594,305.90282133354975,306.8030090332031,43992700
2020-02-13,305.3845525961196,307.43949245570366,305.11178524682026,306.4756774902344,54501900
2020-02-14,306.8849056218924,307.084944293039,305.6937750909398,306.96673583984375,64582200
2020-02-18,305.97562052387593,307.0303672773859,304.79356383100367,306.1756591796875,57226200
2020-02-19,307.1394741196409,308.31240156841585,306.857605252249,307.6395568847656,48814700
2020-02-20,307.0939985769431,307.91235620151554,303.4023987648629,306.3757019042969,74163400
2020-02-21,305.0299107358874,305.3390562696756,302.40213207600556,303.2204895019531,113788200
2020-02-24,293.8187317949431,303.29321971101865,292.09111299686066,293.1640625,161088400
2020-02-25,294.5461478579809,295.15533747281677,283.40769541596455,284.28057861328125,218913200
2020-02-26,285.67179975370436,289.2451911436134,282.5075871787762,283.2349853515625,194773800
2020-02-27,277.7430167478903,283.28951758192875,270.514404296875,270.514404296875,284353500
2020-02-28,262.5037634964114,270.8598775435434,259.63049429346006,269.3777770996094,384975800
2020-03-02,271.1507820205074,281.107203529335,267.7410524282309,281.0435485839844,238703600
2020-03-03,281.41641279396447,285.36260407327984,270.5689305856393,272.99664306640625,300139100
2020-03-04,278.343143597917,284.68979925998445,275.8062960824147,284.4715576171875,176613400
2020-03-05,277.3066158052619,280.4799299446313,272.7875844936558,275.0152587890625,186366800
2020-03-06,266.5500180417733,271.66916501204014,263.89498985282967,270.46893310546875,228667200
2020-03-09,250.31969051543348,258.4030389140831,248.63757886753456,249.3468017578125,309417300
2020-03-10,258.8121992811534,262.3401104916032,248.6830131414344,262.24920654296875,276444100
2020-03-11,255.22973923308714,256.3572147243874,246.30078376592888,249.46499633789062,255316300
2020-03-12,232.77095094586227,242.46368215490747,225.20588838049142,225.5968780517578,392220700
2020-03-13,239.21758503257703,246.84630170947224,225.96965328165044,244.88229370117188,329566100
2020-03-16,219.29567026756763,233.58926139863348,215.82229873657448,218.08636474609375,297240000
2020-03-17,222.80541986754847,232.92551813203102,215.55861886674538,229.86129760742188,262070500
2020-03-18,214.81300234794617,225.83324590166254,207.3297850292438,218.2227325439453,327597100
2020-03-19,217.54079799071988,224.93309788570622,211.14869122239375,218.68646240234375,289322000
2020-03-20,221.81989398869834,223.59423587653282,208.98794388953863,209.2623291015625,347158800
2020-03-23,208.70443213492814,210.0671893215918,199.6223661157914,203.91188049316406,326025200
2020-03-24,214.40242305268706,223.25583646686758,213.83537051261308,222.38694763183594,235494500
2020-03-25,223.96012504187064,234.45983814371337,219.2773351144632,225.71617126464844,299430300
2020-03-26,228.2130736603869,240.35905717065114,227.7832066302322,238.8957061767578,257632800
2020-03-27,231.64279788754072,238.53893683565772,229.6123667847552,231.7799835205078,224341200
2020-03-30,233.8652897641229,240.0205984059561,231.88059185006412,239.3072052001953,171369500
2020-03-31,238.31029629114397,240.84375080740338,234.3409002868605,235.74024963378906,194881100
2020-04-01,226.80450224256688,235.65791549819306,223.07289969242476,225.13076782226562,189554600
2020-04-02,224.25277750810542,231.1031837108158,223.70400702849605,230.32577514648438,177660400
2020-04-03,229.34713296100213,231.68854153043867,224.2802099883143,226.99659729003906,135561200
2020-04-06,235.8225935231229,244.2004086447503,226.97833320682912,242.24313354492188,188061200
2020-04-07,250.79466479788738,251.54465009535215,242.27053901114178,242.4900360107422,201427200
2020-04-08,245.07837292335702,252.43182969046424,242.5997928456364,250.6300506591797,153774500
2020-04-09,253.87691974147597,257.1878247130065,251.94710992928742,254.44400024414062,189999200
2020-04-13,253.47451020572214,253.8129107475081,248.23379557966797,252.12088012695312,114839100
2020-04-14,256.9865638804305,260.5718115819123,251.98365704305175,259.5566101074219,134143400
2020-04-15,253.86775666582818,259.69380532995405,251.93791921547881,254.04153442382812,121775000
2020-04-16,255.31287012366016,256.1177297950417,252.21236288007296,255.26715087890625,131798300
2020-04-17,261.01082356638705,262.7668552155527,258.28528180287844,262.1632385253906,146684800
2020-04-20,258.4774767383091,262.3005612141923,257.3250890886914,257.5445861816406,100109300
2020-04-21,253.09948464714034,254.29761890727113,248.79166082381494,249.72457885742188,126385700
2020-04-22,254.581194737837,257.0049008539564,253.26415671405383,255.26715087890625,92951600
2020-04-23,256.5384105522482,259.69381958213233,254.94700143019716,255.24880981445312,104709700
2020-04-24,256.7579275278854,259.47431454865233,254.71834153135325,258.806640625,85063200
2020-04-27,260.77311225237196,263.6541227954052,260.3158081054895,262.5382995605469,77896600
2020-04-28,266.16918844701115,266.5167439245813,261.0290963712476,261.3309326171875,105270000
2020-04-29,266.6357062557457,269.6996490647606,265.6113496189512,268.1722412109375,118745600
2020-04-30,266.80036532536803,268.27289912485736,263.94679204552654,265.6754150390625,122901700
2020-05-01,260.9468311402784,265.839989989389,257.4804586743474,258.64202880859375,125180000
2020-05-04,256.76714197902675,259.65730774517107,255.294635917444,259.3554992675781,80873200
2020-05-05,262.16335494813103,264.55046938143977,259.48353122781396,261.75177001953125,79569900
2020-05-06,263.4436975938998,263.82781732551877,259.54745856060816,259.9773254394531,73632600
2020-05-07,263.178561756195,265.0352156540306,262.6115090255703,263.1145324707031,75250400
2020-05-08,266.2332605798592,267.9344461094257,265.10828260205517,267.4679870605469,76452400
2020-05-11,265.54730090616414,268.8947697566106,265.12658901363613,267.5228576660156,79514200
2020-05-12,268.7027718058145,269.1143287808688,262.05355181087856,262.1907653808594,95870800
2020-05-13,261.6328562681384,262.66636814540334,255.13913155221232,257.5537109375,144721100
2020-05-14,255.12999344010436,260.7639559394108,249.67890794003233,260.63592529296875,121977900
2020-05-15,258.25786364656517,261.87970361161774,257.3158184969402,261.833984375,111146300
2020-05-18,268.0259508942396,271.4100127656581,267.70586031884966,269.8094482421875,119703800
2020-05-19,269.2148881042302,270.9160456986361,267.01983434205823,267.0381164550781,95189300
2020-05-20,270.55938333564245,272.4343188348608,270.3307313034634,271.5745849609375,85861700
2020-05-21,271.4465815641365,272.2514412639975,268.6112904984,269.6996765136719,78293900
2020-05-22,269.4161179191645,270.3856002837618,268.18139138715867,270.2118225097656,63958200
2020-05-26,276.147685456707,276.3854925534355,270.2301684648863,273.5410461425781,88951400
2020-05-27,276.32145242701677,277.6476456136954,271.5197588989895,277.6110534667969,104817400
2020-05-28,278.6352894466161,280.6382829682814,276.4310810717181,277.0987548828125,90405200
2020-05-29,276.6323411356739,278.9188612453655,273.8976720162019,278.3335266113281,119090800
2020-06-01,277.6933091449905,280.06214079412035,277.18113083769884,279.45849609375,55758300
2020-06-02,280.37311161244173,281.8182080910608,279.04694656843077,281.7724609375,74267200
2020-06-03,283.74802731711804,286.47356968873544,283.47365603310084,285.5223693847656,92567600
2020-06-04,284.54365636978923,286.2722787348064,282.6870034101145,284.7723083496094,75794400
2020-06-05,290.14117395158814,293.83617104202,290.0771446777787,292.07098388671875,150524700
2020-06-08,292.87580669268345,295.79340876256344,292.3361912634575,295.6013488769531,73641200
2020-06-09,292.9490092600261,295.6745518741366,292.089275278113,293.3971862792969,77479200
2020-06-10,293.97343534314683,294.8606065808559,291.04667738676187,291.76007080078125,95000800
2020-06-11,284.86387360342525,285.49495551971415,274.3916260395954,274.94036865234375,209243600
2020-06-12,281.9188104439579,282.68707794933687,273.1020022913101,278.2329406738281,194678900
2020-06-15,272.57150356014085,281.9553918611026,271.4008062757648,280.8304138183594,135782700
2020-06-16,288.54060937107715,288.68695003469736,281.39752145340583,286.23577880859375,137627500
2020-06-17,287.25099246962446,287.5436737805925,284.3150801698456,285.0467834472656,83398900
2020-06-18,283.53764795491,285.6320802741514,283.08034393403454,285.156494140625,80828700
2020-06-19,288.60695612206905,288.7998612118977,281.5885862007756,283.52691650390625,135549600
2020-06-22,282.92969448323436,285.74070848311646,281.79059883305774,285.345703125,74649400
2020-06-23,287.9822882833986,288.9101167071253,286.25525352949296,286.6594543457031,68471200
2020-06-24,284.62918451943716,285.24468083304134,277.5189755901933,279.3470458984375,132813500
2020-06-25,278.77749712311356,282.60820823682303,276.76568904701736,282.341796875,89468000
2020-06-26,281.2486339410296,281.4599295868436,275.05705756423436,275.6357727050781,127961000
2020-06-29,276.88519211835774,279.82480106993296,274.6069720524608,279.68701171875,79773300
2020-06-30,279.2552015830545,284.95993198050036,279.0990496919848,283.2696228027344,113394800
2020-07-01,284.3812217292925,286.5124569965103,283.9219052338294,285.25390625,72396500
2020-07-02,288.6712626090192,290.01248714880245,286.16341213389586,286.8248291015625,69344200
2020-07-06,290.6279302554761,291.83133729460695,289.8838397361495,291.2525939941406,61713800
2020-07-07,289.71844493786637,291.68430474186584,287.87198386046487,288.2486267089844,82910000
2020-07-08,289.01107826646074,290.5635700836482,287.2565141278047,290.4533386230469,54638600
2020-07-09,291.0597259556873,291.298579547416,285.400942347233,288.7998962402344,83354200
2020-07-10,288.73557224712687,292.01509919724424,287.3117021320966,291.7486877441406,57550400
2020-07-13,294.0818954674622,296.4519555364339,288.5700991787929,289.2223205566406,102997500
2020-07-14,287.80771779411623,293.742107367341,286.61350606595687,292.970458984375,93657000
2020-07-15,296.1764500267383,296.7551932653832,293.2919291339535,295.6620178222656,87196500
2020-07-16,293.76959959487846,295.13835353607965,293.1265454022012,294.688232421875,54622500
2020-07-17,295.6896177123011,296.3234767747621,293.723729481606,295.5426330566406,62774900
2020-07-20,295.27622821454463,298.6751818708139,294.5321376523244,297.93109130859375,56308800
2020-07-21,299.88771395693493,300.3286397959149,297.58193646428316,298.56488037109375,57292200
2020-07-22,298.2066144886055,300.5767031253431,298.09638302353903,300.26434326171875,57792900
2020-07-23,299.9061124158589,300.6042824570707,295.32214278131715,296.68170166015625,75738000
2020-07-24,294.8353071395609,295.79066538679007,293.2736196426377,294.77099609375,73766600
2020-07-27,295.4599699891878,297.0951357943914,294.66993094112354,296.92059326171875,48293000
2020-07-28,296.19484259327356,297.3064087498554,294.7434147338862,295.0373840332031,57495000
2020-07-29,295.910055607234,299.2263352942239,295.8733024378187,298.66595458984375,48454200
2020-07-30,295.7079903642907,298.0137684247476,293.63189861413105,297.6003723144531,61861700
2020-07-31,299.38247841301813,300.05309057149844,295.1843190245131,299.9520263671875,84986800
2020-08-03,301.605625355919,302.7998371691096,301.06363519242745,302.0373840332031,53077900
2020-08-04,301.18303648166886,303.20404052734375,301.18303648166886,303.20404052734375,41917900
2020-08-05,304.4993695615829,305.344524500798,304.23295806500414,305.0872802734375,42697700
2020-08-06,304.5084445350137,307.24595264171285,304.1869174123309,307.12652587890625,43679400
2020-08-07,306.16200149282446,307.63181988230866,305.2617310710826,307.3470458984375,57308300
2020-08-10,307.7971437576196,308.4493652808026,305.86800901982497,308.2656555175781,44282100
2020-08-11,309.4414882495584,310.0753471733993,304.99530851738695,305.72100830078125,69601100
2020-08-12,308.14631518865264,310.7552300476463,308.1187573147163,309.98358154296875,53774400
2020-08-13,309.2210563466594,310.7276279995597,308.5045236917194,309.42315673828125,41816100
2020-08-14,309.03739801692717,309.9652265194765,308.3116699396521,309.4324035644531,47260400
2020-08-17,310.4428410719962,310.8102886684304,309.4415344570698,310.415283203125,35481000
2020-08-18,310.8103002489864,311.5084703323429,309.22105499298743,311.0859069824219,38733900
2020-08-19,311.4625096622481,311.97694190316844,309.23023818456306,309.7906188964844,68054200
2020-08-20,308.0727671388715,311.23286708334615,307.9441730893931,310.75518798828125,42207800
2020-08-21,310.42447869422375,312.07800689641704,310.0845609319981,311.8575439453125,55106600
2020-08-24,314.2827768358285,315.09117851403107,311.8300419618534,315.0177001953125,48588700
2020-08-25,315.577913595594,316.20257714942005,314.42042733716255,316.1199035644531,38463400
2020-08-26,316.7079196553296,319.55565950622474,316.1659295535639,319.2892761230469,50790200
2020-08-27,320.1527714738535,321.4296566689116,318.3338681796613,319.9873962402344,58034100
2020-08-28,321.00706390510135,322.1829128264426,319.8220196842775,322.0542907714844,48588900
2020-08-31,321.84305088658607,322.715735344681,320.65800656366764,320.8876647949219,66099200
2020-09-01,321.7144876310069,324.01107036337214,320.82341240947085,323.9100341796875,54908700
2020-09-02,325.81160515901706,329.55961577116307,324.6724810821894,328.5950622558594,69540000
2020-09-03,326.91390709312424,327.38241887389745,314.71446250184243,317.2866516113281,148011100
2020-09-04,317.9664987849258,319.5281583295149,307.62268047691174,314.6961669921875,139156300
2020-09-08,309.31287135263426,314.76038567556583,305.7945197326243,306.09765625,114465300
2020-09-09,310.0845162424743,314.59500703013146,309.22099909582585,312.14227294921875,91462300
2020-09-10,314.0071656953316,314.6593873315728,305.76702585786137,306.722412109375,90569500
2020-09-11,308.49540445893774,309.551827020083,304.06758575680686,306.87860107421875,84680200
2020-09-14,310.0294570524929,312.6843200062255,307.02553709097856,310.9205322265625,65605700
2020-09-15,313.3640785558133,314.1908426333069,310.92970675868344,312.49139404296875,52920900
2020-09-16,313.72237632422525,315.1462463127431,310.9756444899073,311.2512512207031,82096000
2020-09-17,306.419220280496,310.2223743451593,305.89559274386187,308.5137023925781,91523300
2020-09-18,309.3152200755453,309.4258928149711,302.49012905972876,304.9619140625,105877900
2020-09-21,300.3965164700501,301.7154136216698,296.73494295950627,301.5678405761719,99450800
2020-09-22,303.043459504694,305.19242981762375,300.54397867680115,304.6390380859375,63612100
2020-09-23,305.19248294549067,305.46919293283975,297.0761632901137,297.57421875,93112200
2020-09-24,296.26450432799584,301.4109832200537,294.9548113676943,298.36737060546875,76681300
2020-09-25,297.51889967168074,303.9750729756473,296.65195372295256,303.1911315917969,71069400
2020-09-28,307.33225602777424,308.9370670302283,306.34537719783094,308.2268981933594,64584600
2020-09-29,308.0239809607782,308.76181796353166,305.85654606350835,306.54827880859375,51304000
2020-09-30,307.2124132574435,312.00843930642066,307.0187359258296,308.8725891113281,104081100
2020-10-01,311.4549648105674,312.4233793586627,308.9831799827863,310.85546875,88698700
2020-10-02,305.93029309925635,310.82775782543484,305.4599059080019,307.9040222167969,89431100
2020-10-05,309.95157659995147,313.54858090194296,309.9054723466813,313.3641357421875,45713100
2020-10-06,313.5024779338328,315.58690808900525,308.4021034182183,308.90936279296875,90128900
2020-10-07,311.8515860716545,315.08890456314975,311.8239178856879,314.2864990234375,56999600
2020-10-08,316.2141269777659,317.13643737983216,315.301020539978,317.0718688964844,45242500
2020-10-09,318.7135930004572,320.36453656708585,318.0956607685628,319.90338134765625,59528600
2020-10-12,322.43044687423406,326.5162746526731,321.9416235525097,325.0498046875,80388500
2020-10-13,324.9114587531888,325.08669995512446,321.96928675859624,322.9284973144531,73255500
2020-10-14,323.50024355383795,324.5885626358251,320.17071785047017,320.8993225097656,57727900
2020-10-15,317.0073043045326,320.9824599345007,316.4723766493068,320.50286865234375,60357700
2020-10-16,321.84932413381205,323.50026709141184,320.1338408607783,320.30908203125,89501900
2020-10-19,321.5634874612231,322.19065172366453,314.54471943593575,315.4393615722656,68425600
2020-10-20,316.77671434018436,319.93102821542567,316.0204412221937,316.70294189453125,60051900
2020-10-21,316.6567266013599,318.8149570886233,315.7989849301,316.1033630371094,63575000
2020-10-22,316.3153830744451,318.4182484384857,314.18484954035114,317.8371887207031,55399300
2020-10-23,319.05475325093767,319.1100896099065,316.47229601014976,318.9164123535156,49143900
2020-10-26,315.54994772507445,316.3339169113556,309.54570018199115,313.0228271484375,91473000
2020-10-27,313.36418300170556,313.69620122734307,311.7316756189508,311.9438171386719,65994100
2020-10-28,306.29923020856904,311.9714324418126,300.793037060004,301.2818603515625,127094300
2020-10-29,301.5124642403669,307.49824909412393,299.83385273532434,304.3439636230469,90597700
2020-10-30,302.77601447703177,304.07647533605143,297.5372988957393,301.17120361328125,120287300
2020-11-02,304.5469055175781,306.5390712136703,301.816846466365,304.5469055175781,86068300
2020-11-03,307.76571701813515,311.9714496081248,304.62986772162367,309.9239196777344,93294200
2020-11-04,314.3786207831499,320.90859233592846,313.2072970382518,316.8504333496094,126959700
2020-11-05,322.10762748046125,324.8284540169857,321.757145076795,323.0299377441406,82039700
2020-11-06,322.74394376424596,324.20120938155344,320.6410780104958,322.9560852050781,74973000
2020-11-09,335.69328670949596,336.0714373165098,326.55318810389855,327.01434326171875,172304200
2020-11-10,326.0274414780705,327.5861480533205,323.2789749451511,326.53472900390625,85552000
2020-11-11,328.7113159236971,329.7811990235241,327.47542376010495,328.9603576660156,58649000
2020-11-12,327.9550663459089,329.00651354142656,323.97070745695135,325.7691955566406,67546200
2020-11-13,327.6691129022936,331.01710320984637,327.1526214762621,330.2792663574219,62892200
2020-11-16,332.9355686346887,334.59571584824243,331.65354385962263,334.40203857421875,74541100
2020-11-17,332.0040195958482,333.8025358299785,330.5006493949441,332.603515625,66111000
2020-11-18,332.87100914114745,333.41516883301097,328.56380771525403,328.6007080078125,70591300
2020-11-19,327.9735014478599,330.3530492973279,326.63614044527395,329.984130859375,59940900
2020-11-20,329.7259129229104,329.9288223028838,327.65071486954946,327.7244873046875,70417300
2020-11-23,329.52304728538064,330.94341313374053,327.30027592000744,329.6890563964844,63230600
2020-11-24,332.22539331938475,335.54571610904793,331.3768835849959,335.0015563964844,62415900
2020-11-25,334.9185027829936,334.9461709627428,333.396696603441,334.4850158691406,45330900
2020-11-27,335.573402977946,335.8869851273918,334.41128290018645,335.4166259765625,28514100
2020-11-30,334.6418093714301,334.90928722000234,331.2661786885653,333.931640625,83872700
2020-12-01,337.16899213449574,339.11505340908474,336.5787000163199,337.5840148925781,74231400
2020-12-02,336.4772978153811,338.4510274992343,335.9054698522711,338.29425048828125,45927000
2020-12-03,338.1927332221173,339.5854307786495,337.10441382598,338.20196533203125,62882000
2020-12-04,338.783041556463,341.1164855957031,338.69080489293344,341.1164855957031,50749900
2020-12-07,340.3509588633568,340.9043507086095,339.151966654208,340.41552734375,48944300
2020-12-08,339.15188893607467,341.97415573878243,339.10578468731796,341.41156005859375,42458900
2020-12-09,342.0663961179011,342.22317308272335,337.51941379129926,338.3494873046875,74098300
2020-12-10,336.9844740552152,339.28101745162724,336.1175002134625,338.23883056640625,57735400
2020-12-11,336.5509346336922,338.2479817633102,335.03836077439604,337.8421630859375,57698600
2020-12-14,340.00048656717314,341.070341758888,336.15444018565523,336.3296813964844,69216200
2020-12-15,338.8567862142581,340.87664794921875,337.49178503398645,340.87664794921875,63865300
2020-12-16,341.0887458772807,342.32463809868386,340.2125399775271,341.41156005859375,58420500
2020-12-17,343.0440579448397,343.52364911590456,342.2231883566635,343.32073974609375,64119500
2020-12-18,343.6079012926033,343.77461802271546,339.949235092986,341.9499206542969,136542300
2020-12-21,338.05044054116735,350.5454322565791,335.3272876322013,340.7272644042969,96386700
2020-12-22,341.0514707752179,341.1626152638314,339.0322705209926,340.15301513671875,47949000
2020-12-23,341.116302912313,342.35746343749054,340.13448894065533,340.45867919921875,46201400
2020-12-24,340.93098740123696,341.8109282065022,340.34747895141084,341.78314208984375,26457900
2020-12-28,344.3210549674562,345.1083660073762,343.70048890382196,344.7193603515625,39000400
2020-12-29,346.23834930715714,346.414337461852,343.47813932999696,344.0616760253906,53680500
2020-12-30,344.87680252607737,345.5807552049066,344.16360665234055,344.5526123046875,49455300
2020-12-31,344.3581702862446,347.02575115427703,343.8487486102848,346.30328369140625,78520700
2021-01-04,347.6278008405059,347.75748825794324,337.91153359546706,341.5887145996094,110210800
2021-01-05,340.949602377982,345.0250605268472,340.9032733293273,343.94134521484375,66426200
2021-01-06,342.44088464548366,349.17468134346575,341.8944053169438,345.9976501464844,107997700
2021-01-07,348.3594891696927,351.87919612243684,348.1835009953903,351.1382141113281,68766800
2021-01-08,352.5182911816267,353.3519029778256,349.2857170060034,353.1388854980469,71677200
2021-01-11,349.9805051233097,352.50912740198214,349.86008915448537,350.758544921875,51034700
2021-01-12,350.9436922668799,351.8421194800152,348.6002738904084,350.83251953125,52547700
2021-01-13,350.7585330833306,352.7684620951219,349.98049331102504,351.77740478515625,45303600
2021-01-14,352.51834010082484,353.01851855461456,350.2120072157381,350.5454406738281,49989100
2021-01-15,348.9338618194296,349.7304163131025,346.13662136026045,347.9891052246094,107160000
2021-01-19,350.43433335620296,351.25870215945235,348.96161222679353,350.7214660644531,51233300
2021-01-20,353.0000629171318,356.4086548426203,352.6110571198355,355.5750427246094,61836100
2021-01-21,356.13063877891994,356.5567302849031,354.9821081917429,355.8990783691406,47840100
2021-01-22,354.0558675399395,355.79720634900036,353.6761050748442,354.639404296875,52860500
2021-01-25,355.37122119584785,356.39006461227206,350.5454808302178,356.0381164550781,70402000
2021-01-26,356.9828067931668,357.390355390859,355.2507393863011,355.4822998046875,42665300
2021-01-27,352.1756829435316,352.26831278333765,344.57124514864984,346.7942199707031,123351100
2021-01-28,348.6003576792307,353.7595313987344,348.1650511599813,349.7767028808594,94198100
2021-01-29,347.9242558248188,348.8875553332174,341.1071006166545,342.77435302734375,126765100
2021-02-01,346.1550740721614,349.5080647438886,343.0614299643618,348.4799499511719,75817600
2021-02-02,351.64758695318596,354.95427595924195,348.5632151329589,353.4074401855469,64450700
2021-02-03,354.23196518533314,355.3990390598775,352.4165389212222,353.68548583984375,52427100
2021-02-04,354.7135813441343,357.7516535703952,353.7966109311243,357.7053527832031,47142600
2021-02-05,359.56706738711136,359.8171424896875,357.6590115971153,359.1131896972656,48669800
2021-02-08,360.55819734087095,361.75305738309993,359.7060705675977,361.7067565917969,38365200
2021-02-09,360.8729815940819,362.0585979957618,360.465461289318,361.4657897949219,35551100
2021-02-10,363.197890590525,363.34609265440474,358.9186584626159,361.308349609375,59154400
2021-02-11,362.3828442947827,362.7996644246822,359.4744596490832,361.8919372558594,42913300
2021-02-12,361.09537339619646,363.92039959528154,361.0212582224557,363.6795959472656,50593300
2021-02-16,364.90218870691695,365.09671982469814,362.6514280582041,363.3646240234375,50972400
2021-02-17,361.6233007480512,363.69807313250533,360.6136724097959,363.447998046875,52290600
2021-02-18,360.854495934064,362.64213560839346,359.14094315746735,361.9011535644531,59712800
2021-02-19,363.1516568082577,363.43878952666716,360.8175092048532,361.2621154785156,83241000
2021-02-22,358.5110930037713,360.88226938109636,358.21468888994264,358.4833068847656,67414200
2021-02-23,356.2881475310484,360.2617324705037,352.157117326697,358.9186706542969,107284100
2021-02-24,357.8349308137793,363.2997792629968,356.8531169079845,362.8736877441406,72433900
2021-02-25,361.614054243243,362.9756307811768,352.6943414403151,354.1300048828125,146670500
2021-02-26,356.0009908112732,357.14024997245446,350.3323963247881,352.3052673339844,152701600
2021-03-01,357.1495498565867,362.0864341700933,352.49982648838284,360.8452453613281,105348800
2021-03-02,361.0676132242538,361.2991736921879,357.5293624902229,358.029541015625,79595300
2021-03-03,357.33484267513,358.29811382408514,353.18526911043256,353.28717041015625,119940200
2021-03-04,353.1018857931817,355.67683676199033,344.45079112435485,348.915283203125,183433000
2021-03-05,352.39793809635813,356.3807946921803,345.1547488924629,355.3341369628906,152039600
2021-03-08,356.2881862042194,359.08542635862597,353.28717171626954,353.5650329589844,123149200
2021-03-09,357.39039119381505,361.15093050380403,356.89021272533046,358.613037109375,113633600
2021-03-10,360.94714665159455,362.53101211553303,359.53926937994413,360.8452453613281,109899400
2021-03-11,363.29980330973046,366.4675341915617,362.8459256414853,364.50390625,86245000
2021-03-12,363.15160002369436,365.13374261718343,362.3457742453451,364.99481201171875,64653600
2021-03-15,365.24497076495254,367.43091643604373,363.1146256154373,367.17156982421875,73427200
2021-03-16,367.78278723665204,368.48671168557286,365.9395470892931,366.7083435058594,73722500
2021-03-17,365.4302117687293,368.75541676217324,364.2909240679145,367.9588623046875,97959300
2021-03-18,365.38382757505207,367.45859988992873,361.92893593764336,362.6051025390625,115349100
2021-03-19,362.30590860111545,363.8763863440196,359.7689764719853,361.9342041015625,113624500
2021-03-22,362.4452457226715,366.1995258918092,362.3894914731642,364.8241882324219,73778600
2021-03-23,364.1924079665328,365.6327738193185,361.17226223197355,361.9528503417969,90686600
2021-03-24,363.34674315486654,364.972975381263,360.06640156970496,360.11285400390625,97588600
2021-03-25,358.6817356717282,362.928502774503,356.7488269231494,362.1386413574219,116128600
2021-03-26,363.28165959392123,368.3740994757526,362.68693802860713,367.9745178222656,114409100
2021-03-29,366.5062610108265,368.6900641641759,365.0287163307063,367.7886657714844,108107600
2021-03-30,366.52473213623387,367.4818844455236,365.2237241856257,366.81280517578125,76262200
2021-03-31,367.3797091065585,369.8515849113352,367.3518319807586,368.2996826171875,112734200
2021-04-01,370.2232869937267,372.3327601495362,370.01884528609827,372.2769775390625,99682900
2021-04-05,374.9254075734241,378.15929585241673,374.85107802689595,377.62030029296875,91684800
2021-04-06,377.06287430075787,378.43818403070935,376.7283203399315,377.39739990234375,62021000
2021-04-07,377.23005259846207,378.17790328320166,376.7747167341118,377.8340759277344,55836300
2021-04-08,379.0792944120443,379.68331772995526,378.15001904318626,379.6275634765625,57863100
2021-04-09,379.5067812528372,382.55480332633414,379.38597091748704,382.38751220703125,61104600
2021-04-12,381.7928419590288,382.79644701337315,381.1888185604451,382.5269775390625,56704900
2021-04-13,382.42478151269887,384.2833326882976,382.0437751185923,383.66070556640625,56551000
2021-04-14,383.6327179168514,384.68280356603617,381.81134623004976,382.350341796875,61659900
2021-04-15,384.4784328546867,386.7272920226282,384.43198042379737,386.4577941894531,60229800
2021-04-16,387.7401183380756,388.353443438255,386.3276300935371,387.7494201660156,82037300
2021-04-19,386.82020814297175,387.2662422093501,384.52489664561284,385.8444519042969,78498500
2021-04-20,384.63640040393466,385.73293861586444,381.55119913988244,383.01947021484375,81851800
2021-04-21,382.4061826077296,386.8481185088796,382.2667685907722,386.6436767578125,66793000
2021-04-22,386.47636655189376,387.303406925715,382.05300649472724,383.11236572265625,97582800
2021-04-23,383.6698834905282,388.66938907577,383.59555394557486,387.26617431640625,73209200
2021-04-26,387.9167155807785,388.6415492403517,387.33126755588586,388.0746765136719,52182400
2021-04-27,388.3721257652972,388.5672940504344,386.8574020736745,387.9911193847656,51303100
2021-04-28,388.26058398462,389.37572589844,387.41493989916654,387.87957763671875,51238900
2021-04-29,390.59300004695626,390.9647044942961,386.9874073533742,390.35137939453125,78544300
2021-04-30,388.0932978632619,388.9389418978536,386.8945246318917,387.78662109375,85527000
2021-05-03,389.7659458311173,390.1469521204787,388.13044053050237,388.6229553222656,68128300
2021-05-04,386.64367972036484,387.13619462090406,382.5548730269321,386.2254943847656,101591200
2021-05-05,387.86091462560825,388.0932334418477,385.78862057542915,386.34619140625,60162200
2021-05-06,386.420555589309,389.56151080390845,384.42261926239445,389.4314270019531,74321400
2021-05-07,390.1934506174759,392.9162206585883,389.51506938475586,392.2657165527344,67733800
2021-05-10,392.6188718952487,392.84188892503846,388.2605678296134,388.3813781738281,81852400
2021-05-11,383.88370947193107,385.9002213981806,381.0587040499787,384.9151916503906,116888000
2021-05-12,382.14587663008854,383.40967737539506,375.4272062689719,376.73748779296875,134811000
2021-05-13,378.2801260879357,383.1866988347354,378.2336453045816,381.2630920410156,106394000
2021-05-14,383.9858697174596,387.9631671876168,383.95799259058225,387.1175231933594,82201600
2021-05-17,386.0116643268711,386.9409395879858,384.12520832194707,386.1324462890625,65129200
2021-05-18,386.39274546912407,386.6343661765269,382.6477663005699,382.8057556152344,59810200
2021-05-19,378.140683689509,381.9785665130512,376.66311113870984,381.802001953125,106467100
2021-05-20,382.6755962796749,387.1640123182548,382.5548143000937,385.90948486328125,78022200
2021-05-21,387.3870310910262,388.6229832530187,385.1382005063425,385.5935363769531,76578700
2021-05-24,387.8237936745519,390.5930445875986,387.582172994574,389.5243835449219,51376700
2021-05-25,390.60221586266044,390.9553449612423,388.08388811746545,388.6600341796875,57451400
2021-05-26,389.2455605886077,389.93321527136624,388.21407856446984,389.4314270019531,43088600
2021-05-27,390.4536616740374,390.96475180607416,389.3570951367238,389.6358947753906,56707700
2021-05-28,391.19704397355315,391.4572399363522,390.10050587027376,390.33282470703125,58520200
2021-06-01,392.68390661909086,392.8232922551266,389.55225310614026,389.989013671875,54216600
2021-06-02,390.63953491738175,391.43872658911135,389.6359298618181,390.60235595703125,49097100
2021-06-03,388.2977314392226,390.2863660477926,386.8387622554671,389.15264892578125,58138800
2021-06-04,390.99262682035794,393.0091669281305,389.21770739294345,392.7117919921875,55938800
2021-06-07,392.70242342127887,392.8789879870348,391.40144374668,392.3307189941406,51555000
2021-06-08,393.18571484226,393.27864805740666,390.59305680285246,392.4144287109375,47134300
2021-06-09,393.2507697660974,393.32512768168914,391.6059624638834,391.8289794921875,48436300
2021-06-10,393.0462757947363,394.5981780350405,391.7359942091365,393.6502990722656,51020100
2021-06-11,394.1986661133654,394.4123813217684,392.91626142600035,394.3008728027344,45570800
2021-06-14,394.41234034324725,395.28586146390614,393.17641657338044,395.18365478515625,42358500
2021-06-15,395.3323529313738,395.3695035287047,393.585310642845,394.4588317871094,51508500
2021-06-16,394.59823144884797,394.82124847769757,390.22135210226025,392.2564392089844,80386100
2021-06-17,391.84763248811356,393.1021317895134,389.6638292802219,392.12640380859375,90949700
2021-06-18,388.85947347394546,389.54937784816065,386.63125419537954,386.83636474609375,118676300
2021-06-21,388.58919001085104,392.5608641777054,387.7780798673709,392.3743896484375,72822000
2021-06-22,392.3650319575485,395.3018204521082,391.64713072526837,394.4720458984375,57700300
2021-06-23,394.54667538647084,395.3484532153009,393.9127075517657,393.9966125488281,49445400
2021-06-24,396.13158375367453,396.74688700384473,395.879840335682,396.3273620605469,45110300
2021-06-25,397.0732018408674,398.1826596628426,396.7468856958135,397.7351379394531,58129500
2021-06-28,398.25721249129896,398.70470570834567,397.06384982582415,398.5368957519531,53159600
2021-06-29,398.91915273160606,399.5531204304721,398.21991612055984,398.7513427734375,35970500
2021-06-30,398.2945621373876,399.75830454102925,398.2665938058792,399.0870361328125,64827900
2021-07-01,399.84219026940974,401.45510651405067,399.77692134836326,401.2966003417969,53441000
2021-07-02,402.45271689824966,404.7182371428583,401.38053111850644,404.36395263671875,57697700
2021-07-06,404.4198848881772,404.6343277321894,400.90506510112056,403.6274108886719,68710400
2021-07-07,404.30802236006286,405.333575301401,402.3035493327299,405.0538635253906,63549500
2021-07-08,399.75830982322657,402.50865241662655,398.5835829803211,401.75347900390625,97595200
2021-07-09,403.25440855817396,406.34037048355896,401.5575875765757,406.0420227050781,76238600
2021-07-12,405.95820582921755,407.74826443657537,405.529348587086,407.49652099609375,52889600
2021-07-13,406.7133908705391,408.2051016773012,405.8463441001398,406.1073913574219,52911300
2021-07-14,407.7948684980379,408.2796908558834,405.47341158364054,406.71337890625,64130400
2021-07-15,405.3801554114466,406.05142380082106,403.43161916568266,405.32421875,55126400
2021-07-16,406.49891518452205,406.54551958157515,401.75343241278944,402.1449890136719,75874700
2021-07-19,397.3436641815824,402.2103536866974,393.4092904555928,396.20623779296875,147987000
2021-07-20,396.86807940233047,403.15190560272424,396.0756054886236,401.8839416503906,99608200
2021-07-21,403.07734671744265,405.2776264574665,401.8373794156442,405.13775634765625,64724400
2021-07-22,405.31487664645783,406.2285561812566,404.33595664289896,405.98614501953125,47878500
2021-07-23,407.9067170456665,410.49855331355985,407.2261448569842,410.1629333496094,63766600
2021-07-26,409.5755177575135,411.1791015467012,409.5289133635764,411.1697692871094,43719200
2021-07-27,410.13491566325905,410.16288399022255,406.4802263786354,409.29583740234375,67397100
2021-07-28,409.9205257266722,410.4985568598125,407.71094225553276,409.1280517578125,52472400
2021-07-29,410.0510501972417,411.8970168587412,410.0417179366842,410.8248596191406,47435300
2021-07-30,408.2703168786377,410.27478967456426,408.1397790411661,408.8297119140625,68951200
2021-08-02,410.5358220845451,411.0858848397279,407.61766988765027,407.9719543457031,58783300
2021-08-03,408.76450901033223,411.4122822568077,406.58289362665914,411.29107666015625,58053900
2021-08-04,410.0137549202648,411.2630544145641,409.03483491751217,409.2679138183594,46732200
2021-08-05,410.4240280683783,411.94370724678896,410.10704413730144,411.85980224609375,38969700
2021-08-06,412.17678641929984,412.95992821159984,411.8970746314669,412.5403747558594,46930000
2021-08-09,412.5123024707758,412.8292863221601,411.44014535097375,412.20465087890625,41222600
2021-08-10,412.65229087865583,413.42612894134754,411.97171854026385,412.7175598144531,43339300
2021-08-11,413.78034258511013,413.83627924848605,412.66155241355983,413.7430419921875,44034300
2021-08-12,413.5938605071988,415.1228718168817,412.6988454575395,414.9830017089844,38909400
2021-08-13,415.43050961256574,415.75682576675683,414.9457157376628,415.7381896972656,39470300
2021-08-16,414.4421890240444,416.8475503845794,412.894541950952,416.717041015625,73740000
2021-08-17,414.17191970261024,414.84318814832017,411.0113842575715,413.9854736328125,92673900
2021-08-18,412.97849742393936,414.53547694662274,409.2119630019986,409.454345703125,89351900
2021-08-19,406.741308348979,411.28170912890874,406.60146670220803,410.08831787109375,92812200
2021-08-20,410.4332861309736,413.67772604605483,409.948463834136,413.3514099121094,72008700
2021-08-23,415.02964970074015,417.8918656542568,413.42606560010046,416.9875183105469,54973000
2021-08-24,417.6494445800781,418.18087133123964,417.1366823512831,417.6494445800781,38744700
2021-08-25,417.8359438685796,419.03861064787276,417.4629948233235,418.5258483886719,40529700
2021-08-26,418.24606403832706,418.4791429251638,415.9619080185347,416.0551452636719,57829600
2021-08-27,416.8569937732602,420.1480670762453,416.80105710708057,419.775146484375,77235100
2021-08-30,420.4463669901376,422.40423543923686,420.2039558296545,421.62109375,48357400
2021-08-31,421.5278561630646,421.8634761216063,420.39976225528045,420.9964294433594,59300200
2021-09-01,421.9286921618179,422.44145429599706,420.9870444205686,421.2201232910156,48721400
2021-09-02,422.6373493891215,423.31792162382027,421.3227808707356,422.5161437988281,42501000
2021-09-03,421.387988849166,422.92630380282,420.9870715426401,422.41351318359375,47170500
2021-09-07,422.0686233593047,422.16186061767115,420.23196033235047,420.9032287597656,51671500
2021-09-08,420.37186685720667,421.09907201222666,418.4792385496857,420.3905029296875,56181900
2021-09-09,420.1947096773272,421.9381355350653,418.3487142945361,418.59112548828125,57970400
2021-09-10,420.51159139066226,420.93111629475897,415.169413329075,415.2906188964844,89948200
2021-09-13,418.2741120636888,418.5351593108477,414.0506948028417,416.353515625,83738600
2021-09-14,417.789288718798,417.99439930193716,413.2209476783512,414.1066589355469,78197100
2021-09-15,414.5261935331129,418.05967793066094,413.426067858019,417.5655517578125,78792200
2021-09-16,417.04346715334754,418.013054999152,413.9668082618026,416.90362548828125,77786700
2021-09-17,416.13475093436307,416.5556198829702,412.48704878745247,412.84246826171875,118425000
2021-09-20,406.74432982392835,408.31563107334745,401.1137908654286,405.95867919921875,166445500
2021-09-21,408.2875666376567,409.5782885516768,405.05142823770416,405.5751953125,92526100
2021-09-22,407.83859908430554,411.561112902549,405.68741498694294,409.531494140625,102350100
2021-09-23,411.39280997305156,416.1067425610066,411.15898434825647,414.5073547363281,76396000
2021-09-24,412.8798959122565,415.9009329556939,412.6647660835853,415.1900939941406,62094800
2021-09-27,414.1613353087631,415.3211013801482,413.31020653137995,414.0023498535156,61371100
2021-09-28,411.2431502653508,411.57051184242243,404.9298585168966,405.6593933105469,130436300
2021-09-29,407.03430833854253,408.7646237192778,405.78100637960586,406.3421936035156,82329200
2021-09-30,407.81062071451305,408.5120976496136,401.0390391681567,401.3757629394531,140506000
2021-10-01,403.0965943208825,407.81985950445574,399.5892107063991,406.1456604003906,129240100
2021-10-04,404.98598629215144,405.8838687084721,398.77556393327893,400.9080810546875,128570000
2021-10-05,402.40457906385245,407.31491768424513,401.609594693182,405.0795593261719,90682500
2021-10-06,401.4973037523077,406.96882922021376,399.8792486552272,406.7630615234375,113032200
2021-10-07,410.0272942635366,413.10441906944726,409.8495844974605,410.2798156738281,72437500
2021-10-08,411.04670800109915,411.4301854093212,408.90485751836167,409.531494140625,74557400
2021-10-11,408.8767873502811,411.7762304048919,406.5011113392327,406.56658935546875,65233300
2021-10-12,407.48321348221907,407.8853866681187,404.78017581687527,405.5658264160156,71181200
2021-10-13,406.5853090624002,407.83861088635894,403.62041636017756,407.02490234375,72974000
2021-10-14,410.6725909235282,414.0209897091665,410.20493969427326,413.871337890625,70236800
2021-10-15,415.9758420926981,417.38815818898604,415.35853893557567,417.02337646484375,66260200
2021-10-18,415.2462593259366,418.59462977547827,414.5915361472241,418.2579345703125,62213200
2021-10-19,419.8758981308074,421.55006860524617,419.26792883450116,421.484619140625,46996800
2021-10-20,421.94295086059634,423.439440319079,421.83071914626356,423.14013671875,49571600
2021-10-21,422.5415781375362,424.468298903712,422.1113470020355,424.24383544921875,41305400
2021-10-22,423.8136529308841,425.2540268631663,421.8682076248878,423.8042907714844,58845100
2021-10-25,424.88920251258514,426.40438793845834,423.12149569678843,426.0770263671875,45214500
2021-10-26,427.62030473700503,428.82682438361206,426.0863949710087,426.46051025390625,56075100
2021-10-27,426.9187237400485,427.5827803459465,424.49626579280755,424.57110595703125,72438000
2021-10-28,425.9928363723962,428.742627797446,425.98350275745725,428.6678161621094,51437900
2021-10-29,426.3763620737021,429.8276307113878,426.0864205712987,429.5376892089844,70162400
2021-11-01,430.5197095224262,430.8938533397437,428.5555971973382,430.27655029296875,48433600
2021-11-02,430.4448427228555,432.3248095542426,430.3138866949434,432.0161437988281,48908400
2021-11-03,431.4550612665384,435.0559818458261,431.0154679198227,434.65380859375,52509800
2021-11-04,435.252290589815,436.7862001540291,434.90623328507866,436.7020263671875,52847100
2021-11-05,438.91879260724045,440.2001525720331,436.7114922241577,438.2173156738281,66390600
2021-11-08,439.3115707807346,439.8072799359265,437.9086171102104,438.59136962890625,50405200
2021-11-09,438.9561516297501,439.1899772416883,435.7387089260269,437.14166259765625,51149100
2021-11-10,435.45809321974474,437.14165472126496,432.1471431654352,433.6249084472656,69429700
2021-11-11,435.1120049244367,435.18684509775545,433.74647146457994,433.7651672363281,34848500
2021-11-12,435.02792355745805,437.5906434463924,434.08325883496656,437.038818359375,53466700
2021-11-15,438.32012144161854,438.47910686218404,436.06603927869656,437.1883850097656,46980500
2021-11-16,436.92650252909095,440.05040906326917,436.85169089743965,438.918701171875,48857500
2021-11-17,438.6568243884033,438.8345341273656,437.2351750198691,437.85247802734375,47858300
2021-11-18,438.88128203134477,439.601483135465,436.1689108233059,439.339599609375,50625600
2021-11-19,439.2274065320901,440.4713748786704,438.18923442659184,438.55401611328125,57315600
2021-11-22,440.42457739014736,442.9031231346711,437.11359877761777,437.3193664550781,72762000
2021-11-23,436.9919864914119,438.7503595623578,434.4012091306797,437.89923095703125,73206500
2021-11-24,435.9069721116596,439.1898922014139,435.0932637065793,439.06829833984375,61858800
2021-11-26,432.4277829370123,433.88685264976294,428.153443379823,429.27581787109375,112669600
2021-11-29,434.0457642896097,436.3746579851634,431.85716023659006,434.5414733886719,86268800
2021-11-30,432.10974551490875,434.0084084065052,425.84320748519656,426.0863952636719,148559600
2021-12-01,431.77301163649753,434.6069767536424,421.1573237370427,421.3537292480469,131939200
2021-12-02,421.5689512061459,429.3693714655688,421.17611155512066,427.8074035644531,127637800
2021-12-03,429.4628587252186,430.51972656716913,419.8760081618024,424.0848693847656,137331600
2021-12-06,426.61951391631123,430.9780267874127,424.2157797535011,429.107421875,98977500
2021-12-07,434.36381305031244,438.5446161321875,428.976461819127,437.9834289550781,95484700
2021-12-08,438.376262173592,439.592143920361,436.6272226459906,439.1431884765625,72238800
2021-12-09,437.8618166085867,439.24607444800387,435.98187817780683,436.17828369140625,61272600
2021-12-10,438.8719839338528,440.4339230591345,436.3279600988827,440.2842712402344,77159800
2021-12-13,439.76991547544293,440.11597285770756,436.10351686035926,436.3841247558594,87724700
2021-12-14,433.1291314907617,435.60767683597925,430.4728764280417,433.38165283203125,97264100
2021-12-15,433.4378558520737,440.39647953000116,430.9312236978613,440.1533203125,116899300
2021-12-16,441.9958353261995,442.27641461198965,434.7285178494483,436.27178955078125,116568600
2021-12-17,433.20542255890297,436.19952155606984,429.9297585264146,431.62860107421875,135511600
2021-12-20,426.5696462517917,427.4331314987916,423.43476458066107,427.0389404296875,107134800
2021-12-21,430.4460420910775,434.76355475782685,428.28730007942625,434.6227722167969,69806300
2021-12-22,434.3693368416024,439.0810403325154,434.17221265287645,438.9684143066406,58890200
2021-12-23,439.96328236392037,443.19202853023717,439.8600513958449,441.6996765136719,56439700
2021-12-27,443.07001273264143,447.9976015537163,443.0230947726751,447.95068359375,56808600
2021-12-28,448.382431076323,449.4054889482958,446.8243709664045,447.5846252441406,47274600
2021-12-29,447.6879323342068,449.17088949249677,446.69303086170095,448.1572265625,54503000
2021-12-30,448.57950388680786,449.5838002524032,446.4583137848695,446.918212890625,55329000
2021-12-31,446.4301930229222,447.5752433544864,445.5197611440757,445.79193115234375,65237400
2022-01-03,447.04960339482227,448.5044324704969,444.750079206989,448.3730163574219,72668200
2022-01-04,449.79032507237594,450.50366140781244,446.3738496168056,448.2228698730469,71178700
2022-01-05,447.85686371156027,448.62651310720656,439.522193776869,439.6160583496094,104538900
2022-01-06,439.15611548728646,441.9061724699496,436.8471675300687,439.2030334472656,86858900
2022-01-07,439.212494806085,440.38573041712436,436.11513560687246,437.4667053222656,85111600
2022-01-10,434.28484075797536,437.1381287170904,428.5594460975087,436.9222717285156,119362000
2022-01-11,436.65944664953486,440.995720027767,433.67471407606854,440.90185546875,74303100
2022-01-12,442.6289354105524,444.1400777496304,440.14168168092726,442.09393310546875,67605400
2022-01-13,443.1920935855011,443.83972192368026,434.97944444252323,436.00250244140625,91173100
2022-01-14,432.8676006358353,436.52808978679013,431.6568135400959,436.1808166503906,95890900
2022-01-18,431.50661955919577,431.71311015183727,427.34867984369737,428.4562072753906,109709100
2022-01-19,429.9954920501737,431.3845844979552,423.735095055278,424.0072937011719,109357600
2022-01-20,425.8844802762519,430.5680271579056,417.2025377031272,419.3143615722656,122379700
2022-01-21,418.1974030107011,420.5438737739102,411.05475975634477,411.0829162597656,202271200
2022-01-24,405.4983919140663,413.3356116835618,394.92050974188936,412.8287658691406,251783900
2022-01-25,406.4651000702844,412.7161024030997,400.9180390545414,407.78851318359375,167997300
2022-01-26,413.6546462199283,416.7707663219055,402.52297383173703,406.7654113769531,186391100
2022-01-27,411.34574456850135,414.4712312098772,403.0767833933203,404.7568359375,149878300
2022-01-28,406.10844039096463,414.85609154872685,401.5469143096676,414.8091735839844,164457400
2022-01-31,414.1427300497246,422.62757707476004,412.800555532894,422.2803039550781,152251400
2022-02-01,423.0030224285111,425.77186972605006,419.49271090214194,425.1336364746094,123155400
2022-02-02,427.52703339584536,429.98613051980317,425.2274802659756,429.263427734375,117361000
2022-02-03,423.2564492415284,425.15238749253155,418.33822656188164,419.173583984375,118024400
2022-02-04,418.9389343536051,424.9740508376599,416.57367327477516,421.1446228027344,118454400
2022-02-07,421.904914890702,423.2940075029743,418.4696776323214,419.7930908203125,84472900
2022-02-08,419.29559079665904,424.16686670467533,417.87831319896964,423.2470397949219,81012000
2022-02-09,427.26420999418116,429.76085856020444,427.06711445154485,429.4417419433594,92589900
2022-02-10,423.6224395175612,429.6012424004276,419.73669885351933,421.72650146484375,140103700
2022-02-11,421.8109911505724,423.87586832148435,411.98397004230856,413.4106140136719,153214600
2022-02-14,412.9038039524639,414.48062552290673,408.6050532231465,412.0590515136719,123006300
2022-02-15,416.4798044209463,418.8731931731084,415.96356366027453,418.7042541503906,88482700
2022-02-16,416.66754036033973,420.5439150243388,414.79975861551924,419.173583984375,84863600
2022-02-17,416.0011909472556,419.14546811188006,409.6188006839309,410.219482421875,102259100
2022-02-18,410.4728334127503,411.72117196742954,405.3012310451236,407.563232421875,132642900
2022-02-22,405.36698523466555,408.75527583891903,399.70726930226397,403.189453125,124391800
2022-02-23,406.08965770586263,406.6528164705641,395.47422526850164,396.0373840332031,132578000
2022-02-24,385.77862865421275,402.42920784966424,385.4219890905369,401.9974365234375,213942900
2022-02-25,403.22694222886923,410.9515349471028,401.58441255553527,410.8670654296875,121804500
2022-02-28,405.4983445727152,411.2894475933548,404.2500346060891,409.81585693359375,145615000
2022-03-01,408.3235351417943,410.32273316160007,400.8805068214816,403.57427978515625,137785900
2022-03-02,405.8175082648305,412.71613952126535,405.06664891646875,410.99853515625,117726500
2022-03-03,413.42005221055416,414.020733918867,407.1596546990393,408.9523620605469,105501700
2022-03-04,405.23554101174136,406.7560496342077,401.6032084928617,405.6297607421875,113978200
2022-03-07,405.04774297619673,405.751684155261,393.6063500543305,393.67205810546875,137896600
2022-03-08,393.85044666663845,400.97432894741854,389.62679900774907,390.6874084472656,164772700
2022-03-09,399.03152381738494,403.1331509298736,396.85399164926844,401.162109375,116990800
2022-03-10,396.57237407240876,400.24225827962516,394.6201227364952,399.3506164550781,93972700
2022-03-11,401.8284832426369,402.43856000737617,393.7660118820792,394.2728576660156,95636300
2022-03-14,395.0424799965583,398.4776882871235,390.255673493645,391.391357421875,95729200
2022-03-15,393.99124132149103,400.62706816648796,392.72416989957503,399.99822998046875,106219100
2022-03-16,403.48973577211655,408.92414137534934,398.7122961456911,408.8678283691406,144954800
2022-03-17,406.96256340055044,413.98321533203125,406.5871337484996,413.98321533203125,102676900
2022-03-18,412.3788587296018,418.8375640496455,411.6444865688326,418.5174560546875,106345500
2022-03-21,418.3479270869368,420.34391117574114,414.90201864341753,418.39501953125,88349800
2022-03-22,419.77904208379323,424.22294298577435,419.77904208379323,423.2908630371094,74650400
2022-03-23,420.76769294259685,422.2552571041615,417.7548676697066,417.839599609375,79426100
2022-03-24,419.8543815321978,424.1476383476217,418.7434134818091,424.1382141113281,64736900
2022-03-25,424.7690638457169,426.48260848847235,422.1987468815837,426.2095642089844,77101300
2022-03-28,425.61638352750333,429.2411804199219,423.73337514000565,429.2411804199219,68529800
2022-03-29,433.110769196489,435.04087012373685,430.43690060861235,434.55126953125,86581500
2022-03-30,433.4120635055574,434.2217721023706,429.76844665097167,431.8680114746094,79666900
2022-03-31,431.10541007140074,431.9245142006821,424.7690759011227,425.22100830078125,121699900
2022-04-01,426.79334974718194,426.93456965820747,422.8672925585049,426.4261779785156,89048800
2022-04-04,426.6238275552801,430.1827124889648,425.8047234508301,430.0791320800781,59601000
2022-04-05,428.59154184820875,431.0488540116193,423.5074249292268,424.6466369628906,74214500
2022-04-06,420.74892398348453,422.66957231264905,417.52896622528687,420.4005432128906,106898000
2022-04-07,419.52485288651064,424.3265300513527,417.58535653376873,422.5188293457031,78097200
2022-04-08,421.7656951059346,424.27010006715244,419.8544424687462,421.38909912109375,79272700
2022-04-11,418.13139944100146,418.9693519364392,413.68752738112,414.1865234375,89770500
2022-04-12,417.1617012912827,419.67553034639525,411.1078357022038,412.65191650390625,84363600
2022-04-13,412.40706356027755,418.1313961761753,412.22817547236576,417.3782043457031,74070400
2022-04-14,417.60422818757394,418.7152251179499,412.0776024456247,412.1811828613281,97869500
2022-04-18,411.2584985167614,414.02652350805334,410.128681843096,412.35064697265625,66002500
2022-04-19,412.24702736869455,419.7225732355812,412.0775635034835,419.0070495605469,77821000
2022-04-20,420.77703385456124,421.3890057859334,417.5382573839223,418.6962890625,65224400
2022-04-21,422.3022452526152,423.6862573902188,411.53143635114475,412.4352722167969,85417300
2022-04-22,411.35267818921,412.45422221313805,400.5536219043403,401.1185302734375,132471800
2022-04-25,398.8870627211197,403.6134030546147,394.33958173639525,403.4439392089844,119647700
2022-04-26,400.9207048061077,401.11844136754604,391.73164371973945,391.7598876953125,103996300
2022-04-27,392.83317570300943,398.1809410211438,390.7336398727966,392.8614196777344,122030000
2022-04-28,397.5877891116116,404.5078502485607,393.1721324210072,402.7848815917969,105449100
2022-04-29,398.81174915439897,400.9583775193331,387.155922896604,387.89971923828125,145491100
2022-05-02,387.96571223373144,391.59050980090655,381.3280891927511,390.2347412109375,158312500
2022-05-03,390.73370329446914,394.42438400889665,389.1801982351646,392.0235595703125,100028200
2022-05-04,392.6825612700032,404.52670026180385,389.5096966956075,403.9617919921875,144247900
2022-05-05,399.7155972479429,400.1392856315828,385.4894825550537,389.6038513183594,172929100
2022-05-06,387.0523990067409,390.53594745704976,381.996525832566,387.2783508300781,151770800
2022-05-09,381.40337111087143,382.63673935937004,373.30642894835574,374.8787536621094,155586100
2022-05-10,380.82908230261177,382.3260707592916,371.72475140081883,375.7449645996094,132497200
2022-05-11,374.7845967667288,380.4053781846459,369.03199096468177,369.7757873535156,142361000
2022-05-12,366.5935320489902,372.647397923669,362.62038267397736,369.3898010253906,125090800
2022-05-13,373.50412408755506,379.59565742635624,372.46846371843355,378.2210693359375,104174400
2022-05-16,376.58291071803427,380.3395037850034,374.34212582460293,376.68646240234375,78622400
2022-05-17,382.74975778186996,384.67043467849845,379.0308041498714,384.43505859375,83029700
2022-05-18,379.8969587790726,380.17939855656863,367.7044674442447,368.9378356933594,117674500
2022-05-19,365.8873321136663,371.08445332431154,364.4656516763447,366.6781921386719,98510700
2022-05-20,370.2465279725012,373.80541271191623,358.2800175928373,366.8382873535156,131432200
2022-05-23,369.851096171746,374.46448991142154,367.5444280343373,373.7018737792969,76414900
2022-05-24,369.59687394240024,372.03536628996494,364.3244448543885,370.8490905761719,91448800
2022-05-25,369.3615399815034,376.0838942993882,368.96612427599865,374.12554931640625,91472900
2022-05-26,375.34950112064234,383.2298868677585,375.14236904234315,381.60107421875,82168300
2022-05-27,384.0489633714319,391.08200055963175,383.85125554393176,390.9690246582031,84768700
2022-05-31,389.35905760743515,392.0988383279228,386.04497310590705,388.77532958984375,95937000
2022-06-01,390.8843163808003,391.89170405110434,383.1263021350257,385.6307067871094,86585800
2022-06-02,385.4707269388475,393.02158154719785,383.2299419693613,392.9745178222656,79609600
2022-06-03,388.276330523708,389.8204112199368,385.5553982972068,386.525146484375,71874300
2022-06-06,390.517114758432,392.2400548190691,386.5345416096812,387.7020263671875,57508900
2022-06-07,384.22788209472355,391.8728918468309,383.76652548386954,391.42095947265625,59272400
2022-06-08,389.7168739200945,391.496330865678,386.37454509732197,387.1654052734375,64350000
2022-06-09,385.3953672474794,387.65497182412037,377.9574890136719,377.9574890136719,86289800
2022-06-10,371.78117890548924,372.6285269294592,366.9512578167044,366.9983215332031,132893900
2022-06-13,357.63041909690946,359.4757595056047,351.4635486063113,353.0641174316406,170004900
2022-06-14,354.8058760643675,355.8321122307695,348.91205036955256,352.00018310546875,104011800
2022-06-15,355.2860394664343,361.4434854707774,350.352566259201,357.0184326171875,125666800
2022-06-16,348.8367050199727,349.24154490080923,342.78281161668144,345.2024841308594,134473300
2022-06-17,345.61569795995496,349.2750534571848,342.4574939856124,345.9466247558594,111113900
2022-06-21,351.6485465469434,356.0359826472647,351.57288467855716,354.65545654296875,76811900
2022-06-22,350.4475684991193,358.10670044343743,350.0315148923091,354.01239013671875,90059400
2022-06-23,356.1399405915164,358.2107149131913,352.594048691356,357.4826354980469,79292100
2022-06-24,360.6408080172429,368.85782309929124,360.61244203879954,368.8483581542969,98050300
2022-06-27,369.76564197484305,370.05876676666566,366.352143463888,367.4395446777344,66009600
2022-06-28,368.99025938902804,371.7607760766396,359.8182072157404,359.9316711425781,86548900
2022-06-29,360.48012203098745,361.46349531064214,357.8230692449071,359.6385498046875,65676000
2022-06-30,355.76176056378404,359.94119868727216,352.282064871728,356.716796875,112508300
2022-07-01,356.0642664574983,360.9245159721641,353.45448087489706,360.4895324707031,74839700
2022-07-05,355.4214393731001,361.18943160820754,352.60362576144337,361.1705017089844,81438000
2022-07-06,361.31220220280136,364.8675591963436,358.93883808157653,362.3901672363281,70426200
2022-07-07,364.15839292566767,368.61202540572873,362.4090803527021,367.8177490234375,64525900
2022-07-08,366.191374892305,369.37797430776754,364.66901900062675,367.51519775390625,72397800
2022-07-11,364.84865422697527,365.81312646509326,362.62655612996804,363.31683349609375,58366900
2022-07-12,362.76841613095786,365.14180928001315,358.36205049936086,360.1018981933594,62219200
2022-07-13,354.68379199729,361.1325950360605,354.2677383266244,358.21075439453125,84224600
2022-07-14,353.27487695591316,358.4187870987838,350.84478066367626,357.3408508300781,89704800
2022-07-15,361.7282870982627,364.2813411355363,359.82770841913714,364.1678771972656,79060400
2022-07-18,367.24102796860734,367.91237558829357,359.94121554632426,361.1610107421875,63203600
2022-07-19,365.06610164986904,371.4865379218226,364.41368409588983,370.919189453125,78506000
2022-07-20,371.1083094752707,374.6920322047229,369.74668471412105,373.2831115722656,71843800
2022-07-21,372.70635127041953,377.13161760377886,370.31405726547354,377.0843505859375,64903900
2022-07-22,377.2072777513435,378.3986778470548,371.37309072029717,373.5857238769531,72197300
2022-07-25,374.20986877217916,374.89068131119404,371.80810941835625,374.0396728515625,53631500
2022-07-26,372.40385940400023,372.6118862789374,368.72560143928735,369.61444091796875,52946400
2022-07-27,372.895505992854,380.95179241182774,372.6023811811029,379.2119445800781,82342100
2022-07-28,380.0156283887417,384.6583576476985,376.47917243204495,383.9681091308594,73966600
2022-07-29,385.3959148037413,390.5492896244354,384.630004404881,389.5658874511719,87003700
2022-08-01,386.8805020677419,390.90864514857856,386.17132357359725,388.4123229980469,69997500
2022-08-02,386.85212626915603,390.5209475361801,384.6773238182315,385.8498229980469,63435400
2022-08-03,387.96791512064965,393.0550936237523,387.68425525698314,391.8920593261719,67820600
2022-08-04,391.81635523733325,392.4971676933185,389.9914096457841,391.62725830078125,45656600
2022-08-05,387.362738241362,391.60834410065166,387.3060062724685,390.9653625488281,56814900
2022-08-08,392.64847494128367,394.8894742630945,389.41460845921597,390.511474609375,53886100
2022-08-09,389.78342737869485,390.2845790454968,387.8922846576991,388.9607849121094,44931800
2022-08-10,395.98626864703226,397.2722603631877,394.0383944672068,397.1304016113281,68665700
2022-08-11,399.9671149438748,401.82045509784757,396.3928572991276,397.1304016113281,59489700
2022-08-12,399.0594018073081,403.9574535679473,398.1138306323642,403.85345458984375,61694500
2022-08-15,401.6502867542093,406.03775117563913,401.593554788117,405.5176696777344,54048300
2022-08-16,404.44920466821014,408.2314897011034,403.6454633274114,406.3119812011719,59289000
2022-08-17,402.7282040772565,406.1228009765339,401.4327762441567,403.42791748046875,63563400
2022-08-18,403.6265587430193,405.28130854866936,402.34059560234215,404.60052490234375,49023200
2022-08-19,401.8488709739081,402.1136297635589,398.29351392155985,399.1634521484375,68016900
2022-08-22,394.3504330682569,394.52065780471906,389.9535330310516,390.8518371582031,77695600
2022-08-23,390.4263331221916,392.8091909558706,389.3578330753806,389.9062805175781,49105200
2022-08-24,389.67939265365226,392.51610668513507,388.9986089883818,391.1545104980469,49177800
2022-08-25,392.6389975097295,396.7238722445992,391.551596341063,396.6766052246094,50942300
2022-08-26,396.56310898909396,397.1020626279462,383.1927187216093,383.24945068359375,103087000
2022-08-29,380.30874334599116,383.7506074648165,379.3631721580166,380.71533203125,65370800
2022-08-30,381.8689548878579,382.1053477002366,374.44621480785787,376.5359191894531,85652400
2022-08-31,378.16230081283413,379.4009968343616,373.53847243354284,373.67083740234375,76029700
2022-09-01,371.5055182868605,375.1837756026024,368.8106343368199,374.8433837890625,78740100
2022-09-02,378.4933325877982,379.7036628695056,369.08488527338466,370.89093017578125,99632100
2022-09-06,371.7324237676469,372.6685300550319,367.2787913361997,369.4914245605469,76637400
2022-09-07,369.1794089387667,376.89527448554435,368.96194600017765,376.1293640136719,70964200
2022-09-08,373.86940805077325,379.0416547769603,372.6685141668355,378.5877990722656,80821700
2022-09-09,380.81934883699086,385.329742082949,380.5545900462263,384.4692687988281,76706900
2022-09-12,386.5306673178505,389.32011442970696,386.2280775508701,388.6014709472656,69256300
2022-09-13,379.95895213306545,381.159846308233,370.5883647267278,371.7041320800781,122947100
2022-09-14,372.9994466237355,374.6352950749649,369.8317775514849,373.12237548828125,85023700
2022-09-15,371.57161846360935,374.4083318177175,367.6191381157885,368.8861999511719,87633800
2022-09-16,364.7238414484203,366.72717860017747,362.79641901083147,366.0720520019531,103084800
2022-09-19,362.9388950406954,368.91094970703125,362.86292236913584,368.91094970703125,73278500
2022-09-20,365.5973034872937,366.60372391938756,361.9324194562877,364.67633056640625,77274900
2022-09-21,366.5941948401459,369.63246357967904,358.30546809821095,358.3149719238281,106746600
2022-09-22,357.5459685886099,359.17903334074293,354.564693142615,355.3052673339844,89472600
2022-09-23,351.8491550778172,351.887141405295,344.92764635528243,349.35211181640625,122346900
2022-09-26,347.88994974224795,351.4978686011886,344.68078591741266,345.8960876464844,92581200
2022-09-27,349.41864254939213,351.6783515332495,342.63004074479505,345.01318359375,108294100
2022-09-28,345.9626120741058,353.48228367645163,344.2725823827886,351.8017578125,110802200
2022-09-29,348.26980398508965,348.55462907314757,341.51918862235004,344.4530029296875,112952300
2022-09-30,343.51297496490554,347.4152519853497,338.9935866635343,339.1264953613281,153711200
2022-10-03,342.82934672559077,349.92177979795235,341.0538697447387,348.079833984375,89756500
2022-10-04,353.57721811383504,358.8941746443229,348.04190536505,358.8656921386719,103602800
2022-10-05,354.5171835950493,360.2803561426698,352.2005099841954,358.0301513671875,88065700
2022-10-06,356.6344579970455,359.57777574073987,353.8430566051313,354.3367919921875,82333500
2022-10-07,350.32063154436236,354.4222866629077,342.6965042864364,344.4530029296875,107789500
2022-10-10,345.56382461416007,345.8011884953058,339.5917702265936,341.8229675292969,76042800
2022-10-11,340.1329308775536,344.68083086003986,337.7308096086358,339.658203125,92482800
2022-10-12,340.066449523059,341.63304512033494,338.29094360606194,338.5378112792969,76991800
2022-10-13,331.5593165001294,348.9343679346623,330.5149097513193,347.4721984863281,147254500
2022-10-14,349.9218097110879,351.54539946318886,338.91762404448093,339.55377197265625,123737000
2022-10-17,345.6113290586685,349.380668806043,339.22148268311986,348.279296875,93168200
2022-10-18,356.1692206517508,356.4730533438476,348.94384975105197,352.37139892578125,97162900
2022-10-19,350.33955250549025,353.05501012296355,347.0734234834684,349.87432861328125,79746900
2022-10-20,349.42812063236454,353.8336082385052,346.18096994205536,346.9405517578125,88283100
2022-10-21,346.6652440334436,355.855967817592,345.1651168479461,355.37176513671875,131038400
2022-10-24,356.89088616369844,360.85009986477286,354.2513717295342,359.7202453613281,85436900
2022-10-25,359.6442798008037,365.77775460734784,359.5303497695806,365.4644470214844,78846300
2022-10-26,362.3311001679306,367.9898452246375,362.0747576869058,362.71087646484375,104087300
2022-10-27,363.70792288491305,365.54036503352893,360.15693963581714,360.77410888671875,81971800
2022-10-28,360.66966547964233,369.83190549665636,360.4892666119688,369.357177734375,100302000
2022-10-31,366.9075331139263,368.7684575139983,365.7871827386335,366.68914794921875,96631300
2022-11-01,370.42055862920466,370.65792248879427,363.91678308143315,365.0845947265625,85407600
2022-11-02,364.4959449170633,368.9868796691869,355.8179370887984,355.92236328125,126990400
2022-11-03,352.69424875731005,355.2862727989772,350.1497148774445,352.25750732421875,87100100
2022-11-04,357.9446853802761,359.72016234018145,351.2984975880694,357.3275451660156,103505200
2022-11-07,358.61883592099326,361.3342937720169,356.5490298438672,360.7456359863281,68286900
2022-11-08,361.8469263692216,365.654251719313,358.62828769445593,362.69195556640625,84641100
2022-11-09,360.72658686650783,361.87544877434425,354.7260217229651,355.2197570800781,78495500
2022-11-10,368.4361720364201,375.07288526749676,366.1480099232559,374.7405700683594,141455800
2022-11-11,375.59513065911824,379.1650929237687,373.7151981734616,378.3675537109375,93839900
2022-11-14,376.6110037402308,379.953076506213,374.873484033921,375.1488342285156,71903500
2022-11-15,380.8741272772188,381.9754993055537,374.5507491865699,378.34857177734375,93194500
2022-11-16,376.7249517855088,377.67440728463805,374.8355446142679,375.4621887207031,68508500
2022-11-17,370.7244135980539,374.98748880867356,370.420609836842,374.3133544921875,74496300
2022-11-18,377.6363779885907,377.7028468199875,373.17395503541496,376.0128173828125,92922500
2022-11-21,374.693181084185,375.8135317656495,372.8132485190349,374.64569091796875,51243200
2022-11-22,376.58254674649424,379.84867604647417,375.1773421488015,379.687255859375,60429000
2022-11-23,379.3548727958851,382.5640365089202,379.12701278433445,382.079833984375,68261600
2022-11-25,381.5197180169349,382.54514625609033,381.2443967643648,381.99444580078125,30545400
2022-11-28,378.9182180421719,380.5512827733344,375.13937446161043,375.8989562988281,67881600
2022-11-29,376.0317967820062,377.21861602317534,373.420794451434,375.2532653808594,52310000
2022-11-30,375.50014044810706,387.0740051269531,373.5917546265289,387.0740051269531,144566700
2022-12-01,388.1088513992117,389.27669190595753,384.29205133886904,386.78912353515625,76398200
2022-12-02,381.91849025775207,387.24492191924827,381.8140640565856,386.34295654296875,85342700
2022-12-05,383.5325239499222,384.4629717064349,378.04467284641726,379.39288330078125,77289800
2022-12-06,379.23152341918535,379.7726910257881,371.8447608883039,373.9240417480469,77972200
2022-12-07,373.0790519775326,375.64259345528575,372.15807896997796,373.2879333496094,65927900
2022-12-08,375.16787185342383,377.27563531293924,373.3923656741001,376.2122497558594,60737900
2022-12-09,374.977955065578,377.52248883512004,373.2784216185342,373.40185546875,81447700
2022-12-12,374.18985811549396,378.7852478027344,373.52525671285184,378.7852478027344,75405800
2022-12-13,389.4856883640399,389.7420309522311,378.8992639208041,381.6526794433594,123782500
2022-12-14,381.3108436618965,385.0042397963437,376.27874065040004,379.2125549316406,108111300
2022-12-15,374.370219395207,375.2722135351641,368.2842363195607,369.936279296875,117705900
2022-12-16,367.39063871161915,368.7259745587609,363.4418577702044,365.56884765625,119858000
2022-12-19,365.759577222778,366.0934184203677,360.8092731762787,362.4689025878906,79878100
2022-12-20,361.71537858126663,364.5768244170576,360.3991088395016,362.9648742675781,74427200
2022-12-21,365.5497400834467,369.5176155105315,365.0156058055829,368.3921203613281,78167400
2022-12-22,365.35900443658744,368.37306481720873,357.4614135029072,363.1366271972656,100120900
2022-12-23,362.1160465590039,365.36856088727086,360.5708701156697,365.2254943847656,59857300
2022-12-27,365.111034770745,365.4543943707275,362.11604019958503,363.78521728515625,51638200
2022-12-28,363.7183387862585,365.6832248851814,359.03513175167194,359.2640380859375,70911500
2022-12-29,362.09689269287287,366.59890189536134,361.5722768337163,365.7309265136719,66970900
2022-12-30,363.0603000709137,364.91067512789425,360.9523471240934,364.7676086425781,84022200
2023-01-03,366.61802772104494,368.5828851543406,360.38006673429567,363.23199462890625,74850700
2023-01-04,365.48296463530903,368.05827776448973,362.4498387600588,366.03619384765625,85934100
2023-01-05,364.0904759379737,364.2049291476229,361.26719003677556,361.8585510253906,76970500
2023-01-06,364.93930570815047,371.27265410068173,361.8871138136949,370.15667724609375,104189600
2023-01-09,372.3408937056104,375.5171151232303,369.76560972422254,369.9468078613281,73978100
2023-01-10,369.36506683387347,372.6080338391923,368.43031712835244,372.541259765625,65358100
2023-01-11,374.1150200893582,377.32937328940335,373.3042711879849,377.2530517578125,68881100
2023-01-12,378.3499708858858,380.08589280712,374.2962553998828,378.6265563964844,90157700
2023-01-13,375.4408650484913,380.66778464278104,375.1737978638569,380.0954895019531,63903900
2023-01-17,380.07639986503904,381.74557694149377,378.7219690868492,379.399169921875,62677300
2023-01-18,380.5818589835857,381.64058001364293,373.20885610361194,373.4091491699219,99632300
2023-01-19,371.3775761257745,373.0181398927505,369.3745869323046,370.69085693359375,86958900
2023-01-20,372.08338384027553,377.749049499946,370.44282022993093,377.596435546875,91806400
2023-01-23,378.3975929821439,384.05371051595347,377.4437777174287,382.12701416015625,84178800
2023-01-24,380.4579061003212,382.6230566629975,379.2751842732551,381.7169494628906,59524900
2023-01-25,377.66323376967637,382.19385709358215,375.38360090426846,381.8600158691406,84800300
2023-01-26,384.5115864864833,386.21892411230044,381.55475308151983,386.0567626953125,72287400
2023-01-27,385.01712054618537,389.3092897646847,384.80727999784443,386.9438171386719,68346200
2023-01-30,384.196790848311,386.4191967958499,381.79318677341877,382.0888671875,74202000
2023-01-31,382.60399077183433,387.7545883082666,382.260602078399,387.7069091796875,86811800
2023-02-01,386.495567469355,394.56486749175457,383.7676691333913,391.827392578125,101459200
2023-02-02,395.6998505537126,398.990525390848,393.811314654258,397.53118896484375,101654500
2023-02-03,392.5808161913244,397.71234690587056,392.1039085651864,393.30572509765625,94736800
2023-02-06,390.86399847100074,392.2947214888418,389.25204820891577,390.9021301269531,60295300
2023-02-07,389.9864375049832,397.254505069358,388.7464893203908,396.0145568847656,90990700
2023-02-08,394.0497990721952,395.3851349400619,390.9975778529523,391.684326171875,76227500
2023-02-09,395.2706317979571,395.42324575045114,387.067813777245,388.2886962890625,78694900
2023-02-10,387.115514984604,389.57637508525863,386.304795158678,389.1948547363281,70769700
2023-02-13,389.84347361138623,393.8971894997695,389.38563169094465,393.7636413574219,64913500
2023-02-14,392.24703262517374,395.8810669412816,389.6431352333331,393.5823974609375,88389300
2023-02-15,391.39817989035606,394.9368270971994,390.5588176281302,394.86053466796875,61555700
2023-02-16,389.91022227936105,393.8399372390062,389.2902480643342,389.42376708984375,76431500
2023-02-17,387.3063070107498,388.6893510840452,385.38912860346915,388.4508972167969,89257800
2023-02-21,384.4448207915137,385.4940235203808,380.40065293639157,380.6581726074219,82655900
2023-02-22,381.06832644021057,382.60398440393413,378.68378788820354,380.13360595703125,83742300
2023-02-23,383.0140675924474,383.6245233532482,377.94931070384274,382.1556396484375,96242400
2023-02-24,377.1577095966057,378.90317902341906,375.45991929796907,378.0733642578125,108194400
2023-02-27,381.4021421594611,382.7565727740271,378.42624290281987,379.3609924316406,80444700
2023-02-28,378.884186684555,380.839497049257,377.85404952126567,377.958984375,96438600
2023-03-01,377.1481328157973,378.36901530523187,375.21188881048784,376.5090637207031,99706800
2023-03-02,374.5441486703451,380.2765873816421,374.2103075261162,379.4372253417969,85127800
2023-03-03,381.2495104460485,385.7706148212673,380.6009230194376,385.5226135253906,90120000
2023-03-06,386.3429340367841,388.6321143894144,385.35098693265746,385.78973388671875,72795900
2023-03-07,385.74202541995913,385.9804792628776,379.2656108960152,379.87603759765625,108310600
2023-03-08,379.99048126599143,381.2494953064361,378.27359630662346,380.4960021972656,74746600
2023-03-09,381.27809275015903,382.9377510527006,372.49346258548985,373.47589111328125,111945300
2023-03-10,372.93231453200684,375.00210698292204,366.57038142194835,368.0869445800781,189253000
2023-03-13,364.17622313398334,372.3599748381927,363.06979387547824,367.562255859375,157790000
2023-03-14,372.46485827708165,375.27862493164645,369.1741839934809,373.6380615234375,149752400
2023-03-15,368.06778985522413,371.50150155324764,365.9884504368566,371.30120849609375,172996900
2023-03-16,368.9549315868622,378.1592456618237,368.4494105185253,377.81585693359375,143254200
2023-03-17,376.49072469808146,377.62051539098667,372.019393803673,373.39813232421875,140553400
2023-03-20,374.17366441642594,377.4003145707897,373.47474047713115,376.98858642578125,93055800
2023-03-21,380.33963500083723,382.41732640991324,378.75025527455585,381.9385986328125,91524200
2023-03-22,381.7663294027596,385.3663430375663,375.3896708071276,375.4279479980469,111746600
2023-03-23,378.28116967824513,382.3024953130758,373.7428390023417,376.44287109375,119351300
2023-03-24,375.16943071668686,378.99925344252387,372.833236516388,378.9130859375,107682400
2023-03-27,381.1821781326801,381.94816006250136,378.7310943956981,379.62152099609375,74010400
2023-03-28,378.9322213165427,379.62159057011246,376.9407263724681,378.76947021484375,62871700
2023-03-29,382.9151805733512,384.5141441543579,381.7183611687493,384.2747802734375,77497900
2023-03-30,386.89823380236453,387.14718161102934,384.66737508830965,386.52484130859375,69840000
2023-03-31,387.4440026260915,392.26958723104974,387.3386673117375,391.9727783203125,112062600
2023-04-03,391.4557982166426,393.8685762431014,391.0632378438243,393.4664611816406,67391100
2023-04-04,394.1078626707281,394.3951168773612,389.9142025392246,391.28338623046875,66601500
2023-04-05,390.555750574138,391.3121487439596,388.612116709327,390.2589416503906,65200200
2023-04-06,389.4642553207361,392.05898137720516,388.4206320852357,391.78131103515625,63743300
2023-04-10,389.31104357827485,392.26002346239954,388.69828713147245,392.18341064453125,63681000
2023-04-11,392.80576103470116,393.6866038625685,391.5227739807362,392.2887268066406,59297900
2023-04-12,394.34727662483084,394.6345308679278,390.1057548634186,390.6897888183594,86420400
2023-04-13,391.771718270874,396.2334653614746,390.63234364464273,395.87921142578125,85814800
2023-04-14,395.2472246625358,397.43022215552446,392.614221890679,394.912109375,78161500
2023-04-17,394.82598073584927,396.348331709265,393.600438675659,396.3291931152344,66436400
2023-04-18,397.89941712105417,398.0334749409728,395.21855291496564,396.58770751953125,63560000
2023-04-19,394.6823328652232,397.4206417468214,394.6248878690516,396.5206604003906,55227300
2023-04-20,393.7153338921518,396.0994183553833,392.815323233928,394.3568420410156,75840400
2023-04-21,394.6536241017087,395.1227679931791,392.71957431843055,394.6632080078125,73457400
2023-04-24,394.462104556598,395.4961729182456,393.1312565298119,395.07489013671875,64332100
2023-04-25,393.1121702739636,393.6675109735628,388.74617437711476,388.8036193847656,97766700
2023-04-26,389.4163487256269,390.48869433886614,386.6014268812606,387.15673828125,80447000
2023-04-27,389.6844798717997,395.13240528174725,389.43553203327593,394.86431884765625,92968400
2023-04-28,393.9834220992783,398.2441114946902,393.9259770969372,398.2345275878906,89433100
2023-05-01,397.7940910544224,399.85261481140054,397.6025882410736,397.8323974609375,62122300
2023-05-02,397.1238469456253,397.1717372569502,390.4695480864417,393.3610534667969,103998500
2023-05-03,393.85893960371277,396.2621626197753,390.42167734881843,390.6610412597656,91531800
2023-05-04,389.6174209347764,389.94295234971383,386.56313507144216,387.8940124511719,94901900
2023-05-05,391.51315430513483,396.1185131848387,391.2546518243353,395.07489013671875,87891800
2023-05-08,395.4004621354889,395.6589646428425,393.7823597445963,395.18023681640625,50046800
2023-05-09,393.6387073887216,394.5578565410412,393.21742460657003,393.44720458984375,49220100
2023-05-10,396.2717922718493,396.9037165760063,391.47492959256664,395.2856140136719,96142900
2023-05-11,394.4238259021145,394.8833858662675,392.5280533923099,394.5961608886719,70157100
2023-05-12,395.83132277822824,396.04196418738917,391.6663849084535,394.07916259765625,70481500
2023-05-15,394.68235310668433,395.8408662145273,392.7770257910844,395.4387512207031,54289400
2023-05-16,394.3377239129425,395.2569025004922,392.78665022289584,392.7962341308594,57705500
2023-05-17,394.80685403141115,398.16750358670436,393.16961300605146,397.5643310546875,87287000
2023-05-18,397.2483654807399,401.8154478860798,397.02816936927354,401.3941650390625,97177200
2023-05-19,402.29416293584904,402.82075186824875,399.5941309256764,400.8100891113281,103793300
2023-05-22,400.82922685915275,402.50477416103354,399.5941009523831,400.97283935546875,60745400
2023-05-23,399.33556115944674,400.90580233866484,396.080218025508,396.4727783203125,86383500
2023-05-24,394.8739269391117,395.2569034085214,392.44198106855094,393.6004943847656,89213700
2023-05-25,397.0951701927873,398.4547701518932,394.8643112540631,397.0090026855469,90961600
2023-05-26,397.6600131701632,402.8685738627077,397.58342958022524,402.1504821777344,93830000
2023-05-30,404.0749484428724,404.60153728662965,400.92491162792754,402.30364990234375,72216000
2023-05-31,400.4845749210063,401.38458562978974,398.5122184875182,400.0728759765625,110811800
2023-06-01,400.3026119453019,404.9271388982078,399.05793134165066,403.8739318847656,88865000
2023-06-02,406.43990546910896,410.4995078956091,405.9133165725639,409.71441650390625,91426200
2023-06-05,410.0591119636998,411.34209905139056,408.23036813311154,408.9293212890625,65460200
2023-06-06,408.5176374533879,410.3463521322916,407.86654536905576,409.81976318359375,64022200
2023-06-07,410.2123152273252,411.3421059208301,407.9814271228122,408.4027099609375,85373300
2023-06-08,408.46979292453574,411.32302175682224,407.70383996434606,410.8730163574219,61952800
2023-06-09,411.66764397898567,413.6112778783288,410.6240207738437,411.6101989746094,85742800
2023-06-12,412.58688157135737,415.42094266361005,411.868789694591,415.3443298339844,76104300
2023-06-13,416.7995935234062,418.72405947829276,416.13894679853814,418.08258056640625,95899700
2023-06-14,418.41769324198367,420.38046559122165,415.1431821385499,418.5804443359375,100612100
2023-06-15,417.7666315386717,425.0145781797127,417.6709093443267,423.7698974609375,110303100
2023-06-16,425.7475863594146,426.3145800008913,421.85549893581907,422.3263854980469,114165800
2023-06-20,420.3948375467811,421.2789524290957,418.0691749032241,420.1353454589844,76160400
2023-06-21,419.1551327247259,419.9527600379521,417.3964637735576,417.9826965332031,76982300
2023-06-22,417.0312964707104,419.59718287065334,416.69493630245177,419.4914855957031,70637200
2023-06-23,416.051016626355,418.0979773634387,415.60895921346514,416.3200988769531,92074500
2023-06-26,415.75309747622674,417.66550238868285,414.3788570549921,414.6191101074219,72823600
2023-06-27,415.493629733563,419.77973592551575,415.0419528273242,419.1647033691406,72813700
2023-06-28,418.0883469905335,420.3851802319676,417.47331443133595,419.3761291503906,75636000
2023-06-29,418.96288231167824,421.1924377171977,418.559273599848,421.029052734375,67882300
2023-06-30,424.22917780363866,426.9776582936569,423.9120273915526,425.9974365234375,104964000
2023-07-03,425.65153394679413,426.7662822836005,425.37283219871017,426.48760986328125,32793400
2023-07-05,424.68095735255156,426.583772301917,424.6713378444769,425.8533935546875,58418400
2023-07-06,422.28804318773945,422.94152452145863,420.02003888020397,422.5186767578125,80658300
2023-07-07,421.5287406529986,425.38240854551253,421.2115902375523,421.45184326171875,86134200
2023-07-10,421.0963679775693,422.6916519353673,420.5293742326275,422.5186767578125,62443500
2023-07-11,423.27782759435644,425.69956773672544,422.3071959049608,425.2094421386719,64463800
2023-07-12,428.9862143541203,430.03371404566207,427.5639058584264,428.630615234375,91924500
2023-07-13,430.4373699947139,432.8206908722752,430.0049320898392,432.03265380859375,72425200
2023-07-14,432.9168373466267,433.7625035467968,431.00440290074886,431.76361083984375,69815800
2023-07-17,431.6194032211896,434.3102255823968,431.5713350157398,433.2627258300781,52680200
2023-07-18,432.93600974084484,437.12600898753516,432.5035425061128,436.4821472167969,80668200
2023-07-19,437.27022513718515,438.63484620812557,436.4052905869127,437.45281982421875,65891700
2023-07-20,436.4629102357604,437.35664451536627,433.8393364531686,434.55047607421875,70591600
2023-07-21,436.2610765640321,436.4629102357604,434.54088589539646,434.55047607421875,71275600
2023-07-24,435.6940732292396,437.298976422026,434.6657831913127,436.4917297363281,54023400
2023-07-25,436.2226826187103,438.93271480747865,436.1746144107411,437.68341064453125,55191200
2023-07-26,436.7512104988631,439.17295065598853,435.7037107326863,437.75067138671875,71052900
2023-07-27,441.12379698695344,441.5274350037331,433.94503488324995,434.848388671875,92194400
2023-07-28,438.1062519781901,439.93216931576706,434.8484065015939,439.105712890625,80011800
2023-07-31,439.5766136336967,440.2973728160184,438.26962173264826,439.9418029785156,62040400
2023-08-01,438.4809971458083,439.42279959796593,437.7314088521361,438.6828308105469,55291500
2023-08-02,435.5787056453417,435.83816833726377,431.8307645676685,432.5803527832031,93933400
2023-08-03,430.5719307015857,433.21471435225743,429.92803959884134,431.3407287597656,64276100
2023-08-04,433.14742331097347,435.2424228845315,428.87090725675444,429.3898620605469,100128900
2023-08-07,431.2157929076751,433.2915828601554,430.523862923515,433.1378173828125,58357500
2023-08-08,430.610350839472,433.1282275391779,427.90990879603123,431.2542419433594,71361300
2023-08-09,431.5233041246725,431.6866891018031,427.61197745800644,428.3711853027344,78789600
2023-08-10,430.71610074530616,434.08926326921943,427.3621772369706,428.5249938964844,93005500
2023-08-11,426.6605919753528,429.28416586620887,426.06476909769503,428.27508544921875,68690900
2023-08-14,427.3621343832933,430.63916015625,427.0546034425639,430.63916015625,47867400
2023-08-15,428.87090781167177,429.22650696420783,425.0556881700834,425.6227111816406,75707500
2023-08-16,425.2094830101528,426.8624252963623,422.39372408289853,422.49945068359375,80107200
2023-08-17,423.9601849698295,424.21964772988474,418.76110496657503,419.2800598144531,95711300
2023-08-18,416.4738690425287,420.510132174717,416.1279187140494,419.4818420410156,98852000
2023-08-21,420.4909004571907,422.95108948384575,418.34786189824484,422.21112060546875,68719000
2023-08-22,423.9794015102556,423.9794015102556,420.51016116793335,421.0675354003906,64994200
2023-08-23,422.12460773274086,426.37229454971487,421.98046176867535,425.7572326660156,68441000
2023-08-24,427.35254280721006,427.861878130185,419.82780041318796,419.8566589355469,88517300
2023-08-25,421.5767535450871,424.09460039073576,418.04023628597395,422.81646728515625,102325100
2023-08-28,424.99802710166506,426.1128047760357,422.8165399597136,425.4977722167969,61595400
2023-08-29,425.3920253511655,431.92692561420495,425.20943069514846,431.6482238769531,83081900
2023-08-30,431.9846290752829,434.0604190699575,431.2830795696017,433.4261474609375,69053900
2023-08-31,434.0411436980902,435.17513102782067,432.6092449398333,432.7918395996094,66084600
2023-09-01,435.50196656557677,435.98247272624644,432.1480136212197,433.5991516113281,58944100
2023-09-05,433.15708696932927,433.4742081258921,431.6579101191323,431.72515869140625,55166200
2023-09-06,430.91784492057485,431.0235715081806,426.50680264350075,428.8228454589844,70758500
2023-09-07,425.83404463977024,428.17891643888026,425.4880943715873,427.5062255859375,70355400
2023-09-08,427.5543845606723,429.67821362208633,427.1988146870158,428.15020751953125,61659700
2023-09-11,430.76410870034374,431.27344400453364,429.06312762659996,430.9659423828125,60180100
2023-09-12,429.524338269676,431.04272437190747,428.0251618500389,428.60174560546875,67565400
2023-09-13,428.8228607530232,430.25475953176647,427.72729277869223,429.1015625,60199300
2023-09-14,431.56176797941515,433.4933826135289,430.2643956069254,432.80145263671875,83430800
2023-09-15,431.2227284727568,431.5506216241027,427.15295081713646,427.5869140625,111848900
2023-09-18,427.2783073434339,429.12997218957395,426.80575976702727,427.8376770019531,55752200
2023-09-19,426.92150856778005,427.50980914474906,424.2790562688864,426.950439453125,66514600
2023-09-20,428.20413300123477,428.61881878957314,422.8227534657827,423.0252990722656,82562600
2023-09-21,420.1899872517448,420.45036521142913,415.8791088874586,416.0334167480469,104095800
2023-09-22,417.05566583396023,418.64692328267273,414.6832156713709,415.0979309082031,100829700
2023-09-25,413.89246826227424,416.88209127104136,413.45847553843805,416.8435363769531,70874500
2023-09-26,413.81523500166236,414.5192590302796,409.8901119465823,410.7195129394531,96168400
2023-09-27,411.8864702649676,412.44583993852024,407.257352172029,410.88348388671875,104705800
2023-09-28,410.33377256481566,414.93395949847536,409.7454720420047,413.2655334472656,92258300
2023-09-29,416.30341993440965,416.47700522910236,410.7484550545368,412.2625732421875,115111300
2023-10-02,411.4331930512835,413.34271968319354,409.35008111589474,412.0986328125,83798600
2023-10-03,409.92872106622235,412.15648738227026,405.2224344904491,406.5822448730469,103760600
2023-10-04,407.0451406977265,410.28551714342467,405.588884325945,409.5429382324219,87453000
2023-10-05,409.25364146047264,410.22769695288724,406.17722598529116,409.388671875,70142700
2023-10-06,406.9487069673823,415.78263268562836,405.627480956343,414.2492370605469,113273300
2023-10-09,412.3590123769111,417.47036086082164,411.80932558041656,416.9013671875,80374400
2023-10-10,417.5282094394434,421.6558488736504,417.1328010827686,419.0712585449219,78607300
2023-10-11,420.13214698196236,421.0386578835823,417.7596966141307,420.7879333496094,62451700
2023-10-12,421.39548619007036,421.7715876841516,415.8791053042313,418.22259521484375,81154200
2023-10-13,419.7174193113071,420.9132978989336,414.5771691952751,416.1394958496094,95143100
2023-10-16,418.3769095461698,421.578731455087,418.135809030701,420.51788330078125,75433200
2023-10-17,417.40284337508905,422.54312271495667,417.0556727686725,420.4985656738281,75324700
2023-10-18,418.7337471858001,419.6884958400442,413.8152906244154,414.8954162597656,93559800
2023-10-19,415.60905485320427,417.41248188933355,410.57487522165394,411.24993896484375,121323000
2023-10-20,410.8159967559263,411.3560595506144,406.09040315558224,406.1965026855469,123919900
2023-10-23,404.6727145608842,409.3404462034215,402.9271492717955,405.4924621582031,92035100
2023-10-24,407.60452747929617,409.69729291312706,405.7625160007192,408.5496520996094,78564200
2023-10-25,406.87162732034284,406.9005582068923,402.17496424155433,402.68609619140625,94223200
2023-10-26,401.62526644318154,402.4739155692253,396.9479103704744,397.86407470703125,115156800
2023-10-27,399.4456375835296,399.84104590641886,394.64290537878924,396.0605773925781,107367700
2023-10-30,398.8381024524088,401.84703208667196,397.5458072598068,400.79583740234375,86562700
2023-10-31,401.3648163745919,403.6311669556289,399.4649432617073,403.31292724609375,79665200
2023-11-01,404.27731320299,408.4242298564383,403.7468744665271,407.6141357421875,98068100
2023-11-02,411.3946495135024,415.58018067597357,411.375372066054,415.4258728027344,94938900
2023-11-03,417.72110052299064,420.75896096668146,417.59572355276106,419.2159118652344,100167800
2023-11-06,419.96815874248256,420.62394506807493,418.24187084518337,420.1803283691406,67831700
2023-11-07,420.1802801725134,422.01263795735434,419.04229295606825,421.3761291503906,64256100
2023-11-08,421.9741538465662,422.494939254338,419.38956311812836,421.6848449707031,61746000
2023-11-09,422.82275020857907,422.86133452826135,417.97180945877307,418.3961486816406,83174400
2023-11-10,420.45998395564305,425.23375607657056,418.386496162944,424.9251403808594,89462200
2023-11-13,423.5943543234561,425.61957523316283,422.81319095971963,424.5201721191406,52236100
2023-11-14,430.431891252709,434.0387451768695,430.2100682059501,432.756103515625,97176900
2023-11-15,434.0870186065259,435.31182811938703,432.82365419982955,433.6723327636719,77327600
2023-11-16,433.22870327091186,434.52099852551896,432.16785509736394,434.2027587890625,66665800
2023-11-17,434.2123895584984,435.3504063975986,433.2962252275612,434.7428283691406,83133200
2023-11-20,434.4920641115296,438.9283195268349,434.48241067282527,438.08929443359375,69936200
2023-11-21,437.0477288286672,437.9639225798321,435.8711571103787,437.134521484375,49244600
2023-11-22,438.7836191839142,440.1337760565273,437.7324245676935,438.8221740722656,59394900
2023-11-24,438.87043049439643,439.2851162959046,438.54253734218906,439.09222412109375,29737400
2023-11-27,438.46541503211625,439.275509275739,437.9156987639097,438.3014831542969,50506000
2023-11-28,437.9157258992695,440.0277690132792,437.3563855884956,438.7354736328125,62115000
2023-11-29,440.8763470143407,442.0047102493057,438.0313789111588,438.4267578125,63146000
2023-11-30,439.2658427946925,440.5002762034089,437.2020083442997,440.153076171875,79752700
2023-12-01,439.54548291042204,443.2873673280454,438.9572118254806,442.7569580078125,89183400
2023-12-04,439.38160552881834,442.77629034785133,438.16644945685704,440.43280029296875,72430900
2023-12-05,439.05371300809566,441.3007569694989,438.6775820590756,440.34600830078125,69793500
2023-12-06,442.4773501564048,442.5062810437914,438.13754046110813,438.571533203125,69124700
2023-12-07,440.64485967196657,442.56400996534296,440.04693522465584,441.9178771972656,66995400
2023-12-08,441.1753589138319,444.3482499376319,440.93425839840177,443.8178405761719,83194400
2023-12-11,443.32598493677364,445.7177126387657,443.11381530650647,445.5440979003906,65002200
2023-12-12,445.1969053461678,447.67542557959507,444.20357245141867,447.5789794921875,68327600
2023-12-13,447.95509399152206,454.0019136162734,447.59826994583597,453.75115966796875,93278000
2023-12-14,455.6799450229731,456.86617007826965,452.545638522815,455.2073974609375,119026000
2023-12-15,454.6128802736885,455.784559299069,452.61815952788186,454.45794677734375,141553700
2023-12-18,456.0556626634462,457.9922869448393,455.00020597615196,457.0142822265625,70375300
2023-12-19,457.5565362720974,459.8708164807692,457.4790843028072,459.7933349609375,55761800
2023-12-20,458.9411749679152,460.81970272542947,452.9957542950649,453.42181396484375,102921000
2023-12-21,456.3945788621247,457.99231764179564,453.98349092636033,457.72119140625,86667500
2023-12-22,458.84435899601766,460.3162123050925,456.7528308577729,458.6410217285156,67160400
2023-12-26,459.0477470448917,461.4781904417408,458.97026552475677,460.5776672363281,55387000
2023-12-27,460.37426892004174,461.5556107658659,459.8417091295261,461.4103698730469,68000300
2023-12-28,461.76866793794215,462.4174204811319,461.16831917837936,461.5846862792969,77158100
2023-12-29,461.3910754366393,461.9139723041347,458.3021571230311,460.24847412109375,122283100
2024-01-02,457.19826599724024,458.66042679258095,455.58117171261154,457.6727294921875,123623700
2024-01-03,455.5230138961187,456.258940483322,453.33464883768056,453.93499755859375,103585900
2024-01-04,453.4604763931157,456.03618973770114,452.2500864502016,452.4728088378906,84232200
2024-01-05,452.67628515805893,455.53281812121463,451.6498765351486,453.0926818847656,86118900
2024-01-08,453.58641462800097,459.70615398593577,453.46052933115607,459.5609130859375,74879100
2024-01-09,456.917483028303,459.8805160607343,456.4139713115423,458.8638000488281,65931400
2024-01-10,459.1349189215174,462.3206743518726,458.8541001077607,461.4588623046875,67310600
2024-01-11,462.45612956579885,462.9693337493614,457.2950395518787,461.25543212890625,77940700
2024-01-12,462.6981966235915,463.4341231903629,460.1709165201319,461.574951171875,58026400
2024-01-16,460.1999916518418,461.5071892712775,458.0696933340662,459.88043212890625,85014900
2024-01-17,456.8690498182248,457.8083137942025,454.9808292885089,457.32415771484375,68843900
2024-01-18,458.98962663985805,461.9429667160371,457.4500139514087,461.3910217285156,91856200
2024-01-19,462.5143215974117,467.4236715984988,461.4395092276407,467.1428527832031,110834500
2024-01-22,468.6727761250073,469.8444255597238,467.4817415348223,468.1305236816406,75844900
2024-01-23,468.67274693324026,469.737866598163,467.5882421140563,469.49578857421875,49945300
2024-01-24,472.3523319806955,473.2819033399484,469.51518456670595,470.009033203125,81765000
2024-01-25,472.1296163726771,472.8364948673133,470.0090399898508,472.56536865234375,72525000
2024-01-26,472.1393464785506,473.62086297641906,471.1226304792355,471.9650573730469,76641600
2024-01-29,472.27489403038163,475.8479682163698,471.7326415921786,475.70269775390625,61322800
2024-01-30,475.0151877688741,476.0415962445669,474.5794354978266,475.3347473144531,58618400
2024-01-31,473.13665425188526,473.58206954437225,467.55916709172027,467.57855224609375,126011100
2024-02-01,469.2730794881658,473.7273208849261,468.4693639281419,473.6982727050781,91891600
2024-02-02,474.1340406811921,480.33123256171854,473.7951255169084,478.68511962890625,99228200
2024-02-05,478.0556601095021,478.71410519650345,474.6956161898589,476.94207763671875,75757100
2024-02-06,477.88139839933996,478.6560658444282,476.45797836644056,478.32684326171875,55918600
2024-02-07,480.5636415654776,482.73265130891053,479.66308881437243,482.3162841796875,70556500
2024-02-08,482.31629753326854,482.9069537723974,481.50291885696174,482.5293273925781,52343600
2024-02-09,483.0327614450865,485.75371583997446,482.69384633012993,485.3179931640625,63979400
2024-02-12,485.28896212192205,487.5451161916344,484.3884094588291,485.10498046875,56502300
2024-02-13,478.8594583897525,481.33833539906084,475.1701910614246,478.4237060546875,113099200
2024-02-14,481.0477983876243,483.25554889436194,478.73351817874396,482.7713928222656,68387800
2024-02-15,483.4685762738627,486.28636814510776,482.9940832312684,486.1023864746094,61683000
2024-02-16,485.8021241197188,486.935032569207,482.9455920059355,483.6815185546875,75532900
2024-02-20,481.9483091532552,482.6164468795506,478.78193916164605,481.01873779296875,71736700
2024-02-21,479.7212103303219,481.6094012609107,477.92013439516916,481.4544677734375,59293400
2024-02-22,488.0389961871901,492.3770155291545,487.0803471035888,491.41839599609375,76402500
2024-02-23,493.1323109036816,493.9650747069926,491.03109011668937,491.75732421875,61321800
2024-02-26,492.1930057584985,492.62875800348365,489.83032198014877,489.9562072753906,50386700
2024-02-27,490.64373169951057,491.089146972122,488.755511365846,490.8664245605469,48854500
2024-02-28,489.3170987326298,490.7986149371762,488.95882801429093,490.2176513671875,56506600
2024-02-29,491.9703174424767,493.5873820410347,489.33650744640795,491.97998046875,83924800
2024-03-01,492.85151281479995,497.02490613181874,492.4448087227075,496.5988464355469,76844800
2024-03-04,495.80488009764395,497.90610083671146,495.7758023657051,496.0662841796875,49799300
2024-03-05,494.0715531499916,494.5169979894073,488.9104626936786,491.1085205078125,72855600
2024-03-06,494.3717142498123,495.84356750478094,492.3092343684573,493.5970764160156,68382400
2024-03-07,496.8797004283906,499.54255878511856,493.65520448812254,498.49676513671875,58652100
2024-03-08,499.12617653924883,501.7986682913954,494.9333685962926,495.5046691894531,86532500
2024-03-11,494.3039754152461,495.6596064560232,492.38670680365675,495.07861328125,62557200
2024-03-12,497.17986205272086,500.98532153263085,494.6719076966977,500.40435791015625,73114400
2024-03-13,500.72385457506516,500.89814366049285,498.18688160759467,499.6199645996094,55104100
2024-03-14,500.58836637016196,500.7433294301327,495.60159363516823,498.6324157714844,110171800
2024-03-15,495.5775416790132,497.02482972446626,493.5474849090623,495.20843505859375,107646300
2024-03-18,499.2588090158661,500.6963445921207,497.7435511886848,498.1514892578125,88893300
2024-03-19,497.4619309272195,501.2014919888328,496.46144212802193,500.9198303222656,60755300
2024-03-20,500.9780657234889,505.688947116047,500.30785211015336,505.5529479980469,69594600
2024-03-21,508.3794455319283,509.0787678281318,506.94185089301357,507.22357177734375,60256100
2024-03-22,507.1362685930967,507.6219289738799,506.02894869657956,506.2621154785156,79070800
2024-03-25,504.8925121146531,506.0095546868827,504.7079588014511,504.8634033203125,48512100
2024-03-26,506.28142646248074,506.62142424941175,503.5326318000847,503.93084716796875,65463700
2024-03-27,506.7476813791001,508.2046622498039,504.5913188624126,508.165771484375,82999800
2024-03-28,508.2047247122474,509.5645381212143,507.78706392547616,508.0687255859375,96294900
2024-04-01,508.80690155295423,509.3411160418204,506.02887949837907,507.18475341796875,62477500
2024-04-02,503.3772549881494,504.0960228561583,501.6677209860127,503.9600830078125,74230300
2024-04-03,502.8721374777498,506.00954373427334,502.8235832984241,504.513671875,59155800
2024-04-04,508.50587432277524,508.8458128822942,498.05445323196415,498.3555603027344,96858100
2024-04-05,499.70568326072845,505.51416224528475,499.26857707601863,503.5617980957031,74546500
2024-04-08,504.26113435269997,505.2615637846118,503.0372608598177,503.8434143066406,48401800
2024-04-09,505.57232907435696,505.81515920359533,499.5986841812124,504.4261779785156,68049200
2024-04-10,498.7537372482173,501.35686962666665,497.40364652298035,499.3753967285156,82652800
2024-04-11,500.8906633299254,504.5816702204379,497.3939324409582,503.1441345214844,70099000
2024-04-12,499.61822644383983,501.0266533234711,494.47993161292834,496.1991882324219,92561100
2024-04-15,500.3564559239092,500.5215638494566,489.13768362770764,489.9827575683594,92101400
2024-04-16,490.4587076764823,491.97396569301293,487.80699132637494,489.0891418457031,73484000
2024-04-17,491.5368749518904,491.7020125291738,484.80562897726037,486.1946105957031,75910300
2024-04-18,487.5835006586738,489.67183391398186,484.26157133300626,485.19403076171875,74548100
2024-04-19,485.11641894359934,486.10715539894034,479.6964327690104,480.95916748046875,102212600
2024-04-22,483.55258680560587,487.972113920127,481.2214229780645,485.3883972167969,67961000
2024-04-23,487.3893089914972,491.5756989172583,485.2038373746558,491.1483154296875,64633600
2024-04-24,492.0322045112339,492.81897189579723,488.7005816711836,490.9151916503906,55928100
2024-04-25,484.8638724968989,489.8078914311426,483.222338099903,489.0502624511719,69122400
2024-04-26,491.8282151706386,495.25697586630093,491.19686267902955,493.6834411621094,64306100
2024-04-29,495.4609926845512,496.1020679300017,492.70244534017297,495.4318542480469,46415400
2024-04-30,493.97486496700367,494.9461856908876,487.5835876464844,487.5835876464844,77483600
2024-05-01,487.0007337039303,493.6154247072787,485.5340300927016,486.0002746582031,80242800
2024-05-02,489.69131460230034,491.3814327412964,485.22323354848663,490.54608154296875,62550200
2024-05-03,496.5002799659129,497.8504002906167,493.97484028154764,496.6265563964844,72756700
2024-05-06,499.01593484030155,501.79389739765344,498.5788287338661,501.75506591796875,47264700
2024-05-07,502.71671493011996,503.69775827546636,501.6385632333307,502.30877685546875,52561300
2024-05-08,500.4826885782833,502.89154482386346,500.36613484283316,502.3573303222656,42047200
2024-05-09,502.54186786336425,505.2907218217569,501.8910996467172,505.2518310546875,43643700
2024-05-10,506.8448320283961,507.6510447771952,504.6885286164305,505.9026794433594,52233200
2024-05-13,507.57343680886925,507.68026787736284,504.8343048124148,505.9707336425781,36716400
2024-05-14,506.16494992736375,508.80697323781544,505.63073536323316,508.2921447753906,57535900
2024-05-15,510.7496357077859,514.8777491307729,510.11825347038337,514.5863647460938,59504900
2024-05-16,514.683461995483,516.2764423102767,513.3818660590745,513.527587890625,50244800
2024-05-17,513.6440266439718,514.3336855890079,512.1967684847502,514.2656860351562,59187600
